sample_id,start,goal,workspace,obstacles,rrt_waypoints,llm_waypoints,rrt_verified_waypoints,llm_verified_waypoints,rrt_verification_metrics,llm_verification_metrics,rrt_trajectory,llm_trajectory,s_u,s_x,q_u,q_x,delta_u,delta_x,accepted,llama_model_name,vllm_base_url,prompt
0,"{""x"":3.31,""y"":2.22,""z"":-0.25}","{""x"":2.64,""y"":1.08,""z"":-0.25}","{""x"":[0.0,4.0],""y"":[0.0,4.0],""z"":-0.25}","[{""id"":1,""label"":""box_1"",""shape"":""box"",""min_corner"":[1.68,2.62,-0.75],""max_corner"":[2.07,3.32,0.25],""size"":[0.38,0.7,1.0]},{""id"":2,""label"":""box_2"",""shape"":""box"",""min_corner"":[1.2,0.92,-0.75],""max_corner"":[1.88,1.47,0.25],""size"":[0.68,0.55,1.0]},{""id"":3,""label"":""box_3"",""shape"":""box"",""min_corner"":[2.03,2.43,-0.75],""max_corner"":[2.34,2.89,0.25],""size"":[0.31,0.46,1.0]}]","[{""x"":3.31,""y"":2.22,""z"":-0.25},{""x"":2.64,""y"":1.08,""z"":-0.25}]","[{""x"":3.31,""y"":2.22,""z"":-0.25},{""x"":2.64,""y"":1.08,""z"":-0.25}]","[{""x"":3.31,""y"":2.22,""z"":-0.25},{""x"":2.975,""y"":1.6500000000000001,""z"":-0.25},{""x"":2.64,""y"":1.08,""z"":-0.25}]","[{""x"":3.31,""y"":2.22,""z"":-0.25},{""x"":2.975,""y"":1.6500000000000001,""z"":-0.25},{""x"":2.64,""y"":1.08,""z"":-0.25}]","{""collision_free"":true,""min_clearance_m"":0.76,""goal_clearance_m"":0.76,""max_segment_speed"":0.331,""max_segment_accel"":0.0,""monotonic_goal_progress"":true,""smoothness_score"":1.0,""passed"":true,""goal_match"":true,""in_workspace"":true,""nominal_dt_s"":2.0,""failed_constraints"":[],""thresholds"":{""min_clearance_m"":0.4,""max_segment_speed"":1.5,""max_segment_accel"":1.5,""goal_tolerance_m"":0.05,""progress_tolerance_m"":0.001},""feedback_table"":""| Metric | Value | Required | Status |\n|---|---:|---:|---|\n| in_workspace | True | true | PASS |\n| goal_clearance | 0.760 | >= 0.400 | PASS |\n| collision_free | True | true | PASS |\n| min_clearance_m | 0.760 | >= 0.400 | PASS |\n| goal_match | True | true | PASS |\n| monotonic_goal_progress | True | true | PASS |\n| max_segment_speed | 0.331 | <= 1.500 | PASS |\n| max_segment_accel | 0.000 | <= 1.500 | PASS |""}","{""collision_free"":true,""min_clearance_m"":0.76,""goal_clearance_m"":0.76,""max_segment_speed"":0.331,""max_segment_accel"":0.0,""monotonic_goal_progress"":true,""smoothness_score"":1.0,""passed"":true,""goal_match"":true,""in_workspace"":true,""nominal_dt_s"":2.0,""failed_constraints"":[],""thresholds"":{""min_clearance_m"":0.4,""max_segment_speed"":1.5,""max_segment_accel"":1.5,""goal_tolerance_m"":0.05,""progress_tolerance_m"":0.001},""feedback_table"":""| Metric | Value | Required | Status |\n|---|---:|---:|---|\n| in_workspace | True | true | PASS |\n| goal_clearance | 0.760 | >= 0.400 | PASS |\n| collision_free | True | true | PASS |\n| min_clearance_m | 0.760 | >= 0.400 | PASS |\n| goal_match | True | true | PASS |\n| monotonic_goal_progress | True | true | PASS |\n| max_segment_speed | 0.331 | <= 1.500 | PASS |\n| max_segment_accel | 0.000 | <= 1.500 | PASS |""}","{""waypoints"":[{""x"":3.31,""y"":2.22,""z"":-0.25},{""x"":2.975,""y"":1.6500000000000001,""z"":-0.25},{""x"":2.64,""y"":1.08,""z"":-0.25}],""durations"":[1.3223085872821065,1.3223085872821065],""samples"":[{""t"":0.0,""x"":[3.31,2.22,-0.0,-0.0],""u"":[-0.0,-0.0]},{""t"":0.1,""x"":[3.309747,2.21957,-0.007555,-0.012855],""u"":[-0.143995,-0.245006]},{""t"":0.2,""x"":[3.308004,2.216603,-0.029634,-0.050423],""u"":[-0.292168,-0.497121]},{""t"":0.3,""x"":[3.303389,2.208752,-0.064634,-0.109974],""u"":[-0.434834,-0.739867]},{""t"":0.4,""x"":[3.294725,2.194009,-0.110188,-0.187483],""u"":[-0.56383,-0.959353]},{""t"":0.5,""x"":[3.281096,2.17082,-0.163408,-0.278038],""u"":[-0.672553,-1.144345]},{""t"":0.6,""x"":[3.261894,2.138147,-0.221106,-0.376209],""u"":[-0.755975,-1.286285]},{""t"":0.7,""x"":[3.236835,2.095511,-0.27998,-0.476384],""u"":[-0.810631,-1.379283]},{""t"":0.8,""x"":[3.205966,2.042988,-0.336797,-0.573058],""u"":[-0.834594,-1.420056]},{""t"":0.9,""x"":[3.169646,1.981188,-0.388538,-0.661095],""u"":[-0.827418,-1.407846]},{""t"":1.0,""x"":[3.128518,1.911209,-0.432528,-0.735942],""u"":[-0.790064,-1.344288]},{""t"":1.1,""x"":[3.083473,1.834566,-0.466538,-0.793811],""u"":[-0.724801,-1.233244]},{""t"":1.2,""x"":[3.0356,1.75311,-0.488876,-0.831819],""u"":[-0.635088,-1.080597]},{""t"":1.3,""x"":[2.986124,1.668928,-0.498441,-0.848094],""u"":[-0.525428,-0.894012]},{""t"":1.422309,""x"":[2.925344,1.565511,-0.492144,-0.837379],""u"":[-0.372112,-0.633147]},{""t"":1.522309,""x"":[2.877003,1.483259,-0.472582,-0.804094],""u"":[-0.238401,-0.405637]},{""t"":1.622309,""x"":[2.831227,1.405372,-0.441048,-0.75044],""u"":[-0.104277,-0.177427]},{""t"":1.722309,""x"":[2.789141,1.333762,-0.39911,-0.679083],""u"":[0.02342,0.03985]},{""t"":1.822309,""x"":[2.751682,1.270027,-0.348881,-0.593618],""u"":[0.137918,0.234667]},{""t"":1.922309,""x"":[2.719555,1.215363,-0.292944,-0.498443],""u"":[0.232787,0.396085]},{""t"":2.022309,""x"":[2.693186,1.170495,-0.234254,-0.398581],""u"":[0.302244,0.514267]},{""t"":2.122309,""x"":[2.67269,1.135622,-0.176008,-0.299476],""u"":[0.341487,0.581037]},{""t"":2.222309,""x"":[2.657859,1.110387,-0.121505,-0.206741],""u"":[0.347033,0.590474]},{""t"":2.322309,""x"":[2.648156,1.093877,-0.073977,-0.125871],""u"":[0.3171,0.539543]},{""t"":2.422309,""x"":[2.642732,1.084648,-0.036396,-0.061927],""u"":[0.251993,0.428764]},{""t"":2.522309,""x"":[2.640461,1.080785,-0.011264,-0.019166],""u"":[0.154525,0.262923]},{""t"":2.622309,""x"":[2.640003,1.080005,-0.000378,-0.000644],""u"":[0.030454,0.051817]},{""t"":2.644617,""x"":[2.64,1.08,-0.0,-0.0],""u"":[0.0,-0.0]}]}","{""waypoints"":[{""x"":3.31,""y"":2.22,""z"":-0.25},{""x"":2.975,""y"":1.6500000000000001,""z"":-0.25},{""x"":2.64,""y"":1.08,""z"":-0.25}],""durations"":[1.3223085872821065,1.3223085872821065],""samples"":[{""t"":0.0,""x"":[3.31,2.22,-0.0,-0.0],""u"":[-0.0,-0.0]},{""t"":0.1,""x"":[3.309747,2.21957,-0.007555,-0.012855],""u"":[-0.143995,-0.245006]},{""t"":0.2,""x"":[3.308004,2.216603,-0.029634,-0.050423],""u"":[-0.292168,-0.497121]},{""t"":0.3,""x"":[3.303389,2.208752,-0.064634,-0.109974],""u"":[-0.434834,-0.739867]},{""t"":0.4,""x"":[3.294725,2.194009,-0.110188,-0.187483],""u"":[-0.56383,-0.959353]},{""t"":0.5,""x"":[3.281096,2.17082,-0.163408,-0.278038],""u"":[-0.672553,-1.144345]},{""t"":0.6,""x"":[3.261894,2.138147,-0.221106,-0.376209],""u"":[-0.755975,-1.286285]},{""t"":0.7,""x"":[3.236835,2.095511,-0.27998,-0.476384],""u"":[-0.810631,-1.379283]},{""t"":0.8,""x"":[3.205966,2.042988,-0.336797,-0.573058],""u"":[-0.834594,-1.420056]},{""t"":0.9,""x"":[3.169646,1.981188,-0.388538,-0.661095],""u"":[-0.827418,-1.407846]},{""t"":1.0,""x"":[3.128518,1.911209,-0.432528,-0.735942],""u"":[-0.790064,-1.344288]},{""t"":1.1,""x"":[3.083473,1.834566,-0.466538,-0.793811],""u"":[-0.724801,-1.233244]},{""t"":1.2,""x"":[3.0356,1.75311,-0.488876,-0.831819],""u"":[-0.635088,-1.080597]},{""t"":1.3,""x"":[2.986124,1.668928,-0.498441,-0.848094],""u"":[-0.525428,-0.894012]},{""t"":1.422309,""x"":[2.925344,1.565511,-0.492144,-0.837379],""u"":[-0.372112,-0.633147]},{""t"":1.522309,""x"":[2.877003,1.483259,-0.472582,-0.804094],""u"":[-0.238401,-0.405637]},{""t"":1.622309,""x"":[2.831227,1.405372,-0.441048,-0.75044],""u"":[-0.104277,-0.177427]},{""t"":1.722309,""x"":[2.789141,1.333762,-0.39911,-0.679083],""u"":[0.02342,0.03985]},{""t"":1.822309,""x"":[2.751682,1.270027,-0.348881,-0.593618],""u"":[0.137918,0.234667]},{""t"":1.922309,""x"":[2.719555,1.215363,-0.292944,-0.498443],""u"":[0.232787,0.396085]},{""t"":2.022309,""x"":[2.693186,1.170495,-0.234254,-0.398581],""u"":[0.302244,0.514267]},{""t"":2.122309,""x"":[2.67269,1.135622,-0.176008,-0.299476],""u"":[0.341487,0.581037]},{""t"":2.222309,""x"":[2.657859,1.110387,-0.121505,-0.206741],""u"":[0.347033,0.590474]},{""t"":2.322309,""x"":[2.648156,1.093877,-0.073977,-0.125871],""u"":[0.3171,0.539543]},{""t"":2.422309,""x"":[2.642732,1.084648,-0.036396,-0.061927],""u"":[0.251993,0.428764]},{""t"":2.522309,""x"":[2.640461,1.080785,-0.011264,-0.019166],""u"":[0.154525,0.262923]},{""t"":2.622309,""x"":[2.640003,1.080005,-0.000378,-0.000644],""u"":[0.030454,0.051817]},{""t"":2.644617,""x"":[2.64,1.08,-0.0,-0.0],""u"":[0.0,-0.0]}]}",0.0,0.0,1.917664,1.663389,0.05,0.05,True,rrt_planner,http://172.22.224.93:8000/v1,"You are an expert UAV pilot/planner. Generate sparse collision-free 2D routing waypoints for a quadrotor in NED frame assuming it is airborne at the provided start location. A separate module will interpolate them and generate dynamically feasible trajectories, so output only high-level waypoints.
Mission state: the UAV has already taken off and is holding hover at the start position. Use this hover position as the first waypoint/reference for planning. Workspace: x=[0.00,4.00]m, y=[0.00,4.00]m, z=-0.25 fixed. Start: (3.31,2.22,-0.25), Goal: (2.64,1.08,-0.25), distance≈1.32m. Obstacles with x-y spans: 1 obstacle: x=[1.68,2.07], y=[2.62,3.32]. 2 obstacle: x=[1.20,1.88], y=[0.92,1.47]. 3 obstacle: x=[2.03,2.34], y=[2.43,2.89].
Constraints:
- all waypoints in NED frame, z must stay -0.25
- final waypoint must be goal coordinates
- maintain >=0.40m clearance from obstacle x-y boxes
- stay within workspace
- no waypoint should be within obstacle boxes, walls, or near corners
- prefer sparse, smooth, monotonic progress through open space
- return only the structured output requested by the response model"
1,"{""x"":1.62,""y"":1.41,""z"":-0.25}","{""x"":0.86,""y"":3.31,""z"":-0.25}","{""x"":[0.0,4.0],""y"":[0.0,4.0],""z"":-0.25}","[{""id"":1,""label"":""box_1"",""shape"":""box"",""min_corner"":[1.99,2.58,-0.75],""max_corner"":[2.6,3.08,0.25],""size"":[0.61,0.49,1.0]},{""id"":2,""label"":""box_2"",""shape"":""box"",""min_corner"":[3.61,2.8,-0.75],""max_corner"":[3.91,3.13,0.25],""size"":[0.29,0.33,1.0]},{""id"":3,""label"":""box_3"",""shape"":""box"",""min_corner"":[1.77,3.28,-0.75],""max_corner"":[2.2,3.76,0.25],""size"":[0.42,0.48,1.0]}]","[{""x"":1.62,""y"":1.41,""z"":-0.25},{""x"":0.86,""y"":3.31,""z"":-0.25}]","[{""x"":1.62,""y"":1.41,""z"":-0.25},{""x"":0.86,""y"":3.31,""z"":-0.25}]","[{""x"":1.62,""y"":1.41,""z"":-0.25},{""x"":1.3666666666666667,""y"":2.043333333333333,""z"":-0.25},{""x"":1.1133333333333333,""y"":2.6766666666666667,""z"":-0.25},{""x"":0.86,""y"":3.31,""z"":-0.25}]","[{""x"":1.62,""y"":1.41,""z"":-0.25},{""x"":1.3666666666666667,""y"":2.043333333333333,""z"":-0.25},{""x"":1.1133333333333333,""y"":2.6766666666666667,""z"":-0.25},{""x"":0.86,""y"":3.31,""z"":-0.25}]","{""collision_free"":true,""min_clearance_m"":0.823,""goal_clearance_m"":0.91,""max_segment_speed"":0.341,""max_segment_accel"":0.0,""monotonic_goal_progress"":true,""smoothness_score"":1.0,""passed"":true,""goal_match"":true,""in_workspace"":true,""nominal_dt_s"":2.0,""failed_constraints"":[],""thresholds"":{""min_clearance_m"":0.4,""max_segment_speed"":1.5,""max_segment_accel"":1.5,""goal_tolerance_m"":0.05,""progress_tolerance_m"":0.001},""feedback_table"":""| Metric | Value | Required | Status |\n|---|---:|---:|---|\n| in_workspace | True | true | PASS |\n| goal_clearance | 0.910 | >= 0.400 | PASS |\n| collision_free | True | true | PASS |\n| min_clearance_m | 0.823 | >= 0.400 | PASS |\n| goal_match | True | true | PASS |\n| monotonic_goal_progress | True | true | PASS |\n| max_segment_speed | 0.341 | <= 1.500 | PASS |\n| max_segment_accel | 0.000 | <= 1.500 | PASS |""}","{""collision_free"":true,""min_clearance_m"":0.823,""goal_clearance_m"":0.91,""max_segment_speed"":0.341,""max_segment_accel"":0.0,""monotonic_goal_progress"":true,""smoothness_score"":1.0,""passed"":true,""goal_match"":true,""in_workspace"":true,""nominal_dt_s"":2.0,""failed_constraints"":[],""thresholds"":{""min_clearance_m"":0.4,""max_segment_speed"":1.5,""max_segment_accel"":1.5,""goal_tolerance_m"":0.05,""progress_tolerance_m"":0.001},""feedback_table"":""| Metric | Value | Required | Status |\n|---|---:|---:|---|\n| in_workspace | True | true | PASS |\n| goal_clearance | 0.910 | >= 0.400 | PASS |\n| collision_free | True | true | PASS |\n| min_clearance_m | 0.823 | >= 0.400 | PASS |\n| goal_match | True | true | PASS |\n| monotonic_goal_progress | True | true | PASS |\n| max_segment_speed | 0.341 | <= 1.500 | PASS |\n| max_segment_accel | 0.000 | <= 1.500 | PASS |""}","{""waypoints"":[{""x"":1.62,""y"":1.41,""z"":-0.25},{""x"":1.3666666666666667,""y"":2.043333333333333,""z"":-0.25},{""x"":1.1133333333333333,""y"":2.6766666666666667,""z"":-0.25},{""x"":0.86,""y"":3.31,""z"":-0.25}],""durations"":[1.3642417511407405,1.3642417511407419,1.364241751140741],""samples"":[{""t"":0.0,""x"":[1.62,1.41,-0.0,0.0],""u"":[-0.0,0.0]},{""t"":0.1,""x"":[1.619782,1.410546,-0.006526,0.016315],""u"":[-0.124128,0.310319]},{""t"":0.2,""x"":[1.618281,1.414299,-0.025442,0.063605],""u"":[-0.249012,0.622531]},{""t"":0.3,""x"":[1.614339,1.424153,-0.054963,0.137407],""u"":[-0.364184,0.91046]},{""t"":0.4,""x"":[1.60702,1.44245,-0.09251,0.231276],""u"":[-0.461277,1.153193]},{""t"":0.5,""x"":[1.595671,1.470821,-0.135013,0.337532],""u"":[-0.533978,1.334945]},{""t"":0.6,""x"":[1.579962,1.510094,-0.179166,0.447915],""u"":[-0.577933,1.444832]},{""t"":0.7,""x"":[1.559894,1.560265,-0.221654,0.554135],""u"":[-0.590619,1.476547]},{""t"":0.8,""x"":[1.535792,1.62052,-0.259335,0.648337],""u"":[-0.571174,1.427936]},{""t"":0.9,""x"":[1.508282,1.689295,-0.289381,0.723454],""u"":[-0.520192,1.30048]},{""t"":1.0,""x"":[1.478251,1.764373,-0.30939,0.773476],""u"":[-0.439472,1.09868]},{""t"":1.1,""x"":[1.446803,1.842993,-0.317447,0.793618],""u"":[-0.331738,0.829346]},{""t"":1.2,""x"":[1.415207,1.921982,-0.312155,0.780389],""u"":[-0.200314,0.500784]},{""t"":1.3,""x"":[1.384847,1.997883,-0.292627,0.731566],""u"":[-0.048758,0.121896]},{""t"":1.464242,""x"":[1.341173,2.107068,-0.238262,0.595655],""u"":[0.051401,-0.128501]},{""t"":1.564242,""x"":[1.318863,2.162842,-0.208705,0.521762],""u"":[0.038569,-0.096422]},{""t"":1.664242,""x"":[1.299271,2.211823,-0.183981,0.459952],""u"":[0.017682,-0.044205]},{""t"":1.764242,""x"":[1.281893,2.255266,-0.164469,0.411172],""u"":[-0.011939,0.029846]},{""t"":1.864242,""x"":[1.266191,2.294523,-0.15054,0.376351],""u"":[-0.050293,0.125732]},{""t"":1.964242,""x"":[1.251589,2.331028,-0.142498,0.356246],""u"":[-0.096814,0.242036]},{""t"":2.064242,""x"":[1.237489,2.366278,-0.14053,0.351325],""u"":[-0.150502,0.376256]},{""t"":2.164242,""x"":[1.223279,2.401803,-0.144683,0.361708],""u"":[-0.21007,0.525176]},{""t"":2.264242,""x"":[1.208351,2.439122,-0.154859,0.387146],""u"":[-0.274117,0.685293]},{""t"":2.364242,""x"":[1.192114,2.479715,-0.170823,0.427058],""u"":[-0.341316,0.85329]},{""t"":2.464242,""x"":[1.174005,2.524989,-0.192243,0.480609],""u"":[-0.410621,1.026552]},{""t"":2.564242,""x"":[1.153496,2.57626,-0.218737,0.546842],""u"":[-0.481498,1.203745]},{""t"":2.664242,""x"":[1.1301,2.63475,-0.249943,0.624857],""u"":[-0.55417,1.385426]},{""t"":2.828484,""x"":[1.084529,2.748678,-0.301281,0.753203],""u"":[-0.49752,1.2438]},{""t"":2.928484,""x"":[1.053563,2.826093,-0.315647,0.789118],""u"":[-0.381488,0.953719]},{""t"":3.028484,""x"":[1.021866,2.905335,-0.316038,0.790095],""u"":[-0.258911,0.647277]},{""t"":3.128484,""x"":[0.990786,2.983034,-0.30352,0.758799],""u"":[-0.135443,0.338607]},{""t"":3.228484,""x"":[0.96154,3.05615,-0.279675,0.699188],""u"":[-0.017396,0.04349]},{""t"":3.328484,""x"":[0.935159,3.122101,-0.246599,0.616497],""u"":[0.088611,-0.221528]},{""t"":3.428484,""x"":[0.912443,3.178893,-0.206855,0.517139],""u"":[0.176051,-0.440127]},{""t"":3.528484,""x"":[0.893912,3.225219,-0.163398,0.408496],""u"":[0.238916,-0.597291]},{""t"":3.628484,""x"":[0.87978,3.260551,-0.119451,0.298627],""u"":[0.272196,-0.680489]},{""t"":3.728484,""x"":[0.869927,3.285182,-0.078348,0.195869],""u"":[0.272379,-0.680948]},{""t"":3.828484,""x"":[0.863907,3.300233,-0.043337,0.108343],""u"":[0.238012,-0.59503]},{""t"":3.928484,""x"":[0.860959,3.307603,-0.017347,0.043367],""u"":[0.170279,-0.425697]},{""t"":4.028484,""x"":[0.860058,3.309855,-0.002707,0.006768],""u"":[0.073631,-0.184077]},{""t"":4.092725,""x"":[0.86,3.31,0.0,-0.0],""u"":[0.0,0.0]}]}","{""waypoints"":[{""x"":1.62,""y"":1.41,""z"":-0.25},{""x"":1.3666666666666667,""y"":2.043333333333333,""z"":-0.25},{""x"":1.1133333333333333,""y"":2.6766666666666667,""z"":-0.25},{""x"":0.86,""y"":3.31,""z"":-0.25}],""durations"":[1.3642417511407405,1.3642417511407419,1.364241751140741],""samples"":[{""t"":0.0,""x"":[1.62,1.41,-0.0,0.0],""u"":[-0.0,0.0]},{""t"":0.1,""x"":[1.619782,1.410546,-0.006526,0.016315],""u"":[-0.124128,0.310319]},{""t"":0.2,""x"":[1.618281,1.414299,-0.025442,0.063605],""u"":[-0.249012,0.622531]},{""t"":0.3,""x"":[1.614339,1.424153,-0.054963,0.137407],""u"":[-0.364184,0.91046]},{""t"":0.4,""x"":[1.60702,1.44245,-0.09251,0.231276],""u"":[-0.461277,1.153193]},{""t"":0.5,""x"":[1.595671,1.470821,-0.135013,0.337532],""u"":[-0.533978,1.334945]},{""t"":0.6,""x"":[1.579962,1.510094,-0.179166,0.447915],""u"":[-0.577933,1.444832]},{""t"":0.7,""x"":[1.559894,1.560265,-0.221654,0.554135],""u"":[-0.590619,1.476547]},{""t"":0.8,""x"":[1.535792,1.62052,-0.259335,0.648337],""u"":[-0.571174,1.427936]},{""t"":0.9,""x"":[1.508282,1.689295,-0.289381,0.723454],""u"":[-0.520192,1.30048]},{""t"":1.0,""x"":[1.478251,1.764373,-0.30939,0.773476],""u"":[-0.439472,1.09868]},{""t"":1.1,""x"":[1.446803,1.842993,-0.317447,0.793618],""u"":[-0.331738,0.829346]},{""t"":1.2,""x"":[1.415207,1.921982,-0.312155,0.780389],""u"":[-0.200314,0.500784]},{""t"":1.3,""x"":[1.384847,1.997883,-0.292627,0.731566],""u"":[-0.048758,0.121896]},{""t"":1.464242,""x"":[1.341173,2.107068,-0.238262,0.595655],""u"":[0.051401,-0.128501]},{""t"":1.564242,""x"":[1.318863,2.162842,-0.208705,0.521762],""u"":[0.038569,-0.096422]},{""t"":1.664242,""x"":[1.299271,2.211823,-0.183981,0.459952],""u"":[0.017682,-0.044205]},{""t"":1.764242,""x"":[1.281893,2.255266,-0.164469,0.411172],""u"":[-0.011939,0.029846]},{""t"":1.864242,""x"":[1.266191,2.294523,-0.15054,0.376351],""u"":[-0.050293,0.125732]},{""t"":1.964242,""x"":[1.251589,2.331028,-0.142498,0.356246],""u"":[-0.096814,0.242036]},{""t"":2.064242,""x"":[1.237489,2.366278,-0.14053,0.351325],""u"":[-0.150502,0.376256]},{""t"":2.164242,""x"":[1.223279,2.401803,-0.144683,0.361708],""u"":[-0.21007,0.525176]},{""t"":2.264242,""x"":[1.208351,2.439122,-0.154859,0.387146],""u"":[-0.274117,0.685293]},{""t"":2.364242,""x"":[1.192114,2.479715,-0.170823,0.427058],""u"":[-0.341316,0.85329]},{""t"":2.464242,""x"":[1.174005,2.524989,-0.192243,0.480609],""u"":[-0.410621,1.026552]},{""t"":2.564242,""x"":[1.153496,2.57626,-0.218737,0.546842],""u"":[-0.481498,1.203745]},{""t"":2.664242,""x"":[1.1301,2.63475,-0.249943,0.624857],""u"":[-0.55417,1.385426]},{""t"":2.828484,""x"":[1.084529,2.748678,-0.301281,0.753203],""u"":[-0.49752,1.2438]},{""t"":2.928484,""x"":[1.053563,2.826093,-0.315647,0.789118],""u"":[-0.381488,0.953719]},{""t"":3.028484,""x"":[1.021866,2.905335,-0.316038,0.790095],""u"":[-0.258911,0.647277]},{""t"":3.128484,""x"":[0.990786,2.983034,-0.30352,0.758799],""u"":[-0.135443,0.338607]},{""t"":3.228484,""x"":[0.96154,3.05615,-0.279675,0.699188],""u"":[-0.017396,0.04349]},{""t"":3.328484,""x"":[0.935159,3.122101,-0.246599,0.616497],""u"":[0.088611,-0.221528]},{""t"":3.428484,""x"":[0.912443,3.178893,-0.206855,0.517139],""u"":[0.176051,-0.440127]},{""t"":3.528484,""x"":[0.893912,3.225219,-0.163398,0.408496],""u"":[0.238916,-0.597291]},{""t"":3.628484,""x"":[0.87978,3.260551,-0.119451,0.298627],""u"":[0.272196,-0.680489]},{""t"":3.728484,""x"":[0.869927,3.285182,-0.078348,0.195869],""u"":[0.272379,-0.680948]},{""t"":3.828484,""x"":[0.863907,3.300233,-0.043337,0.108343],""u"":[0.238012,-0.59503]},{""t"":3.928484,""x"":[0.860959,3.307603,-0.017347,0.043367],""u"":[0.170279,-0.425697]},{""t"":4.028484,""x"":[0.860058,3.309855,-0.002707,0.006768],""u"":[0.073631,-0.184077]},{""t"":4.092725,""x"":[0.86,3.31,0.0,-0.0],""u"":[0.0,0.0]}]}",0.0,0.0,1.917664,1.663389,0.05,0.05,True,rrt_planner,http://172.22.224.93:8000/v1,"You are an expert UAV pilot/planner. Generate sparse collision-free 2D routing waypoints for a quadrotor in NED frame assuming it is airborne at the provided start location. A separate module will interpolate them and generate dynamically feasible trajectories, so output only high-level waypoints.
Mission state: the UAV has already taken off and is holding hover at the start position. Use this hover position as the first waypoint/reference for planning. Workspace: x=[0.00,4.00]m, y=[0.00,4.00]m, z=-0.25 fixed. Start: (1.62,1.41,-0.25), Goal: (0.86,3.31,-0.25), distance≈2.05m. Obstacles with x-y spans: 1 obstacle: x=[1.99,2.60], y=[2.58,3.08]. 2 obstacle: x=[3.61,3.91], y=[2.80,3.13]. 3 obstacle: x=[1.77,2.20], y=[3.28,3.76].
Constraints:
- all waypoints in NED frame, z must stay -0.25
- final waypoint must be goal coordinates
- maintain >=0.40m clearance from obstacle x-y boxes
- stay within workspace
- no waypoint should be within obstacle boxes, walls, or near corners
- prefer sparse, smooth, monotonic progress through open space
- return only the structured output requested by the response model"
2,"{""x"":1.21,""y"":3.32,""z"":-0.25}","{""x"":0.91,""y"":0.96,""z"":-0.25}","{""x"":[0.0,4.0],""y"":[0.0,4.0],""z"":-0.25}","[{""id"":1,""label"":""box_1"",""shape"":""box"",""min_corner"":[2.12,1.14,-0.75],""max_corner"":[2.39,1.39,0.25],""size"":[0.27,0.25,1.0]},{""id"":2,""label"":""box_2"",""shape"":""box"",""min_corner"":[3.36,2.39,-0.75],""max_corner"":[3.95,3.14,0.25],""size"":[0.58,0.75,1.0]}]","[{""x"":1.21,""y"":3.32,""z"":-0.25},{""x"":0.91,""y"":0.96,""z"":-0.25}]","[{""x"":1.21,""y"":3.32,""z"":-0.25},{""x"":0.91,""y"":0.96,""z"":-0.25}]","[{""x"":1.21,""y"":3.32,""z"":-0.25},{""x"":1.1099999999999999,""y"":2.533333333333333,""z"":-0.25},{""x"":1.01,""y"":1.7466666666666666,""z"":-0.25},{""x"":0.91,""y"":0.96,""z"":-0.25}]","[{""x"":1.21,""y"":3.32,""z"":-0.25},{""x"":1.1099999999999999,""y"":2.533333333333333,""z"":-0.25},{""x"":1.01,""y"":1.7466666666666666,""z"":-0.25},{""x"":0.91,""y"":0.96,""z"":-0.25}]","{""collision_free"":true,""min_clearance_m"":1.166,""goal_clearance_m"":1.223,""max_segment_speed"":0.396,""max_segment_accel"":0.0,""monotonic_goal_progress"":true,""smoothness_score"":1.0,""passed"":true,""goal_match"":true,""in_workspace"":true,""nominal_dt_s"":2.0,""failed_constraints"":[],""thresholds"":{""min_clearance_m"":0.4,""max_segment_speed"":1.5,""max_segment_accel"":1.5,""goal_tolerance_m"":0.05,""progress_tolerance_m"":0.001},""feedback_table"":""| Metric | Value | Required | Status |\n|---|---:|---:|---|\n| in_workspace | True | true | PASS |\n| goal_clearance | 1.223 | >= 0.400 | PASS |\n| collision_free | True | true | PASS |\n| min_clearance_m | 1.166 | >= 0.400 | PASS |\n| goal_match | True | true | PASS |\n| monotonic_goal_progress | True | true | PASS |\n| max_segment_speed | 0.396 | <= 1.500 | PASS |\n| max_segment_accel | 0.000 | <= 1.500 | PASS |""}","{""collision_free"":true,""min_clearance_m"":1.166,""goal_clearance_m"":1.223,""max_segment_speed"":0.396,""max_segment_accel"":0.0,""monotonic_goal_progress"":true,""smoothness_score"":1.0,""passed"":true,""goal_match"":true,""in_workspace"":true,""nominal_dt_s"":2.0,""failed_constraints"":[],""thresholds"":{""min_clearance_m"":0.4,""max_segment_speed"":1.5,""max_segment_accel"":1.5,""goal_tolerance_m"":0.05,""progress_tolerance_m"":0.001},""feedback_table"":""| Metric | Value | Required | Status |\n|---|---:|---:|---|\n| in_workspace | True | true | PASS |\n| goal_clearance | 1.223 | >= 0.400 | PASS |\n| collision_free | True | true | PASS |\n| min_clearance_m | 1.166 | >= 0.400 | PASS |\n| goal_match | True | true | PASS |\n| monotonic_goal_progress | True | true | PASS |\n| max_segment_speed | 0.396 | <= 1.500 | PASS |\n| max_segment_accel | 0.000 | <= 1.500 | PASS |""}","{""waypoints"":[{""x"":1.21,""y"":3.32,""z"":-0.25},{""x"":1.1099999999999999,""y"":2.533333333333333,""z"":-0.25},{""x"":1.01,""y"":1.7466666666666666,""z"":-0.25},{""x"":0.91,""y"":0.96,""z"":-0.25}],""durations"":[1.585994255278933,1.585994255278933,1.585994255278933],""samples"":[{""t"":0.0,""x"":[1.21,3.32,-0.0,-0.0],""u"":[-0.0,-0.0]},{""t"":0.1,""x"":[1.209945,3.319568,-0.001643,-0.012927],""u"":[-0.031324,-0.246416]},{""t"":0.2,""x"":[1.209566,3.316584,-0.006448,-0.050724],""u"":[-0.063597,-0.500293]},{""t"":0.3,""x"":[1.208561,3.308683,-0.014071,-0.110689],""u"":[-0.094741,-0.745294]},{""t"":0.4,""x"":[1.206674,3.293839,-0.024004,-0.188833],""u"":[-0.122995,-0.967561]},{""t"":0.5,""x"":[1.203704,3.270473,-0.035627,-0.280268],""u"":[-0.146914,-1.155724]},{""t"":0.6,""x"":[1.199516,3.237523,-0.04825,-0.379565],""u"":[-0.165366,-1.300879]},{""t"":0.7,""x"":[1.194045,3.194486,-0.061151,-0.481058],""u"":[-0.177523,-1.396511]},{""t"":0.8,""x"":[1.1873,3.141426,-0.073617,-0.579117],""u"":[-0.182845,-1.438384]},{""t"":0.9,""x"":[1.179359,3.078957,-0.084962,-0.668369],""u"":[-0.181066,-1.424385]},{""t"":1.0,""x"":[1.170366,3.008211,-0.094562,-0.743887],""u"":[-0.17216,-1.354328]},{""t"":1.1,""x"":[1.160523,2.930783,-0.101864,-0.801328],""u"":[-0.15632,-1.229715]},{""t"":1.2,""x"":[1.150085,2.84867,-0.106403,-0.837035],""u"":[-0.133914,-1.053456]},{""t"":1.3,""x"":[1.139347,2.764198,-0.107809,-0.848097],""u"":[-0.105451,-0.829545]},{""t"":1.4,""x"":[1.128637,2.679945,-0.105809,-0.832362],""u"":[-0.071529,-0.562699]},{""t"":1.5,""x"":[1.118305,2.598667,-0.100222,-0.788417],""u"":[-0.03279,-0.257948]},{""t"":1.685994,""x"":[1.101264,2.46461,-0.082428,-0.648436],""u"":[0.003845,0.030249]},{""t"":1.785994,""x"":[1.093477,2.40335,-0.073511,-0.578286],""u"":[0.002258,0.017761]},{""t"":1.885994,""x"":[1.086522,2.348641,-0.065783,-0.517495],""u"":[-0.001171,-0.009208]},{""t"":1.985994,""x"":[1.080278,2.299518,-0.059324,-0.466682],""u"":[-0.006624,-0.052113]},{""t"":2.085994,""x"":[1.074612,2.25495,-0.054217,-0.426505],""u"":[-0.014175,-0.111506]},{""t"":2.185994,""x"":[1.069387,2.213843,-0.050538,-0.397567],""u"":[-0.023789,-0.187141]},{""t"":2.285994,""x"":[1.064455,2.175046,-0.048349,-0.380344],""u"":[-0.03535,-0.278083]},{""t"":2.385994,""x"":[1.059666,2.137373,-0.047687,-0.375136],""u"":[-0.048668,-0.382857]},{""t"":2.485994,""x"":[1.054866,2.099615,-0.048564,-0.382037],""u"":[-0.063508,-0.4996]},{""t"":2.585994,""x"":[1.049902,2.060566,-0.050965,-0.400923],""u"":[-0.079608,-0.626249]},{""t"":2.685994,""x"":[1.044624,2.019042,-0.054848,-0.431468],""u"":[-0.096704,-0.76074]},{""t"":2.785994,""x"":[1.038886,1.9739,-0.060149,-0.473173],""u"":[-0.114563,-0.901233]},{""t"":2.885994,""x"":[1.032549,1.924055,-0.066791,-0.525423],""u"":[-0.133011,-1.046352]},{""t"":2.985994,""x"":[1.025486,1.868486,-0.07469,-0.58756],""u"":[-0.151965,-1.195458]},{""t"":3.085994,""x"":[1.017572,1.806234,-0.083769,-0.658979],""u"":[-0.171474,-1.348925]},{""t"":3.271989,""x"":[1.000284,1.670235,-0.101225,-0.796305],""u"":[-0.163968,-1.289884]},{""t"":3.371989,""x"":[0.989877,1.588369,-0.106302,-0.83624],""u"":[-0.136018,-1.07001]},{""t"":3.471989,""x"":[0.979143,1.503923,-0.107812,-0.84812],""u"":[-0.105844,-0.832636]},{""t"":3.571989,""x"":[0.968428,1.419631,-0.105948,-0.83346],""u"":[-0.074467,-0.585807]},{""t"":3.671989,""x"":[0.958056,1.338041,-0.100998,-0.794516],""u"":[-0.043052,-0.338674]},{""t"":3.771989,""x"":[0.948318,1.261437,-0.093344,-0.734307],""u"":[-0.012856,-0.101137]},{""t"":3.871989,""x"":[0.939462,1.191764,-0.083465,-0.656589],""u"":[0.014817,0.116559]},{""t"":3.971989,""x"":[0.931681,1.130556,-0.071923,-0.565794],""u"":[0.038678,0.304269]},{""t"":4.071989,""x"":[0.925111,1.078875,-0.059355,-0.466923],""u"":[0.057513,0.452435]},{""t"":4.171989,""x"":[0.919821,1.03726,-0.046448,-0.365395],""u"":[0.070248,0.552618]},{""t"":4.271989,""x"":[0.915809,1.005696,-0.033923,-0.26686],""u"":[0.076025,0.598062]},{""t"":4.371989,""x"":[0.913,0.9836,-0.022496,-0.176969],""u"":[0.074277,0.584313]},{""t"":4.471989,""x"":[0.91125,0.969835,-0.012851,-0.101094],""u"":[0.064814,0.509871]},{""t"":4.571989,""x"":[0.91035,0.962753,-0.005595,-0.044018],""u"":[0.047909,0.376886]},{""t"":4.671989,""x"":[0.910035,0.960275,-0.001217,-0.009576],""u"":[0.024394,0.191898]},{""t"":4.757983,""x"":[0.91,0.96,0.0,0.0],""u"":[0.0,0.0]}]}","{""waypoints"":[{""x"":1.21,""y"":3.32,""z"":-0.25},{""x"":1.1099999999999999,""y"":2.533333333333333,""z"":-0.25},{""x"":1.01,""y"":1.7466666666666666,""z"":-0.25},{""x"":0.91,""y"":0.96,""z"":-0.25}],""durations"":[1.585994255278933,1.585994255278933,1.585994255278933],""samples"":[{""t"":0.0,""x"":[1.21,3.32,-0.0,-0.0],""u"":[-0.0,-0.0]},{""t"":0.1,""x"":[1.209945,3.319568,-0.001643,-0.012927],""u"":[-0.031324,-0.246416]},{""t"":0.2,""x"":[1.209566,3.316584,-0.006448,-0.050724],""u"":[-0.063597,-0.500293]},{""t"":0.3,""x"":[1.208561,3.308683,-0.014071,-0.110689],""u"":[-0.094741,-0.745294]},{""t"":0.4,""x"":[1.206674,3.293839,-0.024004,-0.188833],""u"":[-0.122995,-0.967561]},{""t"":0.5,""x"":[1.203704,3.270473,-0.035627,-0.280268],""u"":[-0.146914,-1.155724]},{""t"":0.6,""x"":[1.199516,3.237523,-0.04825,-0.379565],""u"":[-0.165366,-1.300879]},{""t"":0.7,""x"":[1.194045,3.194486,-0.061151,-0.481058],""u"":[-0.177523,-1.396511]},{""t"":0.8,""x"":[1.1873,3.141426,-0.073617,-0.579117],""u"":[-0.182845,-1.438384]},{""t"":0.9,""x"":[1.179359,3.078957,-0.084962,-0.668369],""u"":[-0.181066,-1.424385]},{""t"":1.0,""x"":[1.170366,3.008211,-0.094562,-0.743887],""u"":[-0.17216,-1.354328]},{""t"":1.1,""x"":[1.160523,2.930783,-0.101864,-0.801328],""u"":[-0.15632,-1.229715]},{""t"":1.2,""x"":[1.150085,2.84867,-0.106403,-0.837035],""u"":[-0.133914,-1.053456]},{""t"":1.3,""x"":[1.139347,2.764198,-0.107809,-0.848097],""u"":[-0.105451,-0.829545]},{""t"":1.4,""x"":[1.128637,2.679945,-0.105809,-0.832362],""u"":[-0.071529,-0.562699]},{""t"":1.5,""x"":[1.118305,2.598667,-0.100222,-0.788417],""u"":[-0.03279,-0.257948]},{""t"":1.685994,""x"":[1.101264,2.46461,-0.082428,-0.648436],""u"":[0.003845,0.030249]},{""t"":1.785994,""x"":[1.093477,2.40335,-0.073511,-0.578286],""u"":[0.002258,0.017761]},{""t"":1.885994,""x"":[1.086522,2.348641,-0.065783,-0.517495],""u"":[-0.001171,-0.009208]},{""t"":1.985994,""x"":[1.080278,2.299518,-0.059324,-0.466682],""u"":[-0.006624,-0.052113]},{""t"":2.085994,""x"":[1.074612,2.25495,-0.054217,-0.426505],""u"":[-0.014175,-0.111506]},{""t"":2.185994,""x"":[1.069387,2.213843,-0.050538,-0.397567],""u"":[-0.023789,-0.187141]},{""t"":2.285994,""x"":[1.064455,2.175046,-0.048349,-0.380344],""u"":[-0.03535,-0.278083]},{""t"":2.385994,""x"":[1.059666,2.137373,-0.047687,-0.375136],""u"":[-0.048668,-0.382857]},{""t"":2.485994,""x"":[1.054866,2.099615,-0.048564,-0.382037],""u"":[-0.063508,-0.4996]},{""t"":2.585994,""x"":[1.049902,2.060566,-0.050965,-0.400923],""u"":[-0.079608,-0.626249]},{""t"":2.685994,""x"":[1.044624,2.019042,-0.054848,-0.431468],""u"":[-0.096704,-0.76074]},{""t"":2.785994,""x"":[1.038886,1.9739,-0.060149,-0.473173],""u"":[-0.114563,-0.901233]},{""t"":2.885994,""x"":[1.032549,1.924055,-0.066791,-0.525423],""u"":[-0.133011,-1.046352]},{""t"":2.985994,""x"":[1.025486,1.868486,-0.07469,-0.58756],""u"":[-0.151965,-1.195458]},{""t"":3.085994,""x"":[1.017572,1.806234,-0.083769,-0.658979],""u"":[-0.171474,-1.348925]},{""t"":3.271989,""x"":[1.000284,1.670235,-0.101225,-0.796305],""u"":[-0.163968,-1.289884]},{""t"":3.371989,""x"":[0.989877,1.588369,-0.106302,-0.83624],""u"":[-0.136018,-1.07001]},{""t"":3.471989,""x"":[0.979143,1.503923,-0.107812,-0.84812],""u"":[-0.105844,-0.832636]},{""t"":3.571989,""x"":[0.968428,1.419631,-0.105948,-0.83346],""u"":[-0.074467,-0.585807]},{""t"":3.671989,""x"":[0.958056,1.338041,-0.100998,-0.794516],""u"":[-0.043052,-0.338674]},{""t"":3.771989,""x"":[0.948318,1.261437,-0.093344,-0.734307],""u"":[-0.012856,-0.101137]},{""t"":3.871989,""x"":[0.939462,1.191764,-0.083465,-0.656589],""u"":[0.014817,0.116559]},{""t"":3.971989,""x"":[0.931681,1.130556,-0.071923,-0.565794],""u"":[0.038678,0.304269]},{""t"":4.071989,""x"":[0.925111,1.078875,-0.059355,-0.466923],""u"":[0.057513,0.452435]},{""t"":4.171989,""x"":[0.919821,1.03726,-0.046448,-0.365395],""u"":[0.070248,0.552618]},{""t"":4.271989,""x"":[0.915809,1.005696,-0.033923,-0.26686],""u"":[0.076025,0.598062]},{""t"":4.371989,""x"":[0.913,0.9836,-0.022496,-0.176969],""u"":[0.074277,0.584313]},{""t"":4.471989,""x"":[0.91125,0.969835,-0.012851,-0.101094],""u"":[0.064814,0.509871]},{""t"":4.571989,""x"":[0.91035,0.962753,-0.005595,-0.044018],""u"":[0.047909,0.376886]},{""t"":4.671989,""x"":[0.910035,0.960275,-0.001217,-0.009576],""u"":[0.024394,0.191898]},{""t"":4.757983,""x"":[0.91,0.96,0.0,0.0],""u"":[0.0,0.0]}]}",0.0,0.0,1.917664,1.663389,0.05,0.05,True,rrt_planner,http://172.22.224.93:8000/v1,"You are an expert UAV pilot/planner. Generate sparse collision-free 2D routing waypoints for a quadrotor in NED frame assuming it is airborne at the provided start location. A separate module will interpolate them and generate dynamically feasible trajectories, so output only high-level waypoints.
Mission state: the UAV has already taken off and is holding hover at the start position. Use this hover position as the first waypoint/reference for planning. Workspace: x=[0.00,4.00]m, y=[0.00,4.00]m, z=-0.25 fixed. Start: (1.21,3.32,-0.25), Goal: (0.91,0.96,-0.25), distance≈2.38m. Obstacles with x-y spans: 1 obstacle: x=[2.12,2.39], y=[1.14,1.39]. 2 obstacle: x=[3.36,3.95], y=[2.39,3.14].
Constraints:
- all waypoints in NED frame, z must stay -0.25
- final waypoint must be goal coordinates
- maintain >=0.40m clearance from obstacle x-y boxes
- stay within workspace
- no waypoint should be within obstacle boxes, walls, or near corners
- prefer sparse, smooth, monotonic progress through open space
- return only the structured output requested by the response model"
3,"{""x"":2.02,""y"":1.1,""z"":-0.25}","{""x"":2.99,""y"":2.85,""z"":-0.25}","{""x"":[0.0,4.0],""y"":[0.0,4.0],""z"":-0.25}","[{""id"":1,""label"":""box_1"",""shape"":""box"",""min_corner"":[3.62,2.12,-0.75],""max_corner"":[3.93,2.77,0.25],""size"":[0.31,0.65,1.0]},{""id"":2,""label"":""box_2"",""shape"":""box"",""min_corner"":[0.66,2.74,-0.75],""max_corner"":[1.15,3.48,0.25],""size"":[0.49,0.74,1.0]}]","[{""x"":2.02,""y"":1.1,""z"":-0.25},{""x"":2.99,""y"":2.85,""z"":-0.25}]","[{""x"":2.02,""y"":1.1,""z"":-0.25},{""x"":2.99,""y"":2.85,""z"":-0.25}]","[{""x"":2.02,""y"":1.1,""z"":-0.25},{""x"":2.3433333333333333,""y"":1.6833333333333333,""z"":-0.25},{""x"":2.666666666666667,""y"":2.2666666666666666,""z"":-0.25},{""x"":2.99,""y"":2.85,""z"":-0.25}]","[{""x"":2.02,""y"":1.1,""z"":-0.25},{""x"":2.3433333333333333,""y"":1.6833333333333333,""z"":-0.25},{""x"":2.666666666666667,""y"":2.2666666666666666,""z"":-0.25},{""x"":2.99,""y"":2.85,""z"":-0.25}]","{""collision_free"":true,""min_clearance_m"":0.635,""goal_clearance_m"":0.635,""max_segment_speed"":0.333,""max_segment_accel"":0.0,""monotonic_goal_progress"":true,""smoothness_score"":1.0,""passed"":true,""goal_match"":true,""in_workspace"":true,""nominal_dt_s"":2.0,""failed_constraints"":[],""thresholds"":{""min_clearance_m"":0.4,""max_segment_speed"":1.5,""max_segment_accel"":1.5,""goal_tolerance_m"":0.05,""progress_tolerance_m"":0.001},""feedback_table"":""| Metric | Value | Required | Status |\n|---|---:|---:|---|\n| in_workspace | True | true | PASS |\n| goal_clearance | 0.635 | >= 0.400 | PASS |\n| collision_free | True | true | PASS |\n| min_clearance_m | 0.635 | >= 0.400 | PASS |\n| goal_match | True | true | PASS |\n| monotonic_goal_progress | True | true | PASS |\n| max_segment_speed | 0.333 | <= 1.500 | PASS |\n| max_segment_accel | 0.000 | <= 1.500 | PASS |""}","{""collision_free"":true,""min_clearance_m"":0.635,""goal_clearance_m"":0.635,""max_segment_speed"":0.333,""max_segment_accel"":0.0,""monotonic_goal_progress"":true,""smoothness_score"":1.0,""passed"":true,""goal_match"":true,""in_workspace"":true,""nominal_dt_s"":2.0,""failed_constraints"":[],""thresholds"":{""min_clearance_m"":0.4,""max_segment_speed"":1.5,""max_segment_accel"":1.5,""goal_tolerance_m"":0.05,""progress_tolerance_m"":0.001},""feedback_table"":""| Metric | Value | Required | Status |\n|---|---:|---:|---|\n| in_workspace | True | true | PASS |\n| goal_clearance | 0.635 | >= 0.400 | PASS |\n| collision_free | True | true | PASS |\n| min_clearance_m | 0.635 | >= 0.400 | PASS |\n| goal_match | True | true | PASS |\n| monotonic_goal_progress | True | true | PASS |\n| max_segment_speed | 0.333 | <= 1.500 | PASS |\n| max_segment_accel | 0.000 | <= 1.500 | PASS |""}","{""waypoints"":[{""x"":2.02,""y"":1.1,""z"":-0.25},{""x"":2.3433333333333333,""y"":1.6833333333333333,""z"":-0.25},{""x"":2.666666666666667,""y"":2.2666666666666666,""z"":-0.25},{""x"":2.99,""y"":2.85,""z"":-0.25}],""durations"":[1.333899879634483,1.3338998796344834,1.3338998796344834],""samples"":[{""t"":0.0,""x"":[2.02,1.1,-0.0,-0.0],""u"":[-0.0,-0.0]},{""t"":0.1,""x"":[2.020298,1.100538,0.008907,0.016069],""u"":[0.169352,0.305533]},{""t"":0.2,""x"":[2.022346,1.104232,0.034685,0.062577],""u"":[0.339024,0.611641]},{""t"":0.3,""x"":[2.027714,1.113917,0.0748,0.134948],""u"":[0.494222,0.891637]},{""t"":0.4,""x"":[2.037662,1.131865,0.125602,0.226602],""u"":[0.62325,1.12442]},{""t"":0.5,""x"":[2.053047,1.159621,0.182767,0.329734],""u"":[0.717417,1.294309]},{""t"":0.6,""x"":[2.074274,1.197916,0.241666,0.435996],""u"":[0.770886,1.390773]},{""t"":0.7,""x"":[2.101284,1.246646,0.297689,0.537068],""u"":[0.780468,1.40806]},{""t"":0.8,""x"":[2.133571,1.304895,0.346501,0.625131],""u"":[0.745356,1.344714]},{""t"":0.9,""x"":[2.170215,1.371006,0.384249,0.693232],""u"":[0.666804,1.202996]},{""t"":1.0,""x"":[2.209943,1.442681,0.407701,0.735544],""u"":[0.547741,0.988193]},{""t"":1.1,""x"":[2.251194,1.517102,0.414341,0.747523],""u"":[0.39234,0.707829]},{""t"":1.2,""x"":[2.292191,1.591066,0.402391,0.725963],""u"":[0.205512,0.370769]},{""t"":1.3,""x"":[2.331016,1.661111,0.370785,0.668942],""u"":[-0.007639,-0.013782]},{""t"":1.4339,""x"":[2.376562,1.743282,0.31007,0.559405],""u"":[-0.075393,-0.136018]},{""t"":1.5339,""x"":[2.405554,1.795587,0.270823,0.488599],""u"":[-0.056627,-0.102162]},{""t"":1.6339,""x"":[2.430948,1.8414,0.238199,0.429741],""u"":[-0.026701,-0.048172]},{""t"":1.7339,""x"":[2.453432,1.881965,0.212726,0.383785],""u"":[0.015283,0.027572]},{""t"":1.8339,""x"":[2.473748,1.918618,0.19492,0.35166],""u"":[0.069244,0.124924]},{""t"":1.9339,""x"":[2.492685,1.952783,0.185189,0.334103],""u"":[0.134292,0.24228]},{""t"":2.0339,""x"":[2.511064,1.985939,0.18377,0.331544],""u"":[0.208932,0.376938]},{""t"":2.1339,""x"":[2.529718,2.019594,0.190701,0.344048],""u"":[0.291284,0.525513]},{""t"":2.2339,""x"":[2.549476,2.055241,0.205808,0.371303],""u"":[0.379353,0.684399]},{""t"":2.3339,""x"":[2.57114,2.094325,0.228736,0.412667],""u"":[0.471305,0.850293]},{""t"":2.4339,""x"":[2.595468,2.138216,0.258996,0.467261],""u"":[0.565792,1.020758]},{""t"":2.5339,""x"":[2.623166,2.188186,0.296054,0.534117],""u"":[0.662288,1.194849]},{""t"":2.6339,""x"":[2.654889,2.245419,0.339433,0.612379],""u"":[0.76147,1.373786]},{""t"":2.7678,""x"":[2.704306,2.334572,0.393913,0.710667],""u"":[0.651871,1.176056]},{""t"":2.8678,""x"":[2.744786,2.407604,0.412441,0.744094],""u"":[0.492612,0.888732]},{""t"":2.9678,""x"":[2.786159,2.482245,0.41194,0.743191],""u"":[0.324984,0.586312]},{""t"":3.0678,""x"":[2.82659,2.555188,0.393942,0.71072],""u"":[0.157091,0.283411]},{""t"":3.1678,""x"":[2.864438,2.623471,0.360713,0.65077],""u"":[-0.002053,-0.003703]},{""t"":3.2678,""x"":[2.898324,2.684605,0.315248,0.568747],""u"":[-0.143052,-0.258084]},{""t"":3.3678,""x"":[2.927202,2.736704,0.261205,0.471246],""u"":[-0.256728,-0.46317]},{""t"":3.4678,""x"":[2.950418,2.77859,0.202773,0.365828],""u"":[-0.334769,-0.603964]},{""t"":3.5678,""x"":[2.967761,2.809878,0.144497,0.26069],""u"":[-0.370434,-0.66831]},{""t"":3.6678,""x"":[2.979478,2.831018,0.09103,0.16423],""u"":[-0.359329,-0.648275]},{""t"":3.7678,""x"":[2.986277,2.843283,0.046842,0.084508],""u"":[-0.300223,-0.541639]},{""t"":3.8678,""x"":[2.989288,2.848715,0.015854,0.028602],""u"":[-0.195932,-0.353485]},{""t"":3.9678,""x"":[2.989988,2.849979,0.001032,0.001862],""u"":[-0.054263,-0.097898]},{""t"":4.0017,""x"":[2.99,2.85,-0.0,-0.0],""u"":[-0.0,-0.0]}]}","{""waypoints"":[{""x"":2.02,""y"":1.1,""z"":-0.25},{""x"":2.3433333333333333,""y"":1.6833333333333333,""z"":-0.25},{""x"":2.666666666666667,""y"":2.2666666666666666,""z"":-0.25},{""x"":2.99,""y"":2.85,""z"":-0.25}],""durations"":[1.333899879634483,1.3338998796344834,1.3338998796344834],""samples"":[{""t"":0.0,""x"":[2.02,1.1,-0.0,-0.0],""u"":[-0.0,-0.0]},{""t"":0.1,""x"":[2.020298,1.100538,0.008907,0.016069],""u"":[0.169352,0.305533]},{""t"":0.2,""x"":[2.022346,1.104232,0.034685,0.062577],""u"":[0.339024,0.611641]},{""t"":0.3,""x"":[2.027714,1.113917,0.0748,0.134948],""u"":[0.494222,0.891637]},{""t"":0.4,""x"":[2.037662,1.131865,0.125602,0.226602],""u"":[0.62325,1.12442]},{""t"":0.5,""x"":[2.053047,1.159621,0.182767,0.329734],""u"":[0.717417,1.294309]},{""t"":0.6,""x"":[2.074274,1.197916,0.241666,0.435996],""u"":[0.770886,1.390773]},{""t"":0.7,""x"":[2.101284,1.246646,0.297689,0.537068],""u"":[0.780468,1.40806]},{""t"":0.8,""x"":[2.133571,1.304895,0.346501,0.625131],""u"":[0.745356,1.344714]},{""t"":0.9,""x"":[2.170215,1.371006,0.384249,0.693232],""u"":[0.666804,1.202996]},{""t"":1.0,""x"":[2.209943,1.442681,0.407701,0.735544],""u"":[0.547741,0.988193]},{""t"":1.1,""x"":[2.251194,1.517102,0.414341,0.747523],""u"":[0.39234,0.707829]},{""t"":1.2,""x"":[2.292191,1.591066,0.402391,0.725963],""u"":[0.205512,0.370769]},{""t"":1.3,""x"":[2.331016,1.661111,0.370785,0.668942],""u"":[-0.007639,-0.013782]},{""t"":1.4339,""x"":[2.376562,1.743282,0.31007,0.559405],""u"":[-0.075393,-0.136018]},{""t"":1.5339,""x"":[2.405554,1.795587,0.270823,0.488599],""u"":[-0.056627,-0.102162]},{""t"":1.6339,""x"":[2.430948,1.8414,0.238199,0.429741],""u"":[-0.026701,-0.048172]},{""t"":1.7339,""x"":[2.453432,1.881965,0.212726,0.383785],""u"":[0.015283,0.027572]},{""t"":1.8339,""x"":[2.473748,1.918618,0.19492,0.35166],""u"":[0.069244,0.124924]},{""t"":1.9339,""x"":[2.492685,1.952783,0.185189,0.334103],""u"":[0.134292,0.24228]},{""t"":2.0339,""x"":[2.511064,1.985939,0.18377,0.331544],""u"":[0.208932,0.376938]},{""t"":2.1339,""x"":[2.529718,2.019594,0.190701,0.344048],""u"":[0.291284,0.525513]},{""t"":2.2339,""x"":[2.549476,2.055241,0.205808,0.371303],""u"":[0.379353,0.684399]},{""t"":2.3339,""x"":[2.57114,2.094325,0.228736,0.412667],""u"":[0.471305,0.850293]},{""t"":2.4339,""x"":[2.595468,2.138216,0.258996,0.467261],""u"":[0.565792,1.020758]},{""t"":2.5339,""x"":[2.623166,2.188186,0.296054,0.534117],""u"":[0.662288,1.194849]},{""t"":2.6339,""x"":[2.654889,2.245419,0.339433,0.612379],""u"":[0.76147,1.373786]},{""t"":2.7678,""x"":[2.704306,2.334572,0.393913,0.710667],""u"":[0.651871,1.176056]},{""t"":2.8678,""x"":[2.744786,2.407604,0.412441,0.744094],""u"":[0.492612,0.888732]},{""t"":2.9678,""x"":[2.786159,2.482245,0.41194,0.743191],""u"":[0.324984,0.586312]},{""t"":3.0678,""x"":[2.82659,2.555188,0.393942,0.71072],""u"":[0.157091,0.283411]},{""t"":3.1678,""x"":[2.864438,2.623471,0.360713,0.65077],""u"":[-0.002053,-0.003703]},{""t"":3.2678,""x"":[2.898324,2.684605,0.315248,0.568747],""u"":[-0.143052,-0.258084]},{""t"":3.3678,""x"":[2.927202,2.736704,0.261205,0.471246],""u"":[-0.256728,-0.46317]},{""t"":3.4678,""x"":[2.950418,2.77859,0.202773,0.365828],""u"":[-0.334769,-0.603964]},{""t"":3.5678,""x"":[2.967761,2.809878,0.144497,0.26069],""u"":[-0.370434,-0.66831]},{""t"":3.6678,""x"":[2.979478,2.831018,0.09103,0.16423],""u"":[-0.359329,-0.648275]},{""t"":3.7678,""x"":[2.986277,2.843283,0.046842,0.084508],""u"":[-0.300223,-0.541639]},{""t"":3.8678,""x"":[2.989288,2.848715,0.015854,0.028602],""u"":[-0.195932,-0.353485]},{""t"":3.9678,""x"":[2.989988,2.849979,0.001032,0.001862],""u"":[-0.054263,-0.097898]},{""t"":4.0017,""x"":[2.99,2.85,-0.0,-0.0],""u"":[-0.0,-0.0]}]}",0.0,0.0,1.917664,1.663389,0.05,0.05,True,rrt_planner,http://172.22.224.93:8000/v1,"You are an expert UAV pilot/planner. Generate sparse collision-free 2D routing waypoints for a quadrotor in NED frame assuming it is airborne at the provided start location. A separate module will interpolate them and generate dynamically feasible trajectories, so output only high-level waypoints.
Mission state: the UAV has already taken off and is holding hover at the start position. Use this hover position as the first waypoint/reference for planning. Workspace: x=[0.00,4.00]m, y=[0.00,4.00]m, z=-0.25 fixed. Start: (2.02,1.10,-0.25), Goal: (2.99,2.85,-0.25), distance≈2.00m. Obstacles with x-y spans: 1 obstacle: x=[3.62,3.93], y=[2.12,2.77]. 2 obstacle: x=[0.66,1.15], y=[2.74,3.48].
Constraints:
- all waypoints in NED frame, z must stay -0.25
- final waypoint must be goal coordinates
- maintain >=0.40m clearance from obstacle x-y boxes
- stay within workspace
- no waypoint should be within obstacle boxes, walls, or near corners
- prefer sparse, smooth, monotonic progress through open space
- return only the structured output requested by the response model"
4,"{""x"":1.88,""y"":0.07,""z"":-0.25}","{""x"":2.38,""y"":3.3,""z"":-0.25}","{""x"":[0.0,4.0],""y"":[0.0,4.0],""z"":-0.25}","[{""id"":1,""label"":""box_1"",""shape"":""box"",""min_corner"":[2.65,2.37,-0.75],""max_corner"":[3.21,2.86,0.25],""size"":[0.56,0.5,1.0]},{""id"":2,""label"":""box_2"",""shape"":""box"",""min_corner"":[1.62,1.72,-0.75],""max_corner"":[2.08,2.0,0.25],""size"":[0.47,0.29,1.0]}]","[{""x"":1.88,""y"":0.07,""z"":-0.25},{""x"":0.66,""y"":1.56,""z"":-0.25},{""x"":0.99,""y"":2.74,""z"":-0.25},{""x"":2.38,""y"":3.3,""z"":-0.25}]","[{""x"":1.88,""y"":0.07,""z"":-0.25},{""x"":0.98,""y"":1.29,""z"":-0.25},{""x"":1.13,""y"":2.64,""z"":-0.25},{""x"":2.38,""y"":3.3,""z"":-0.25}]","[{""x"":1.88,""y"":0.07,""z"":-0.25},{""x"":1.27,""y"":0.815,""z"":-0.25},{""x"":0.6600000000000001,""y"":1.56,""z"":-0.25},{""x"":0.825,""y"":2.1500000000000004,""z"":-0.25},{""x"":0.99,""y"":2.74,""z"":-0.25},{""x"":1.685,""y"":3.02,""z"":-0.25},{""x"":2.38,""y"":3.3,""z"":-0.25}]","[{""x"":1.88,""y"":0.07,""z"":-0.25},{""x"":1.43,""y"":0.6799999999999999,""z"":-0.25},{""x"":0.98,""y"":1.29,""z"":-0.25},{""x"":1.055,""y"":1.965,""z"":-0.25},{""x"":1.13,""y"":2.64,""z"":-0.25},{""x"":1.755,""y"":2.9699999999999998,""z"":-0.25},{""x"":2.38,""y"":3.3,""z"":-0.25}]","{""collision_free"":true,""min_clearance_m"":0.516,""goal_clearance_m"":0.516,""max_segment_speed"":0.481,""max_segment_accel"":0.198,""monotonic_goal_progress"":true,""smoothness_score"":0.727,""passed"":true,""goal_match"":true,""in_workspace"":true,""nominal_dt_s"":2.0,""failed_constraints"":[],""thresholds"":{""min_clearance_m"":0.4,""max_segment_speed"":1.5,""max_segment_accel"":1.5,""goal_tolerance_m"":0.05,""progress_tolerance_m"":0.001},""feedback_table"":""| Metric | Value | Required | Status |\n|---|---:|---:|---|\n| in_workspace | True | true | PASS |\n| goal_clearance | 0.516 | >= 0.400 | PASS |\n| collision_free | True | true | PASS |\n| min_clearance_m | 0.516 | >= 0.400 | PASS |\n| goal_match | True | true | PASS |\n| monotonic_goal_progress | True | true | PASS |\n| max_segment_speed | 0.481 | <= 1.500 | PASS |\n| max_segment_accel | 0.198 | <= 1.500 | PASS |""}","{""collision_free"":true,""min_clearance_m"":0.516,""goal_clearance_m"":0.516,""max_segment_speed"":0.379,""max_segment_accel"":0.162,""monotonic_goal_progress"":true,""smoothness_score"":0.744,""passed"":true,""goal_match"":true,""in_workspace"":true,""nominal_dt_s"":2.0,""failed_constraints"":[],""thresholds"":{""min_clearance_m"":0.4,""max_segment_speed"":1.5,""max_segment_accel"":1.5,""goal_tolerance_m"":0.05,""progress_tolerance_m"":0.001},""feedback_table"":""| Metric | Value | Required | Status |\n|---|---:|---:|---|\n| in_workspace | True | true | PASS |\n| goal_clearance | 0.516 | >= 0.400 | PASS |\n| collision_free | True | true | PASS |\n| min_clearance_m | 0.516 | >= 0.400 | PASS |\n| goal_match | True | true | PASS |\n| monotonic_goal_progress | True | true | PASS |\n| max_segment_speed | 0.379 | <= 1.500 | PASS |\n| max_segment_accel | 0.162 | <= 1.500 | PASS |""}","{""waypoints"":[{""x"":1.88,""y"":0.07,""z"":-0.25},{""x"":1.27,""y"":0.815,""z"":-0.25},{""x"":0.6600000000000001,""y"":1.56,""z"":-0.25},{""x"":0.825,""y"":2.1500000000000004,""z"":-0.25},{""x"":0.99,""y"":2.74,""z"":-0.25},{""x"":1.685,""y"":3.02,""z"":-0.25},{""x"":2.38,""y"":3.3,""z"":-0.25}],""durations"":[1.9257466084612478,1.9257466084612482,1.2252754792290594,1.2252754792290588,1.4985659811966905,1.49856598119669],""samples"":[{""t"":0.0,""x"":[1.88,0.07,-0.0,-0.0],""u"":[0.0,0.0]},{""t"":0.1,""x"":[1.879838,0.070212,-0.004855,0.006348],""u"":[-0.092789,0.121287]},{""t"":0.2,""x"":[1.878712,0.071683,-0.019203,0.025087],""u"":[-0.191197,0.249542]},{""t"":0.3,""x"":[1.875701,0.075614,-0.042433,0.055363],""u"":[-0.291409,0.379414]},{""t"":0.4,""x"":[1.86996,0.083098,-0.073624,0.095883],""u"":[-0.389967,0.506055]},{""t"":0.5,""x"":[1.86075,0.095078,-0.111606,0.145008],""u"":[-0.483797,0.625148]},{""t"":0.6,""x"":[1.847457,0.112323,-0.155034,0.200851],""u"":[-0.570222,0.732923]},{""t"":0.7,""x"":[1.82961,0.135404,-0.202446,0.261359],""u"":[-0.646966,0.826176]},{""t"":0.8,""x"":[1.806886,0.164679,-0.252315,0.324389],""u"":[-0.712163,0.90227]},{""t"":0.9,""x"":[1.779116,0.200293,-0.303101,0.387774],""u"":[-0.76435,0.959131]},{""t"":1.0,""x"":[1.746286,0.242175,-0.353294,0.44939],""u"":[-0.802457,0.99524]},{""t"":1.1,""x"":[1.708526,0.290044,-0.40145,0.507203],""u"":[-0.825798,1.009608]},{""t"":1.2,""x"":[1.666109,0.343425,-0.446221,0.559314],""u"":[-0.834047,1.001757]},{""t"":1.3,""x"":[1.619435,0.401659,-0.486387,0.603997],""u"":[-0.827211,0.971677]},{""t"":1.4,""x"":[1.569021,0.463926,-0.520869,0.639731],""u"":[-0.805604,0.91979]},{""t"":1.5,""x"":[1.515481,0.529264,-0.54875,0.665216],""u"":[-0.769804,0.846894]},{""t"":1.6,""x"":[1.459516,0.596592,-0.56928,0.679386],""u"":[-0.720614,0.754107]},{""t"":1.7,""x"":[1.40189,0.664736,-0.581879,0.68142],""u"":[-0.659011,0.642802]},{""t"":1.8,""x"":[1.343418,0.732452,-0.58614,0.670735],""u"":[-0.586094,0.514529]},{""t"":1.9,""x"":[1.284948,0.798447,-0.581812,0.646973],""u"":[-0.503022,0.370934]},{""t"":2.025747,""x"":[1.212677,0.877174,-0.566548,0.604688],""u"":[-0.434078,0.293149]},{""t"":2.125747,""x"":[1.156811,0.935923,-0.550185,0.570231],""u"":[-0.385397,0.255623]},{""t"":2.225747,""x"":[1.102756,0.991214,-0.530361,0.535571],""u"":[-0.335053,0.220525]},{""t"":2.325747,""x"":[1.050847,1.043042,-0.507307,0.501052],""u"":[-0.2839,0.189137]},{""t"":2.425747,""x"":[1.001392,1.091443,-0.481317,0.467107],""u"":[-0.232684,0.162593]},{""t"":2.525747,""x"":[0.95467,1.136499,-0.452724,0.434234],""u"":[-0.18204,0.141879]},{""t"":2.625747,""x"":[0.910922,1.178344,-0.421888,0.402974],""u"":[-0.132486,0.127831]},{""t"":2.725747,""x"":[0.870355,1.217166,-0.389179,0.373892],""u"":[-0.084431,0.121131]},{""t"":2.825747,""x"":[0.833137,1.253214,-0.354965,0.347555],""u"":[-0.038177,0.122307]},{""t"":2.925747,""x"":[0.7994,1.286787,-0.319601,0.324519],""u"":[0.006081,0.131745]},{""t"":3.025747,""x"":[0.769244,1.318245,-0.283422,0.305316],""u"":[0.04824,0.149685]},{""t"":3.125747,""x"":[0.742733,1.347995,-0.246732,0.290438],""u"":[0.088288,0.176235]},{""t"":3.225747,""x"":[0.719905,1.376492,-0.209801,0.280332],""u"":[0.126292,0.211381]},{""t"":3.325747,""x"":[0.700773,1.404233,-0.172862,0.27539],""u"":[0.162382,0.254997]},{""t"":3.425747,""x"":[0.685327,1.431753,-0.136104,0.275946],""u"":[0.196744,0.30686]},{""t"":3.525747,""x"":[0.673541,1.459615,-0.099678,0.282271],""u"":[0.229598,0.36667]},{""t"":3.625747,""x"":[0.665376,1.488407,-0.063694,0.294573],""u"":[0.261187,0.434064]},{""t"":3.725747,""x"":[0.660785,1.518734,-0.028223,0.312998],""u"":[0.291753,0.50864]},{""t"":3.825747,""x"":[0.659713,1.551213,0.006692,0.337634],""u"":[0.321522,0.589982]},{""t"":3.951493,""x"":[0.663222,1.595941,0.048225,0.373583],""u"":[0.328111,0.626472]},{""t"":4.051493,""x"":[0.669522,1.634664,0.077168,0.400611],""u"":[0.323541,0.639072]},{""t"":4.151493,""x"":[0.678533,1.67601,0.102432,0.426022],""u"":[0.315412,0.649451]},{""t"":4.251493,""x"":[0.689886,1.719812,0.124027,0.449737],""u"":[0.303706,0.657344]},{""t"":4.351493,""x"":[0.703216,1.765898,0.141962,0.471662],""u"":[0.288365,0.662535]},{""t"":4.451493,""x"":[0.718156,1.814082,0.156233,0.491693],""u"":[0.269294,0.664865]},{""t"":4.551493,""x"":[0.73434,1.86417,0.166829,0.509724],""u"":[0.246382,0.664229]},{""t"":4.651493,""x"":[0.751399,1.915956,0.173726,0.525651],""u"":[0.219514,0.660577]},{""t"":4.751493,""x"":[0.768961,1.969226,0.17689,0.539378],""u"":[0.188588,0.653914]},{""t"":4.851493,""x"":[0.786651,2.023756,0.176286,0.550824],""u"":[0.153537,0.644299]},{""t"":4.951493,""x"":[0.804091,2.079313,0.171874,0.559924],""u"":[0.114349,0.631844]},{""t"":5.051493,""x"":[0.820898,2.135661,0.163622,0.566636],""u"":[0.071087,0.616711]},{""t"":5.176769,""x"":[0.840558,2.206959,0.150472,0.57043],""u"":[0.061835,0.570988]},{""t"":5.276769,""x"":[0.855142,2.263925,0.141437,0.568083],""u"":[0.06587,0.524915]},{""t"":5.376769,""x"":[0.868895,2.320416,0.133873,0.560951],""u"":[0.072054,0.474558]},{""t"":5.476769,""x"":[0.881968,2.375958,0.127876,0.549104],""u"":[0.080885,0.420226]},{""t"":5.576769,""x"":[0.894527,2.430083,0.123589,0.532633],""u"":[0.092903,0.362229]},{""t"":5.676769,""x"":[0.906749,2.482335,0.121193,0.511656],""u"":[0.108654,0.300858]},{""t"":5.776769,""x"":[0.918836,2.532268,0.120908,0.486304],""u"":[0.128642,0.236371]},{""t"":5.876769,""x"":[0.931009,2.579454,0.122979,0.456719],""u"":[0.153289,0.168967]},{""t"":5.976769,""x"":[0.943519,2.623476,0.127662,0.423046],""u"":[0.18288,0.09877]},{""t"":6.076769,""x"":[0.956637,2.663932,0.135207,0.385422],""u"":[0.21751,0.025799]},{""t"":6.176769,""x"":[0.970663,2.700433,0.145835,0.343964],""u"":[0.257027,-0.050049]},{""t"":6.276769,""x"":[0.985913,2.7326,0.159713,0.298761],""u"":[0.300968,-0.129031]},{""t"":6.402044,""x"":[1.007303,2.766406,0.183403,0.24267],""u"":[0.391741,-0.12254]},{""t"":6.502044,""x"":[1.026897,2.788794,0.209533,0.206379],""u"":[0.475941,-0.08842]},{""t"":6.602044,""x"":[1.049418,2.807937,0.241907,0.177762],""u"":[0.563513,-0.04805]},{""t"":6.702044,""x"":[1.075473,2.824595,0.280119,0.156618],""u"":[0.652371,-0.002452]},{""t"":6.802044,""x"":[1.105617,2.839501,0.323573,0.142654],""u"":[0.740195,0.047248]},{""t"":6.902044,""x"":[1.140336,2.853353,0.371485,0.135487],""u"":[0.824537,0.099868]},{""t"":7.002044,""x"":[1.18003,2.866809,0.422897,0.134649],""u"":[0.902927,0.154218]},{""t"":7.102044,""x"":[1.224995,2.880476,0.476698,0.139601],""u"":[0.972998,0.209163]},{""t"":7.202044,""x"":[1.275409,2.894902,0.531657,0.149746],""u"":[1.032613,0.263679]},{""t"":7.302044,""x"":[1.331322,2.910577,0.586465,0.164452],""u"":[1.080009,0.316927]},{""t"":7.402044,""x"":[1.392653,2.927923,0.639797,0.183078],""u"":[1.113953,0.368322]},{""t"":7.502044,""x"":[1.459189,2.947303,0.690367,0.205007],""u"":[1.133901,0.417611]},{""t"":7.602044,""x"":[1.530595,2.969016,0.737015,0.229679],""u"":[1.140178,0.464958]},{""t"":7.702044,""x"":[1.606429,2.993314,0.77879,0.256637],""u"":[1.134162,0.51103]},{""t"":7.90061,""x"":[1.767743,3.049807,0.836449,0.308992],""u"":[0.930578,0.471518]},{""t"":8.00061,""x"":[1.851527,3.081403,0.835471,0.320994],""u"":[0.724953,0.377362]},{""t"":8.10061,""x"":[1.934106,3.113625,0.812557,0.321594],""u"":[0.508908,0.277311]},{""t"":8.20061,""x"":[2.01336,3.145367,0.769329,0.311568],""u"":[0.290588,0.175258]},{""t"":8.30061,""x"":[2.087372,3.175621,0.708137,0.292038],""u"":[0.078931,0.075473]},{""t"":8.40061,""x"":[2.15449,3.203507,0.632039,0.264466],""u"":[-0.116704,-0.017577]},{""t"":8.50061,""x"":[2.213406,3.228305,0.544756,0.23063],""u"":[-0.286945,-0.099418]},{""t"":8.60061,""x"":[2.263211,3.249492,0.450578,0.192578],""u"":[-0.422854,-0.165785]},{""t"":8.70061,""x"":[2.303449,3.266756,0.354235,0.15257],""u"":[-0.516418,-0.212853]},{""t"":8.80061,""x"":[2.334152,3.28002,0.260726,0.112993],""u"":[-0.561071,-0.237491]},{""t"":8.90061,""x"":[2.355858,3.289449,0.175113,0.076263],""u"":[-0.55226,-0.237529]},{""t"":9.00061,""x"":[2.369601,3.295445,0.102271,0.044707],""u"":[-0.488054,-0.212046]},{""t"":9.10061,""x"":[2.376885,3.298634,0.046599,0.020425],""u"":[-0.369784,-0.16168]},{""t"":9.20061,""x"":[2.379615,3.299831,0.011698,0.005136],""u"":[-0.202729,-0.088953]},{""t"":9.299176,""x"":[2.38,3.3,0.0,0.0],""u"":[0.0,0.0]}]}","{""waypoints"":[{""x"":1.88,""y"":0.07,""z"":-0.25},{""x"":1.43,""y"":0.6799999999999999,""z"":-0.25},{""x"":0.98,""y"":1.29,""z"":-0.25},{""x"":1.055,""y"":1.965,""z"":-0.25},{""x"":1.13,""y"":2.64,""z"":-0.25},{""x"":1.755,""y"":2.9699999999999998,""z"":-0.25},{""x"":2.38,""y"":3.3,""z"":-0.25}],""durations"":[1.5160474926597778,1.5160474926597782,1.3583077707206126,1.3583077707206126,1.413541651314173,1.4135416513141734],""samples"":[{""t"":0.0,""x"":[1.88,0.07,0.0,-0.0],""u"":[0.0,-0.0]},{""t"":0.1,""x"":[1.879753,0.070353,-0.007405,0.010548],""u"":[-0.141211,0.201069]},{""t"":0.2,""x"":[1.878042,0.072788,-0.029091,0.041396],""u"":[-0.287336,0.408406]},{""t"":0.3,""x"":[1.873506,0.079237,-0.063605,0.090369],""u"":[-0.429605,0.608866]},{""t"":0.4,""x"":[1.864964,0.091359,-0.108804,0.154256],""u"":[-0.560609,0.791333]},{""t"":0.5,""x"":[1.851476,0.110455,-0.16207,0.229128],""u"":[-0.674302,0.946733]},{""t"":0.6,""x"":[1.832378,0.137406,-0.220497,0.310632],""u"":[-0.765991,1.068008]},{""t"":0.7,""x"":[1.807305,0.172651,-0.281067,0.394234],""u"":[-0.832296,1.150068]},{""t"":0.8,""x"":[1.776193,0.216173,-0.340789,0.475445],""u"":[-0.871088,1.189697]},{""t"":0.9,""x"":[1.739271,0.267518,-0.396823,0.550002],""u"":[-0.881407,1.185431]},{""t"":1.0,""x"":[1.697038,0.325822,-0.446586,0.61402],""u"":[-0.863359,1.1374]},{""t"":1.1,""x"":[1.650238,0.389857,-0.487823,0.664108],""u"":[-0.817982,1.047142]},{""t"":1.2,""x"":[1.59982,0.458084,-0.518667,0.697452],""u"":[-0.747096,0.917372]},{""t"":1.3,""x"":[1.5469,0.528716,-0.537666,0.711869],""u"":[-0.653131,0.751729]},{""t"":1.4,""x"":[1.492716,0.599775,-0.543799,0.705814],""u"":[-0.538928,0.554479]},{""t"":1.5,""x"":[1.43859,0.669165,-0.536458,0.678369],""u"":[-0.407523,0.330196]},{""t"":1.616047,""x"":[1.377499,0.745077,-0.515227,0.629344],""u"":[-0.322999,0.235119]},{""t"":1.716047,""x"":[1.32711,0.805822,-0.491806,0.585352],""u"":[-0.258784,0.180612]},{""t"":1.816047,""x"":[1.27928,0.86212,-0.464124,0.540548],""u"":[-0.194685,0.131997]},{""t"":1.916047,""x"":[1.234408,0.913933,-0.432741,0.495795],""u"":[-0.132623,0.092255]},{""t"":2.016047,""x"":[1.192832,0.961316,-0.39834,0.452144],""u"":[-0.074144,0.06382]},{""t"":2.116047,""x"":[1.154816,1.004438,-0.361676,0.410765],""u"":[-0.020431,0.048587]},{""t"":2.216047,""x"":[1.120547,1.043585,-0.323526,0.372872],""u"":[0.027686,0.047922]},{""t"":2.316047,""x"":[1.090134,1.079169,-0.284659,0.33967],""u"":[0.069709,0.06269]},{""t"":2.416047,""x"":[1.063614,1.111714,-0.245796,0.312303],""u"":[0.105448,0.093287]},{""t"":2.516047,""x"":[1.040953,1.141859,-0.207589,0.291814],""u"":[0.134984,0.139678]},{""t"":2.616047,""x"":[1.022056,1.170337,-0.170601,0.279112],""u"":[0.158634,0.201454]},{""t"":2.716047,""x"":[1.006777,1.197966,-0.135293,0.274953],""u"":[0.176907,0.277888]},{""t"":2.816047,""x"":[0.994929,1.225632,-0.102016,0.279925],""u"":[0.190445,0.368005]},{""t"":2.916047,""x"":[0.986298,1.254269,-0.071015,0.294441],""u"":[0.199973,0.47066]},{""t"":3.016047,""x"":[0.980646,1.284847,-0.04243,0.318748],""u"":[0.206231,0.584624]},{""t"":3.132095,""x"":[0.977488,1.32389,-0.012702,0.354146],""u"":[0.203572,0.629677]},{""t"":3.232095,""x"":[0.977355,1.36081,0.009526,0.384149],""u"":[0.197522,0.653884]},{""t"":3.332095,""x"":[0.979291,1.400696,0.028687,0.413421],""u"":[0.189232,0.675552]},{""t"":3.432095,""x"":[0.982993,1.443462,0.044883,0.44173],""u"":[0.178976,0.693878]},{""t"":3.532095,""x"":[0.988172,1.489,0.058226,0.468792],""u"":[0.166907,0.708208]},{""t"":3.632095,""x"":[0.994547,1.537169,0.068828,0.494294],""u"":[0.15307,0.718042]},{""t"":3.732095,""x"":[1.00185,1.587796,0.07679,0.517908],""u"":[0.137423,0.723028]},{""t"":3.832095,""x"":[1.00982,1.640677,0.082191,0.539316],""u"":[0.119852,0.72296]},{""t"":3.932095,""x"":[1.018205,1.695575,0.08509,0.558214],""u"":[0.100197,0.717774]},{""t"":4.032095,""x"":[1.026756,1.752227,0.085522,0.574335],""u"":[0.078278,0.707539]},{""t"":4.132095,""x"":[1.035227,1.810342,0.083497,0.587451],""u"":[0.053922,0.692445]},{""t"":4.232095,""x"":[1.043373,1.869611,0.079011,0.597384],""u"":[0.026994,0.672793]},{""t"":4.332095,""x"":[1.050947,1.929709,0.072048,0.60401],""u"":[-0.002565,0.64898]},{""t"":4.490403,""x"":[1.061224,2.025703,0.057862,0.606962],""u"":[-0.017488,0.591652]},{""t"":4.590403,""x"":[1.066619,2.086238,0.050272,0.602971],""u"":[-0.012298,0.545841]},{""t"":4.690403,""x"":[1.071326,2.146145,0.044122,0.594432],""u"":[-0.004982,0.496515]},{""t"":4.790403,""x"":[1.075494,2.204977,0.039511,0.581484],""u"":[0.005023,0.444277]},{""t"":4.890403,""x"":[1.079284,2.262301,0.036594,0.564316],""u"":[0.018365,0.389719]},{""t"":4.990403,""x"":[1.082876,2.317707,0.035579,0.543155],""u"":[0.035739,0.333403]},{""t"":5.090403,""x"":[1.086472,2.370808,0.036724,0.518261],""u"":[0.057837,0.275835]},{""t"":5.190403,""x"":[1.090303,2.421244,0.040331,0.489918],""u"":[0.085305,0.217444]},{""t"":5.290403,""x"":[1.094631,2.468686,0.046732,0.458415],""u"":[0.118685,0.15855]},{""t"":5.390403,""x"":[1.099754,2.512832,0.056276,0.424041],""u"":[0.158363,0.099337]},{""t"":5.490403,""x"":[1.106003,2.553408,0.069301,0.387065],""u"":[0.204502,0.039826]},{""t"":5.590403,""x"":[1.113741,2.590166,0.086114,0.347718],""u"":[0.256976,-0.020162]},{""t"":5.690403,""x"":[1.12336,2.622878,0.106958,0.306179],""u"":[0.315303,-0.081035]},{""t"":5.848711,""x"":[1.143476,2.666061,0.149515,0.24175],""u"":[0.436571,-0.073629]},{""t"":5.948711,""x"":[1.160108,2.688652,0.184126,0.211568],""u"":[0.525933,-0.022112]},{""t"":6.048711,""x"":[1.180496,2.708671,0.224582,0.190255],""u"":[0.617561,0.035941]},{""t"":6.148711,""x"":[1.205202,2.726988,0.270376,0.177486],""u"":[0.708898,0.098913]},{""t"":6.248711,""x"":[1.234725,2.744437,0.320774,0.172789],""u"":[0.797145,0.165056]},{""t"":6.348711,""x"":[1.269479,2.761795,0.374823,0.175561],""u"":[0.879398,0.232571]},{""t"":6.448711,""x"":[1.309773,2.779774,0.431364,0.18507],""u"":[0.952796,0.299703]},{""t"":6.548711,""x"":[1.355791,2.799006,0.489073,0.200489],""u"":[1.014685,0.364833]},{""t"":6.648711,""x"":[1.407578,2.820039,0.546503,0.220918],""u"":[1.062792,0.426585]},{""t"":6.748711,""x"":[1.465032,2.843326,0.602153,0.245425],""u"":[1.095423,0.483945]},{""t"":6.848711,""x"":[1.5279,2.869229,0.65454,0.273095],""u"":[1.111662,0.536378]},{""t"":6.948711,""x"":[1.595785,2.898022,0.702291,0.303084],""u"":[1.111598,0.583962]},{""t"":7.048711,""x"":[1.668165,2.929899,0.744249,0.334681],""u"":[1.096551,0.627525]},{""t"":7.148711,""x"":[1.744414,2.964995,0.779592,0.367384],""u"":[1.06933,0.668796]},{""t"":7.262252,""x"":[1.834525,3.008589,0.802607,0.397272],""u"":[0.863186,0.556772]},{""t"":7.362252,""x"":[1.914722,3.048936,0.797407,0.407115],""u"":[0.643958,0.427593]},{""t"":7.462252,""x"":[1.993243,3.089516,0.769354,0.402084],""u"":[0.415675,0.291923]},{""t"":7.562252,""x"":[2.067895,3.128896,0.72039,0.38336],""u"":[0.18807,0.155662]},{""t"":7.662252,""x"":[2.136717,3.165787,0.653321,0.352645],""u"":[-0.028265,0.025227]},{""t"":7.762252,""x"":[2.198076,3.199098,0.571787,0.312144],""u"":[-0.222382,-0.092758]},{""t"":7.862252,""x"":[2.250738,3.227978,0.480184,0.264523],""u"":[-0.38353,-0.191787]},{""t"":7.962252,""x"":[2.293944,3.251866,0.383531,0.212822],""u"":[-0.501763,-0.265849]},{""t"":8.062252,""x"":[2.327458,3.270517,0.287291,0.160349],""u"":[-0.568599,-0.309819]},{""t"":8.162252,""x"":[2.351605,3.284025,0.197131,0.110533],""u"":[-0.577733,-0.319887]},{""t"":8.262252,""x"":[2.367273,3.292825,0.118637,0.066755],""u"":[-0.525797,-0.294026]},{""t"":8.362252,""x"":[2.375894,3.297681,0.056969,0.032137],""u"":[-0.413182,-0.232477]},{""t"":8.462252,""x"":[2.379374,3.299646,0.016474,0.009308],""u"":[-0.244901,-0.138278]},{""t"":8.562252,""x"":[2.379999,3.299999,0.000237,0.000134],""u"":[-0.031514,-0.017817]},{""t"":8.575794,""x"":[2.38,3.3,-0.0,0.0],""u"":[0.0,0.0]}]}",0.512941,0.36793,1.917664,1.663389,0.05,0.05,True,rrt_planner,http://172.22.224.93:8000/v1,"You are an expert UAV pilot/planner. Generate sparse collision-free 2D routing waypoints for a quadrotor in NED frame assuming it is airborne at the provided start location. A separate module will interpolate them and generate dynamically feasible trajectories, so output only high-level waypoints.
Mission state: the UAV has already taken off and is holding hover at the start position. Use this hover position as the first waypoint/reference for planning. Workspace: x=[0.00,4.00]m, y=[0.00,4.00]m, z=-0.25 fixed. Start: (1.88,0.07,-0.25), Goal: (2.38,3.30,-0.25), distance≈3.27m. Obstacles with x-y spans: 1 obstacle: x=[2.65,3.21], y=[2.37,2.86]. 2 obstacle: x=[1.62,2.08], y=[1.72,2.00].
Constraints:
- all waypoints in NED frame, z must stay -0.25
- final waypoint must be goal coordinates
- maintain >=0.40m clearance from obstacle x-y boxes
- stay within workspace
- no waypoint should be within obstacle boxes, walls, or near corners
- prefer sparse, smooth, monotonic progress through open space
- return only the structured output requested by the response model"
5,"{""x"":2.7,""y"":2.41,""z"":-0.25}","{""x"":2.54,""y"":0.61,""z"":-0.25}","{""x"":[0.0,4.0],""y"":[0.0,4.0],""z"":-0.25}","[{""id"":1,""label"":""box_1"",""shape"":""box"",""min_corner"":[2.55,1.13,-0.75],""max_corner"":[3.2,1.48,0.25],""size"":[0.65,0.35,1.0]},{""id"":2,""label"":""box_2"",""shape"":""box"",""min_corner"":[0.8,2.29,-0.75],""max_corner"":[1.35,3.02,0.25],""size"":[0.55,0.72,1.0]}]","[{""x"":2.7,""y"":2.41,""z"":-0.25},{""x"":1.86,""y"":1.84,""z"":-0.25},{""x"":1.96,""y"":0.5,""z"":-0.25},{""x"":2.54,""y"":0.61,""z"":-0.25}]","[{""x"":2.7,""y"":2.41,""z"":-0.25},{""x"":2.04,""y"":1.96,""z"":-0.25},{""x"":2.04,""y"":0.6,""z"":-0.25},{""x"":2.54,""y"":0.61,""z"":-0.25}]","[{""x"":2.7,""y"":2.41,""z"":-0.25},{""x"":2.2800000000000002,""y"":2.125,""z"":-0.25},{""x"":1.86,""y"":1.84,""z"":-0.25},{""x"":1.9100000000000001,""y"":1.17,""z"":-0.25},{""x"":1.96,""y"":0.5,""z"":-0.25},{""x"":2.54,""y"":0.61,""z"":-0.25}]","[{""x"":2.7,""y"":2.41,""z"":-0.25},{""x"":2.04,""y"":1.96,""z"":-0.25},{""x"":2.04,""y"":1.28,""z"":-0.25},{""x"":2.04,""y"":0.6000000000000001,""z"":-0.25},{""x"":2.54,""y"":0.61,""z"":-0.25}]","{""collision_free"":true,""min_clearance_m"":0.52,""goal_clearance_m"":0.52,""max_segment_speed"":0.336,""max_segment_accel"":0.236,""monotonic_goal_progress"":true,""smoothness_score"":0.594,""passed"":true,""goal_match"":true,""in_workspace"":true,""nominal_dt_s"":2.0,""failed_constraints"":[],""thresholds"":{""min_clearance_m"":0.4,""max_segment_speed"":1.5,""max_segment_accel"":1.5,""goal_tolerance_m"":0.05,""progress_tolerance_m"":0.001},""feedback_table"":""| Metric | Value | Required | Status |\n|---|---:|---:|---|\n| in_workspace | True | true | PASS |\n| goal_clearance | 0.520 | >= 0.400 | PASS |\n| collision_free | True | true | PASS |\n| min_clearance_m | 0.520 | >= 0.400 | PASS |\n| goal_match | True | true | PASS |\n| monotonic_goal_progress | True | true | PASS |\n| max_segment_speed | 0.336 | <= 1.500 | PASS |\n| max_segment_accel | 0.236 | <= 1.500 | PASS |""}","{""collision_free"":true,""min_clearance_m"":0.51,""goal_clearance_m"":0.52,""max_segment_speed"":0.399,""max_segment_accel"":0.213,""monotonic_goal_progress"":true,""smoothness_score"":0.539,""passed"":true,""goal_match"":true,""in_workspace"":true,""nominal_dt_s"":2.0,""failed_constraints"":[],""thresholds"":{""min_clearance_m"":0.4,""max_segment_speed"":1.5,""max_segment_accel"":1.5,""goal_tolerance_m"":0.05,""progress_tolerance_m"":0.001},""feedback_table"":""| Metric | Value | Required | Status |\n|---|---:|---:|---|\n| in_workspace | True | true | PASS |\n| goal_clearance | 0.520 | >= 0.400 | PASS |\n| collision_free | True | true | PASS |\n| min_clearance_m | 0.510 | >= 0.400 | PASS |\n| goal_match | True | true | PASS |\n| monotonic_goal_progress | True | true | PASS |\n| max_segment_speed | 0.399 | <= 1.500 | PASS |\n| max_segment_accel | 0.213 | <= 1.500 | PASS |""}","{""waypoints"":[{""x"":2.7,""y"":2.41,""z"":-0.25},{""x"":2.2800000000000002,""y"":2.125,""z"":-0.25},{""x"":1.86,""y"":1.84,""z"":-0.25},{""x"":1.9100000000000001,""y"":1.17,""z"":-0.25},{""x"":1.96,""y"":0.5,""z"":-0.25},{""x"":2.54,""y"":0.61,""z"":-0.25}],""durations"":[1.015135458941318,1.015135458941318,1.3437261625792662,1.3437261625792658,1.1806777714516354],""samples"":[{""t"":0.0,""x"":[2.7,2.41,-0.0,-0.0],""u"":[-0.0,-0.0]},{""t"":0.1,""x"":[2.699248,2.409457,-0.022444,-0.016199],""u"":[-0.425146,-0.30659]},{""t"":0.2,""x"":[2.69412,2.405761,-0.086439,-0.062222],""u"":[-0.833779,-0.598167]},{""t"":0.3,""x"":[2.680861,2.39624,-0.183284,-0.131348],""u"":[-1.178394,-0.838066]},{""t"":0.4,""x"":[2.656765,2.379028,-0.30104,-0.214363],""u"":[-1.426517,-1.001239]},{""t"":0.5,""x"":[2.620401,2.353247,-0.426375,-0.300978],""u"":[-1.559523,-1.073347]},{""t"":0.6,""x"":[2.571679,2.319053,-0.546077,-0.381001],""u"":[-1.571131,-1.049578]},{""t"":0.7,""x"":[2.511773,2.277575,-0.648227,-0.445243],""u"":[-1.465555,-0.933224]},{""t"":0.8,""x"":[2.442948,2.230784,-0.72305,-0.48617],""u"":[-1.25533,-0.733987]},{""t"":0.9,""x"":[2.368315,2.181303,-0.763427,-0.498299],""u"":[-0.958805,-0.466038]},{""t"":1.0,""x"":[2.291556,2.132196,-0.765074,-0.478335],""u"":[-0.597302,-0.145814]},{""t"":1.115135,""x"":[2.205363,2.079897,-0.727796,-0.429117],""u"":[-0.334259,-0.02158]},{""t"":1.215135,""x"":[2.13504,2.039265,-0.675834,-0.383213],""u"":[-0.128364,0.040989]},{""t"":1.315135,""x"":[2.070715,2.00328,-0.60835,-0.336553],""u"":[0.066017,0.083698]},{""t"":1.415135,""x"":[2.013777,1.971895,-0.528693,-0.291685],""u"":[0.239449,0.099442]},{""t"":1.515135,""x"":[1.965256,1.944787,-0.440649,-0.251481],""u"":[0.386204,0.083982]},{""t"":1.615135,""x"":[1.925799,1.921347,-0.348021,-0.218814],""u"":[0.503938,0.035675]},{""t"":1.715135,""x"":[1.895687,1.900686,-0.254301,-0.196305],""u"":[0.593288,-0.044863]},{""t"":1.815135,""x"":[1.874877,1.881674,-0.162412,-0.186136],""u"":[0.657379,-0.155156]},{""t"":1.915135,""x"":[1.86307,1.862992,-0.074541,-0.189927],""u"":[0.701255,-0.291338]},{""t"":2.015135,""x"":[1.859789,1.84319,0.007951,-0.208674],""u"":[0.731233,-0.448682]},{""t"":2.130271,""x"":[1.86557,1.81718,0.08792,-0.244527],""u"":[0.60969,-0.55899]},{""t"":2.230271,""x"":[1.876884,1.790905,0.134943,-0.281868],""u"":[0.469638,-0.645295]},{""t"":2.330271,""x"":[1.891891,1.76064,0.161973,-0.324196],""u"":[0.321001,-0.728826]},{""t"":2.430271,""x"":[1.908662,1.725933,0.1705,-0.370508],""u"":[0.16937,-0.806036]},{""t"":2.530271,""x"":[1.925437,1.686447,0.162405,-0.41957],""u"":[0.019658,-0.873972]},{""t"":2.630271,""x"":[1.940661,1.641974,0.139849,-0.47],""u"":[-0.123978,-0.930297]},{""t"":2.730271,""x"":[1.953002,1.592449,0.105154,-0.520349],""u"":[-0.25823,-0.973302]},{""t"":2.830271,""x"":[1.961366,1.537955,0.060696,-0.569177],""u"":[-0.380717,-1.001912]},{""t"":2.930271,""x"":[1.964893,1.478711,0.008799,-0.615112],""u"":[-0.490063,-1.015685]},{""t"":3.030271,""x"":[1.96295,1.41507,-0.048367,-0.656916],""u"":[-0.585974,-1.014802]},{""t"":3.130271,""x"":[1.955108,1.347501,-0.10889,-0.693529],""u"":[-0.669311,-1.000052]},{""t"":3.230271,""x"":[1.941113,1.276565,-0.171208,-0.724114],""u"":[-0.742157,-0.97281]},{""t"":3.330271,""x"":[1.920844,1.202898,-0.234211,-0.748096],""u"":[-0.807885,-0.935]},{""t"":3.473997,""x"":[1.881166,1.093733,-0.30987,-0.766411],""u"":[-0.610523,-0.788925]},{""t"":3.573997,""x"":[1.849018,1.017215,-0.328185,-0.761484],""u"":[-0.362153,-0.650114]},{""t"":3.673997,""x"":[1.816485,0.941917,-0.317824,-0.742125],""u"":[-0.098243,-0.50273]},{""t"":3.773997,""x"":[1.78635,0.869245,-0.280607,-0.709135],""u"":[0.172625,-0.350381]},{""t"":3.873997,""x"":[1.761175,0.800509,-0.219079,-0.663611],""u"":[0.441487,-0.196724]},{""t"":3.973997,""x"":[1.743238,0.736895,-0.136458,-0.606913],""u"":[0.69943,-0.045312]},{""t"":4.073997,""x"":[1.734461,0.679446,-0.036528,-0.540614],""u"":[0.938067,0.100586]},{""t"":4.173997,""x"":[1.736369,0.629035,0.076494,-0.466443],""u"":[1.150046,0.238165]},{""t"":4.273997,""x"":[1.750048,0.58636,0.198146,-0.386207],""u"":[1.329611,0.365284]},{""t"":4.373997,""x"":[1.776136,0.551936,0.323942,-0.301702],""u"":[1.473198,0.480687]},{""t"":4.473997,""x"":[1.814832,0.526105,0.449636,-0.214613],""u"":[1.58007,0.584221]},{""t"":4.573997,""x"":[1.865935,0.509051,0.571528,-0.126393],""u"":[1.652998,0.677084]},{""t"":4.673997,""x"":[1.928916,0.500827,0.686809,-0.038139],""u"":[1.698981,0.762079]},{""t"":4.817723,""x"":[2.037973,0.504016,0.816015,0.076056],""u"":[1.317333,0.656639]},{""t"":4.917723,""x"":[2.121479,0.514426,0.845688,0.128286],""u"":[0.888843,0.499232]},{""t"":5.017723,""x"":[2.205496,0.52893,0.827,0.158233],""u"":[0.452675,0.335048]},{""t"":5.117723,""x"":[2.285454,0.545401,0.765636,0.16806],""u"":[0.036493,0.174562]},{""t"":5.217723,""x"":[2.357467,0.561972,0.669651,0.160825],""u"":[-0.330893,0.028655]},{""t"":5.317723,""x"":[2.418567,0.577125,0.54923,0.140388],""u"":[-0.621589,-0.092161]},{""t"":5.417723,""x"":[2.466893,0.589759,0.416257,0.111247],""u"":[-0.810871,-0.178586]},{""t"":5.517723,""x"":[2.501832,0.599247,0.283677,0.078293],""u"":[-0.879645,-0.223456]},{""t"":5.617723,""x"":[2.524082,0.605457,0.164657,0.046496],""u"":[-0.817108,-0.222736]},{""t"":5.717723,""x"":[2.535629,0.608741,0.071555,0.020519],""u"":[-0.623605,-0.176591]},{""t"":5.817723,""x"":[2.539604,0.609885,0.014679,0.004246],""u"":[-0.313694,-0.090534]},{""t"":5.898401,""x"":[2.54,0.61,0.0,0.0],""u"":[0.0,0.0]}]}","{""waypoints"":[{""x"":2.7,""y"":2.41,""z"":-0.25},{""x"":2.04,""y"":1.96,""z"":-0.25},{""x"":2.04,""y"":1.28,""z"":-0.25},{""x"":2.04,""y"":0.6000000000000001,""z"":-0.25},{""x"":2.54,""y"":0.61,""z"":-0.25}],""durations"":[1.5976232346833221,1.3599999999999999,1.3599999999999999,1.000199980003999],""samples"":[{""t"":0.0,""x"":[2.7,2.41,-0.0,-0.0],""u"":[-0.0,0.0]},{""t"":0.1,""x"":[2.699567,2.409784,-0.012946,-0.006455],""u"":[-0.24652,-0.123129]},{""t"":0.2,""x"":[2.696584,2.408292,-0.050642,-0.025383],""u"":[-0.497646,-0.251013]},{""t"":0.3,""x"":[2.688716,2.404331,-0.109968,-0.055587],""u"":[-0.734581,-0.376403]},{""t"":0.4,""x"":[2.674021,2.396858,-0.186327,-0.095295],""u"":[-0.941497,-0.493143]},{""t"":0.5,""x"":[2.651069,2.385027,-0.27411,-0.14234],""u"":[-1.105543,-0.596177]},{""t"":0.6,""x"":[2.619025,2.368226,-0.367111,-0.194309],""u"":[-1.216783,-0.681533]},{""t"":0.7,""x"":[2.577688,2.346085,-0.458883,-0.248685],""u"":[-1.268095,-0.746299]},{""t"":0.8,""x"":[2.527502,2.318492,-0.543052,-0.302962],""u"":[-1.255016,-0.788567]},{""t"":0.9,""x"":[2.469533,2.285576,-0.613578,-0.354748],""u"":[-1.175534,-0.807368]},{""t"":1.0,""x"":[2.405426,2.247699,-0.664955,-0.401845],""u"":[-1.029829,-0.802585]},{""t"":1.1,""x"":[2.337342,2.205429,-0.692375,-0.442312],""u"":[-0.819965,-0.774848]},{""t"":1.2,""x"":[2.267884,2.159513,-0.691829,-0.47451],""u"":[-0.549528,-0.725412]},{""t"":1.3,""x"":[2.200014,2.110846,-0.660162,-0.49713],""u"":[-0.223216,-0.656013]},{""t"":1.4,""x"":[2.136967,2.060439,-0.595074,-0.509195],""u"":[0.153626,-0.568709]},{""t"":1.5,""x"":[2.082164,2.009381,-0.495077,-0.510058],""u"":[0.575521,-0.465702]},{""t"":1.697623,""x"":[2.010975,1.910787,-0.221108,-0.485019],""u"":[0.969981,-0.364937]},{""t"":1.797623,""x"":[1.995049,1.862893,-0.101073,-0.473385],""u"":[0.889829,-0.382248]},{""t"":1.897623,""x"":[1.990021,1.816,-0.003219,-0.465047],""u"":[0.784568,-0.404972]},{""t"":1.997623,""x"":[1.993656,1.769765,0.072157,-0.460258],""u"":[0.654581,-0.433665]},{""t"":2.097623,""x"":[2.003697,1.723821,0.124893,-0.459282],""u"":[0.501408,-0.4685]},{""t"":2.197623,""x"":[2.017882,1.677774,0.155057,-0.462357],""u"":[0.327494,-0.509318]},{""t"":2.297623,""x"":[2.033967,1.631209,0.162996,-0.469663],""u"":[0.135897,-0.555702]},{""t"":2.397623,""x"":[2.049761,1.583697,0.149361,-0.481308],""u"":[-0.070038,-0.607051]},{""t"":2.497623,""x"":[2.063151,1.534801,0.11508,-0.497322],""u"":[-0.287047,-0.662672]},{""t"":2.597623,""x"":[2.072128,1.484088,0.061305,-0.517658],""u"":[-0.512353,-0.721875]},{""t"":2.697623,""x"":[2.074805,1.431129,-0.010691,-0.542206],""u"":[-0.744105,-0.784084]},{""t"":2.797623,""x"":[2.069424,1.375511,-0.099643,-0.570819],""u"":[-0.981863,-0.84896]},{""t"":2.897623,""x"":[2.054347,1.316835,-0.20447,-0.603351],""u"":[-1.227115,-0.916527]},{""t"":3.057623,""x"":[2.007215,1.215927,-0.373442,-0.654414],""u"":[-1.065132,-0.860863]},{""t"":3.157623,""x"":[1.966814,1.149582,-0.427164,-0.670179],""u"":[-0.714478,-0.750783]},{""t"":3.257623,""x"":[1.923235,1.082347,-0.437343,-0.672275],""u"":[-0.33919,-0.630536]},{""t"":3.357623,""x"":[1.880708,1.015566,-0.406676,-0.661206],""u"":[0.046778,-0.502834]},{""t"":3.457623,""x"":[1.843131,0.95052,-0.33911,-0.637727],""u"":[0.428036,-0.370726]},{""t"":3.557623,""x"":[1.813945,0.888402,-0.239827,-0.60284],""u"":[0.7886,-0.237422]},{""t"":3.657623,""x"":[1.796014,0.830291,-0.115123,-0.557781],""u"":[1.112828,-0.106096]},{""t"":3.757623,""x"":[1.791528,0.777137,0.027795,-0.503971],""u"":[1.38645,0.020326]},{""t"":3.857623,""x"":[1.80192,0.729737,0.181107,-0.442969],""u"":[1.597679,0.139404]},{""t"":3.957623,""x"":[1.827828,0.688729,0.336765,-0.376387],""u"":[1.738422,0.249435]},{""t"":4.057623,""x"":[1.86909,0.654593,0.486967,-0.305794],""u"":[1.805574,0.349725]},{""t"":4.157623,""x"":[1.924805,0.627657,0.624728,-0.232604],""u"":[1.802407,0.440884]},{""t"":4.257623,""x"":[1.993435,0.608121,0.744535,-0.157936],""u"":[1.740049,0.525135]},{""t"":4.417623,""x"":[2.124334,0.592182,0.869271,-0.046842],""u"":[1.140825,0.464956]},{""t"":4.517623,""x"":[2.211688,0.590001,0.867388,0.00014],""u"":[0.570932,0.344465]},{""t"":4.617623,""x"":[2.295851,0.591621,0.806845,0.029483],""u"":[0.018577,0.221973]},{""t"":4.717623,""x"":[2.371449,0.595381,0.698208,0.043358],""u"":[-0.466431,0.10773]},{""t"":4.817623,""x"":[2.434374,0.599877,0.556124,0.044776],""u"":[-0.835216,0.011804]},{""t"":4.917623,""x"":[2.482155,0.604043,0.398524,0.037424],""u"":[-1.045146,-0.057015]},{""t"":5.017623,""x"":[2.514225,0.607206,0.245324,0.025401],""u"":[-1.065634,-0.09241]},{""t"":5.117623,""x"":[2.532039,0.609106,0.116637,0.012849],""u"":[-0.884444,-0.091848]},{""t"":5.217623,""x"":[2.538976,0.609883,0.030482,0.003479],""u"":[-0.514488,-0.057975]},{""t"":5.317623,""x"":[2.54,0.61,0.0,0.0],""u"":[-0.001121,-0.000129]},{""t"":5.317823,""x"":[2.54,0.61,-0.0,-0.0],""u"":[-0.0,-0.0]}]}",1.107929,0.425919,1.917664,1.663389,0.05,0.05,True,rrt_planner,http://172.22.224.93:8000/v1,"You are an expert UAV pilot/planner. Generate sparse collision-free 2D routing waypoints for a quadrotor in NED frame assuming it is airborne at the provided start location. A separate module will interpolate them and generate dynamically feasible trajectories, so output only high-level waypoints.
Mission state: the UAV has already taken off and is holding hover at the start position. Use this hover position as the first waypoint/reference for planning. Workspace: x=[0.00,4.00]m, y=[0.00,4.00]m, z=-0.25 fixed. Start: (2.70,2.41,-0.25), Goal: (2.54,0.61,-0.25), distance≈1.81m. Obstacles with x-y spans: 1 obstacle: x=[2.55,3.20], y=[1.13,1.48]. 2 obstacle: x=[0.80,1.35], y=[2.29,3.02].
Constraints:
- all waypoints in NED frame, z must stay -0.25
- final waypoint must be goal coordinates
- maintain >=0.40m clearance from obstacle x-y boxes
- stay within workspace
- no waypoint should be within obstacle boxes, walls, or near corners
- prefer sparse, smooth, monotonic progress through open space
- return only the structured output requested by the response model"
6,"{""x"":2.3,""y"":2.03,""z"":-0.25}","{""x"":0.73,""y"":2.49,""z"":-0.25}","{""x"":[0.0,4.0],""y"":[0.0,4.0],""z"":-0.25}","[{""id"":1,""label"":""box_1"",""shape"":""box"",""min_corner"":[2.74,0.83,-0.75],""max_corner"":[3.2,1.09,0.25],""size"":[0.47,0.25,1.0]},{""id"":2,""label"":""box_2"",""shape"":""box"",""min_corner"":[2.46,0.9,-0.75],""max_corner"":[3.1,1.47,0.25],""size"":[0.64,0.56,1.0]},{""id"":3,""label"":""box_3"",""shape"":""box"",""min_corner"":[0.53,0.31,-0.75],""max_corner"":[1.24,0.77,0.25],""size"":[0.7,0.46,1.0]},{""id"":4,""label"":""box_4"",""shape"":""box"",""min_corner"":[3.38,3.0,-0.75],""max_corner"":[3.89,3.29,0.25],""size"":[0.51,0.29,1.0]}]","[{""x"":2.3,""y"":2.03,""z"":-0.25},{""x"":0.73,""y"":2.49,""z"":-0.25}]","[{""x"":2.3,""y"":2.03,""z"":-0.25},{""x"":0.73,""y"":2.49,""z"":-0.25}]","[{""x"":2.3,""y"":2.03,""z"":-0.25},{""x"":1.515,""y"":2.26,""z"":-0.25},{""x"":0.73,""y"":2.49,""z"":-0.25}]","[{""x"":2.3,""y"":2.03,""z"":-0.25},{""x"":1.515,""y"":2.26,""z"":-0.25},{""x"":0.73,""y"":2.49,""z"":-0.25}]","{""collision_free"":true,""min_clearance_m"":0.582,""goal_clearance_m"":1.72,""max_segment_speed"":0.409,""max_segment_accel"":0.0,""monotonic_goal_progress"":true,""smoothness_score"":1.0,""passed"":true,""goal_match"":true,""in_workspace"":true,""nominal_dt_s"":2.0,""failed_constraints"":[],""thresholds"":{""min_clearance_m"":0.4,""max_segment_speed"":1.5,""max_segment_accel"":1.5,""goal_tolerance_m"":0.05,""progress_tolerance_m"":0.001},""feedback_table"":""| Metric | Value | Required | Status |\n|---|---:|---:|---|\n| in_workspace | True | true | PASS |\n| goal_clearance | 1.720 | >= 0.400 | PASS |\n| collision_free | True | true | PASS |\n| min_clearance_m | 0.582 | >= 0.400 | PASS |\n| goal_match | True | true | PASS |\n| monotonic_goal_progress | True | true | PASS |\n| max_segment_speed | 0.409 | <= 1.500 | PASS |\n| max_segment_accel | 0.000 | <= 1.500 | PASS |""}","{""collision_free"":true,""min_clearance_m"":0.582,""goal_clearance_m"":1.72,""max_segment_speed"":0.409,""max_segment_accel"":0.0,""monotonic_goal_progress"":true,""smoothness_score"":1.0,""passed"":true,""goal_match"":true,""in_workspace"":true,""nominal_dt_s"":2.0,""failed_constraints"":[],""thresholds"":{""min_clearance_m"":0.4,""max_segment_speed"":1.5,""max_segment_accel"":1.5,""goal_tolerance_m"":0.05,""progress_tolerance_m"":0.001},""feedback_table"":""| Metric | Value | Required | Status |\n|---|---:|---:|---|\n| in_workspace | True | true | PASS |\n| goal_clearance | 1.720 | >= 0.400 | PASS |\n| collision_free | True | true | PASS |\n| min_clearance_m | 0.582 | >= 0.400 | PASS |\n| goal_match | True | true | PASS |\n| monotonic_goal_progress | True | true | PASS |\n| max_segment_speed | 0.409 | <= 1.500 | PASS |\n| max_segment_accel | 0.000 | <= 1.500 | PASS |""}","{""waypoints"":[{""x"":2.3,""y"":2.03,""z"":-0.25},{""x"":1.515,""y"":2.26,""z"":-0.25},{""x"":0.73,""y"":2.49,""z"":-0.25}],""durations"":[1.6360012224934306,1.6360012224934308],""samples"":[{""t"":0.0,""x"":[2.3,2.03,-0.0,0.0],""u"":[-0.0,0.0]},{""t"":0.1,""x"":[2.299687,2.030092,-0.00937,0.002745],""u"":[-0.178969,0.052437]},{""t"":0.2,""x"":[2.297517,2.030728,-0.036995,0.010839],""u"":[-0.367603,0.107705]},{""t"":0.3,""x"":[2.291724,2.032425,-0.081527,0.023887],""u"":[-0.557465,0.163334]},{""t"":0.4,""x"":[2.280715,2.03565,-0.140921,0.041289],""u"":[-0.740968,0.217099]},{""t"":0.5,""x"":[2.263129,2.040803,-0.212606,0.062292],""u"":[-0.911433,0.267044]},{""t"":0.6,""x"":[2.237882,2.0482,-0.293631,0.086032],""u"":[-1.06313,0.31149]},{""t"":0.7,""x"":[2.204198,2.058069,-0.380807,0.111574],""u"":[-1.191314,0.349048]},{""t"":0.8,""x"":[2.161626,2.070543,-0.470837,0.137952],""u"":[-1.292245,0.37862]},{""t"":0.9,""x"":[2.110045,2.085656,-0.560432,0.164203],""u"":[-1.363196,0.399408]},{""t"":1.0,""x"":[2.04966,2.103348,-0.646415,0.189395],""u"":[-1.402449,0.410909]},{""t"":1.1,""x"":[1.980982,2.12347,-0.725812,0.212658],""u"":[-1.409286,0.412912]},{""t"":1.2,""x"":[1.904807,2.145789,-0.795939,0.233205],""u"":[-1.383957,0.40549]},{""t"":1.3,""x"":[1.822182,2.169998,-0.854465,0.250353],""u"":[-1.327643,0.388991]},{""t"":1.4,""x"":[1.734365,2.195727,-0.899473,0.26354],""u"":[-1.24241,0.364018]},{""t"":1.5,""x"":[1.642787,2.222559,-0.929505,0.272339],""u"":[-1.13114,0.331417]},{""t"":1.6,""x"":[1.548996,2.250039,-0.943595,0.276467],""u"":[-0.997464,0.292251]},{""t"":1.736001,""x"":[1.420808,2.287598,-0.936449,0.274374],""u"":[-0.787512,0.230736]},{""t"":1.836001,""x"":[1.32825,2.314717,-0.912071,0.267231],""u"":[-0.618966,0.181353]},{""t"":1.936001,""x"":[1.238907,2.340894,-0.872312,0.255582],""u"":[-0.444467,0.130226]},{""t"":2.036001,""x"":[1.154258,2.365695,-0.818455,0.239802],""u"":[-0.269746,0.079034]},{""t"":2.136001,""x"":[1.075628,2.388733,-0.752256,0.220406],""u"":[-0.100682,0.029499]},{""t"":2.236001,""x"":[1.004145,2.409677,-0.675904,0.198036],""u"":[0.056843,-0.016655]},{""t"":2.336001,""x"":[0.9407,2.428266,-0.591964,0.173442],""u"":[0.19711,-0.057752]},{""t"":2.436001,""x"":[0.88591,2.444319,-0.503312,0.147467],""u"":[0.314729,-0.092214]},{""t"":2.536001,""x"":[0.840091,2.457744,-0.413063,0.121025],""u"":[0.404828,-0.118612]},{""t"":2.636001,""x"":[0.803242,2.468541,-0.324478,0.09507],""u"":[0.463248,-0.135729]},{""t"":2.736001,""x"":[0.77503,2.476807,-0.240863,0.070571],""u"":[0.48675,-0.142615]},{""t"":2.836001,""x"":[0.754795,2.482735,-0.16546,0.048479],""u"":[0.473238,-0.138656]},{""t"":2.936001,""x"":[0.741562,2.486612,-0.101322,0.029687],""u"":[0.421986,-0.123639]},{""t"":3.036001,""x"":[0.734064,2.488809,-0.051173,0.014993],""u"":[0.333883,-0.097826]},{""t"":3.136001,""x"":[0.730785,2.48977,-0.017266,0.005059],""u"":[0.211693,-0.062025]},{""t"":3.236001,""x"":[0.730015,2.489996,-0.001219,0.000357],""u"":[0.060315,-0.017672]},{""t"":3.272002,""x"":[0.73,2.49,-0.0,0.0],""u"":[-0.0,0.0]}]}","{""waypoints"":[{""x"":2.3,""y"":2.03,""z"":-0.25},{""x"":1.515,""y"":2.26,""z"":-0.25},{""x"":0.73,""y"":2.49,""z"":-0.25}],""durations"":[1.6360012224934306,1.6360012224934308],""samples"":[{""t"":0.0,""x"":[2.3,2.03,-0.0,0.0],""u"":[-0.0,0.0]},{""t"":0.1,""x"":[2.299687,2.030092,-0.00937,0.002745],""u"":[-0.178969,0.052437]},{""t"":0.2,""x"":[2.297517,2.030728,-0.036995,0.010839],""u"":[-0.367603,0.107705]},{""t"":0.3,""x"":[2.291724,2.032425,-0.081527,0.023887],""u"":[-0.557465,0.163334]},{""t"":0.4,""x"":[2.280715,2.03565,-0.140921,0.041289],""u"":[-0.740968,0.217099]},{""t"":0.5,""x"":[2.263129,2.040803,-0.212606,0.062292],""u"":[-0.911433,0.267044]},{""t"":0.6,""x"":[2.237882,2.0482,-0.293631,0.086032],""u"":[-1.06313,0.31149]},{""t"":0.7,""x"":[2.204198,2.058069,-0.380807,0.111574],""u"":[-1.191314,0.349048]},{""t"":0.8,""x"":[2.161626,2.070543,-0.470837,0.137952],""u"":[-1.292245,0.37862]},{""t"":0.9,""x"":[2.110045,2.085656,-0.560432,0.164203],""u"":[-1.363196,0.399408]},{""t"":1.0,""x"":[2.04966,2.103348,-0.646415,0.189395],""u"":[-1.402449,0.410909]},{""t"":1.1,""x"":[1.980982,2.12347,-0.725812,0.212658],""u"":[-1.409286,0.412912]},{""t"":1.2,""x"":[1.904807,2.145789,-0.795939,0.233205],""u"":[-1.383957,0.40549]},{""t"":1.3,""x"":[1.822182,2.169998,-0.854465,0.250353],""u"":[-1.327643,0.388991]},{""t"":1.4,""x"":[1.734365,2.195727,-0.899473,0.26354],""u"":[-1.24241,0.364018]},{""t"":1.5,""x"":[1.642787,2.222559,-0.929505,0.272339],""u"":[-1.13114,0.331417]},{""t"":1.6,""x"":[1.548996,2.250039,-0.943595,0.276467],""u"":[-0.997464,0.292251]},{""t"":1.736001,""x"":[1.420808,2.287598,-0.936449,0.274374],""u"":[-0.787512,0.230736]},{""t"":1.836001,""x"":[1.32825,2.314717,-0.912071,0.267231],""u"":[-0.618966,0.181353]},{""t"":1.936001,""x"":[1.238907,2.340894,-0.872312,0.255582],""u"":[-0.444467,0.130226]},{""t"":2.036001,""x"":[1.154258,2.365695,-0.818455,0.239802],""u"":[-0.269746,0.079034]},{""t"":2.136001,""x"":[1.075628,2.388733,-0.752256,0.220406],""u"":[-0.100682,0.029499]},{""t"":2.236001,""x"":[1.004145,2.409677,-0.675904,0.198036],""u"":[0.056843,-0.016655]},{""t"":2.336001,""x"":[0.9407,2.428266,-0.591964,0.173442],""u"":[0.19711,-0.057752]},{""t"":2.436001,""x"":[0.88591,2.444319,-0.503312,0.147467],""u"":[0.314729,-0.092214]},{""t"":2.536001,""x"":[0.840091,2.457744,-0.413063,0.121025],""u"":[0.404828,-0.118612]},{""t"":2.636001,""x"":[0.803242,2.468541,-0.324478,0.09507],""u"":[0.463248,-0.135729]},{""t"":2.736001,""x"":[0.77503,2.476807,-0.240863,0.070571],""u"":[0.48675,-0.142615]},{""t"":2.836001,""x"":[0.754795,2.482735,-0.16546,0.048479],""u"":[0.473238,-0.138656]},{""t"":2.936001,""x"":[0.741562,2.486612,-0.101322,0.029687],""u"":[0.421986,-0.123639]},{""t"":3.036001,""x"":[0.734064,2.488809,-0.051173,0.014993],""u"":[0.333883,-0.097826]},{""t"":3.136001,""x"":[0.730785,2.48977,-0.017266,0.005059],""u"":[0.211693,-0.062025]},{""t"":3.236001,""x"":[0.730015,2.489996,-0.001219,0.000357],""u"":[0.060315,-0.017672]},{""t"":3.272002,""x"":[0.73,2.49,-0.0,0.0],""u"":[-0.0,0.0]}]}",0.0,0.0,1.917664,1.663389,0.05,0.05,True,rrt_planner,http://172.22.224.93:8000/v1,"You are an expert UAV pilot/planner. Generate sparse collision-free 2D routing waypoints for a quadrotor in NED frame assuming it is airborne at the provided start location. A separate module will interpolate them and generate dynamically feasible trajectories, so output only high-level waypoints.
Mission state: the UAV has already taken off and is holding hover at the start position. Use this hover position as the first waypoint/reference for planning. Workspace: x=[0.00,4.00]m, y=[0.00,4.00]m, z=-0.25 fixed. Start: (2.30,2.03,-0.25), Goal: (0.73,2.49,-0.25), distance≈1.64m. Obstacles with x-y spans: 1 obstacle: x=[2.74,3.20], y=[0.83,1.09]. 2 obstacle: x=[2.46,3.10], y=[0.90,1.47]. 3 obstacle: x=[0.53,1.24], y=[0.31,0.77]. 4 obstacle: x=[3.38,3.89], y=[3.00,3.29].
Constraints:
- all waypoints in NED frame, z must stay -0.25
- final waypoint must be goal coordinates
- maintain >=0.40m clearance from obstacle x-y boxes
- stay within workspace
- no waypoint should be within obstacle boxes, walls, or near corners
- prefer sparse, smooth, monotonic progress through open space
- return only the structured output requested by the response model"
7,"{""x"":3.55,""y"":3.24,""z"":-0.25}","{""x"":2.85,""y"":1.01,""z"":-0.25}","{""x"":[0.0,4.0],""y"":[0.0,4.0],""z"":-0.25}","[{""id"":1,""label"":""box_1"",""shape"":""box"",""min_corner"":[0.26,2.64,-0.75],""max_corner"":[0.97,3.26,0.25],""size"":[0.71,0.63,1.0]}]","[{""x"":3.55,""y"":3.24,""z"":-0.25},{""x"":2.85,""y"":1.01,""z"":-0.25}]","[{""x"":3.55,""y"":3.24,""z"":-0.25},{""x"":2.85,""y"":1.01,""z"":-0.25}]","[{""x"":3.55,""y"":3.24,""z"":-0.25},{""x"":3.3166666666666664,""y"":2.496666666666667,""z"":-0.25},{""x"":3.0833333333333335,""y"":1.7533333333333334,""z"":-0.25},{""x"":2.85,""y"":1.0099999999999998,""z"":-0.25}]","[{""x"":3.55,""y"":3.24,""z"":-0.25},{""x"":3.3166666666666664,""y"":2.496666666666667,""z"":-0.25},{""x"":3.0833333333333335,""y"":1.7533333333333334,""z"":-0.25},{""x"":2.85,""y"":1.0099999999999998,""z"":-0.25}]","{""collision_free"":true,""min_clearance_m"":2.292,""goal_clearance_m"":2.488,""max_segment_speed"":0.39,""max_segment_accel"":0.0,""monotonic_goal_progress"":true,""smoothness_score"":1.0,""passed"":true,""goal_match"":true,""in_workspace"":true,""nominal_dt_s"":2.0,""failed_constraints"":[],""thresholds"":{""min_clearance_m"":0.4,""max_segment_speed"":1.5,""max_segment_accel"":1.5,""goal_tolerance_m"":0.05,""progress_tolerance_m"":0.001},""feedback_table"":""| Metric | Value | Required | Status |\n|---|---:|---:|---|\n| in_workspace | True | true | PASS |\n| goal_clearance | 2.488 | >= 0.400 | PASS |\n| collision_free | True | true | PASS |\n| min_clearance_m | 2.292 | >= 0.400 | PASS |\n| goal_match | True | true | PASS |\n| monotonic_goal_progress | True | true | PASS |\n| max_segment_speed | 0.390 | <= 1.500 | PASS |\n| max_segment_accel | 0.000 | <= 1.500 | PASS |""}","{""collision_free"":true,""min_clearance_m"":2.292,""goal_clearance_m"":2.488,""max_segment_speed"":0.39,""max_segment_accel"":0.0,""monotonic_goal_progress"":true,""smoothness_score"":1.0,""passed"":true,""goal_match"":true,""in_workspace"":true,""nominal_dt_s"":2.0,""failed_constraints"":[],""thresholds"":{""min_clearance_m"":0.4,""max_segment_speed"":1.5,""max_segment_accel"":1.5,""goal_tolerance_m"":0.05,""progress_tolerance_m"":0.001},""feedback_table"":""| Metric | Value | Required | Status |\n|---|---:|---:|---|\n| in_workspace | True | true | PASS |\n| goal_clearance | 2.488 | >= 0.400 | PASS |\n| collision_free | True | true | PASS |\n| min_clearance_m | 2.292 | >= 0.400 | PASS |\n| goal_match | True | true | PASS |\n| monotonic_goal_progress | True | true | PASS |\n| max_segment_speed | 0.390 | <= 1.500 | PASS |\n| max_segment_accel | 0.000 | <= 1.500 | PASS |""}","{""waypoints"":[{""x"":3.55,""y"":3.24,""z"":-0.25},{""x"":3.3166666666666664,""y"":2.496666666666667,""z"":-0.25},{""x"":3.0833333333333335,""y"":1.7533333333333334,""z"":-0.25},{""x"":2.85,""y"":1.0099999999999998,""z"":-0.25}],""durations"":[1.5581898329650192,1.55818983296502,1.5581898329650201],""samples"":[{""t"":0.0,""x"":[3.55,3.24,-0.0,-0.0],""u"":[-0.0,-0.0]},{""t"":0.1,""x"":[3.549865,3.23957,-0.004042,-0.012878],""u"":[-0.077037,-0.245418]},{""t"":0.2,""x"":[3.548932,3.236598,-0.015851,-0.050496],""u"":[-0.156213,-0.497652]},{""t"":0.3,""x"":[3.546464,3.228737,-0.034554,-0.110078],""u"":[-0.232273,-0.739954]},{""t"":0.4,""x"":[3.541834,3.213986,-0.058865,-0.187528],""u"":[-0.300782,-0.958207]},{""t"":0.5,""x"":[3.534557,3.190802,-0.087217,-0.277848],""u"":[-0.358138,-1.140924]},{""t"":0.6,""x"":[3.524314,3.158171,-0.117871,-0.375503],""u"":[-0.401546,-1.279212]},{""t"":0.7,""x"":[3.510966,3.115648,-0.149022,-0.47474],""u"":[-0.429004,-1.366685]},{""t"":0.8,""x"":[3.494553,3.063361,-0.178883,-0.569869],""u"":[-0.439253,-1.399335]},{""t"":0.9,""x"":[3.475289,3.001992,-0.20576,-0.655493],""u"":[-0.431725,-1.375354]},{""t"":1.0,""x"":[3.453552,2.932743,-0.228111,-0.726696],""u"":[-0.406477,-1.294918]},{""t"":1.1,""x"":[3.429863,2.857277,-0.244588,-0.779186],""u"":[-0.364101,-1.159921]},{""t"":1.2,""x"":[3.404868,2.77765,-0.25407,-0.809395],""u"":[-0.305635,-0.973665]},{""t"":1.3,""x"":[3.379311,2.696235,-0.255681,-0.814526],""u"":[-0.232446,-0.740507]},{""t"":1.4,""x"":[3.354015,2.615648,-0.248788,-0.792569],""u"":[-0.146109,-0.46546]},{""t"":1.5,""x"":[3.329851,2.538667,-0.232996,-0.742258],""u"":[-0.048262,-0.153748]},{""t"":1.65819,""x"":[3.29594,2.430637,-0.195363,-0.622371],""u"":[0.012748,0.040611]},{""t"":1.75819,""x"":[3.277501,2.371897,-0.173882,-0.553937],""u"":[0.008345,0.026584]},{""t"":1.85819,""x"":[3.261066,2.319538,-0.155334,-0.49485],""u"":[-0.000637,-0.002029]},{""t"":1.95819,""x"":[3.24633,2.272595,-0.139918,-0.44574],""u"":[-0.014651,-0.046675]},{""t"":2.05819,""x"":[3.232971,2.230036,-0.127843,-0.407272],""u"":[-0.033857,-0.10786]},{""t"":2.15819,""x"":[3.220644,2.190765,-0.119299,-0.380052],""u"":[-0.058152,-0.185254]},{""t"":2.25819,""x"":[3.208988,2.153635,-0.114431,-0.364545],""u"":[-0.08721,-0.277827]},{""t"":2.35819,""x"":[3.197632,2.117456,-0.113329,-0.361033],""u"":[-0.120536,-0.383994]},{""t"":2.45819,""x"":[3.186196,2.081026,-0.116012,-0.36958],""u"":[-0.157514,-0.501794]},{""t"":2.55819,""x"":[3.174305,2.043143,-0.122431,-0.390031],""u"":[-0.197471,-0.629086]},{""t"":2.65819,""x"":[3.161589,2.002635,-0.132473,-0.42202],""u"":[-0.239748,-0.76377]},{""t"":2.75819,""x"":[3.147695,1.958372,-0.145969,-0.465016],""u"":[-0.283775,-0.904026]},{""t"":2.85819,""x"":[3.132287,1.909286,-0.16272,-0.518379],""u"":[-0.329151,-1.048581]},{""t"":2.95819,""x"":[3.11505,1.854373,-0.182516,-0.581445],""u"":[-0.375738,-1.196995]},{""t"":3.05819,""x"":[3.095688,1.792693,-0.205176,-0.653631],""u"":[-0.423756,-1.349967]},{""t"":3.21638,""x"":[3.060241,1.679768,-0.240698,-0.766795],""u"":[-0.390927,-1.245383]},{""t"":3.31638,""x"":[3.035495,1.600934,-0.252735,-0.805142],""u"":[-0.321769,-1.025065]},{""t"":3.41638,""x"":[3.009986,1.519671,-0.256011,-0.815578],""u"":[-0.247282,-0.78777]},{""t"":3.51638,""x"":[2.984569,1.438698,-0.251018,-0.799672],""u"":[-0.170081,-0.54183]},{""t"":3.61638,""x"":[2.960034,1.360538,-0.238491,-0.759763],""u"":[-0.093137,-0.296708]},{""t"":3.71638,""x"":[2.937089,1.287442,-0.219408,-0.698971],""u"":[-0.019654,-0.062612]},{""t"":3.81638,""x"":[2.916331,1.221311,-0.194989,-0.621178],""u"":[0.047068,0.149945]},{""t"":3.91638,""x"":[2.898222,1.163622,-0.166666,-0.530951],""u"":[0.103781,0.330616]},{""t"":4.01638,""x"":[2.883074,1.115365,-0.136053,-0.433426],""u"":[0.147456,0.469752]},{""t"":4.11638,""x"":[2.87103,1.076995,-0.10489,-0.334149],""u"":[0.17546,0.558966]},{""t"":4.21638,""x"":[2.862054,1.048402,-0.07498,-0.238866],""u"":[0.185751,0.591748]},{""t"":4.31638,""x"":[2.855932,1.028898,-0.048114,-0.153277],""u"":[0.177079,0.564124]},{""t"":4.41638,""x"":[2.852274,1.017244,-0.02597,-0.082733],""u"":[0.149215,0.475356]},{""t"":4.51638,""x"":[2.850532,1.011694,-0.010014,-0.031902],""u"":[0.103177,0.328693]},{""t"":4.61638,""x"":[2.850027,1.010085,-0.001375,-0.00438],""u"":[0.041487,0.132165]},{""t"":4.674569,""x"":[2.85,1.01,0.0,-0.0],""u"":[-0.0,-0.0]}]}","{""waypoints"":[{""x"":3.55,""y"":3.24,""z"":-0.25},{""x"":3.3166666666666664,""y"":2.496666666666667,""z"":-0.25},{""x"":3.0833333333333335,""y"":1.7533333333333334,""z"":-0.25},{""x"":2.85,""y"":1.0099999999999998,""z"":-0.25}],""durations"":[1.5581898329650192,1.55818983296502,1.5581898329650201],""samples"":[{""t"":0.0,""x"":[3.55,3.24,-0.0,-0.0],""u"":[-0.0,-0.0]},{""t"":0.1,""x"":[3.549865,3.23957,-0.004042,-0.012878],""u"":[-0.077037,-0.245418]},{""t"":0.2,""x"":[3.548932,3.236598,-0.015851,-0.050496],""u"":[-0.156213,-0.497652]},{""t"":0.3,""x"":[3.546464,3.228737,-0.034554,-0.110078],""u"":[-0.232273,-0.739954]},{""t"":0.4,""x"":[3.541834,3.213986,-0.058865,-0.187528],""u"":[-0.300782,-0.958207]},{""t"":0.5,""x"":[3.534557,3.190802,-0.087217,-0.277848],""u"":[-0.358138,-1.140924]},{""t"":0.6,""x"":[3.524314,3.158171,-0.117871,-0.375503],""u"":[-0.401546,-1.279212]},{""t"":0.7,""x"":[3.510966,3.115648,-0.149022,-0.47474],""u"":[-0.429004,-1.366685]},{""t"":0.8,""x"":[3.494553,3.063361,-0.178883,-0.569869],""u"":[-0.439253,-1.399335]},{""t"":0.9,""x"":[3.475289,3.001992,-0.20576,-0.655493],""u"":[-0.431725,-1.375354]},{""t"":1.0,""x"":[3.453552,2.932743,-0.228111,-0.726696],""u"":[-0.406477,-1.294918]},{""t"":1.1,""x"":[3.429863,2.857277,-0.244588,-0.779186],""u"":[-0.364101,-1.159921]},{""t"":1.2,""x"":[3.404868,2.77765,-0.25407,-0.809395],""u"":[-0.305635,-0.973665]},{""t"":1.3,""x"":[3.379311,2.696235,-0.255681,-0.814526],""u"":[-0.232446,-0.740507]},{""t"":1.4,""x"":[3.354015,2.615648,-0.248788,-0.792569],""u"":[-0.146109,-0.46546]},{""t"":1.5,""x"":[3.329851,2.538667,-0.232996,-0.742258],""u"":[-0.048262,-0.153748]},{""t"":1.65819,""x"":[3.29594,2.430637,-0.195363,-0.622371],""u"":[0.012748,0.040611]},{""t"":1.75819,""x"":[3.277501,2.371897,-0.173882,-0.553937],""u"":[0.008345,0.026584]},{""t"":1.85819,""x"":[3.261066,2.319538,-0.155334,-0.49485],""u"":[-0.000637,-0.002029]},{""t"":1.95819,""x"":[3.24633,2.272595,-0.139918,-0.44574],""u"":[-0.014651,-0.046675]},{""t"":2.05819,""x"":[3.232971,2.230036,-0.127843,-0.407272],""u"":[-0.033857,-0.10786]},{""t"":2.15819,""x"":[3.220644,2.190765,-0.119299,-0.380052],""u"":[-0.058152,-0.185254]},{""t"":2.25819,""x"":[3.208988,2.153635,-0.114431,-0.364545],""u"":[-0.08721,-0.277827]},{""t"":2.35819,""x"":[3.197632,2.117456,-0.113329,-0.361033],""u"":[-0.120536,-0.383994]},{""t"":2.45819,""x"":[3.186196,2.081026,-0.116012,-0.36958],""u"":[-0.157514,-0.501794]},{""t"":2.55819,""x"":[3.174305,2.043143,-0.122431,-0.390031],""u"":[-0.197471,-0.629086]},{""t"":2.65819,""x"":[3.161589,2.002635,-0.132473,-0.42202],""u"":[-0.239748,-0.76377]},{""t"":2.75819,""x"":[3.147695,1.958372,-0.145969,-0.465016],""u"":[-0.283775,-0.904026]},{""t"":2.85819,""x"":[3.132287,1.909286,-0.16272,-0.518379],""u"":[-0.329151,-1.048581]},{""t"":2.95819,""x"":[3.11505,1.854373,-0.182516,-0.581445],""u"":[-0.375738,-1.196995]},{""t"":3.05819,""x"":[3.095688,1.792693,-0.205176,-0.653631],""u"":[-0.423756,-1.349967]},{""t"":3.21638,""x"":[3.060241,1.679768,-0.240698,-0.766795],""u"":[-0.390927,-1.245383]},{""t"":3.31638,""x"":[3.035495,1.600934,-0.252735,-0.805142],""u"":[-0.321769,-1.025065]},{""t"":3.41638,""x"":[3.009986,1.519671,-0.256011,-0.815578],""u"":[-0.247282,-0.78777]},{""t"":3.51638,""x"":[2.984569,1.438698,-0.251018,-0.799672],""u"":[-0.170081,-0.54183]},{""t"":3.61638,""x"":[2.960034,1.360538,-0.238491,-0.759763],""u"":[-0.093137,-0.296708]},{""t"":3.71638,""x"":[2.937089,1.287442,-0.219408,-0.698971],""u"":[-0.019654,-0.062612]},{""t"":3.81638,""x"":[2.916331,1.221311,-0.194989,-0.621178],""u"":[0.047068,0.149945]},{""t"":3.91638,""x"":[2.898222,1.163622,-0.166666,-0.530951],""u"":[0.103781,0.330616]},{""t"":4.01638,""x"":[2.883074,1.115365,-0.136053,-0.433426],""u"":[0.147456,0.469752]},{""t"":4.11638,""x"":[2.87103,1.076995,-0.10489,-0.334149],""u"":[0.17546,0.558966]},{""t"":4.21638,""x"":[2.862054,1.048402,-0.07498,-0.238866],""u"":[0.185751,0.591748]},{""t"":4.31638,""x"":[2.855932,1.028898,-0.048114,-0.153277],""u"":[0.177079,0.564124]},{""t"":4.41638,""x"":[2.852274,1.017244,-0.02597,-0.082733],""u"":[0.149215,0.475356]},{""t"":4.51638,""x"":[2.850532,1.011694,-0.010014,-0.031902],""u"":[0.103177,0.328693]},{""t"":4.61638,""x"":[2.850027,1.010085,-0.001375,-0.00438],""u"":[0.041487,0.132165]},{""t"":4.674569,""x"":[2.85,1.01,0.0,-0.0],""u"":[-0.0,-0.0]}]}",0.0,0.0,1.917664,1.663389,0.05,0.05,True,rrt_planner,http://172.22.224.93:8000/v1,"You are an expert UAV pilot/planner. Generate sparse collision-free 2D routing waypoints for a quadrotor in NED frame assuming it is airborne at the provided start location. A separate module will interpolate them and generate dynamically feasible trajectories, so output only high-level waypoints.
Mission state: the UAV has already taken off and is holding hover at the start position. Use this hover position as the first waypoint/reference for planning. Workspace: x=[0.00,4.00]m, y=[0.00,4.00]m, z=-0.25 fixed. Start: (3.55,3.24,-0.25), Goal: (2.85,1.01,-0.25), distance≈2.34m. Obstacles with x-y spans: 1 obstacle: x=[0.26,0.97], y=[2.64,3.26].
Constraints:
- all waypoints in NED frame, z must stay -0.25
- final waypoint must be goal coordinates
- maintain >=0.40m clearance from obstacle x-y boxes
- stay within workspace
- no waypoint should be within obstacle boxes, walls, or near corners
- prefer sparse, smooth, monotonic progress through open space
- return only the structured output requested by the response model"
8,"{""x"":0.47,""y"":3.62,""z"":-0.25}","{""x"":1.6,""y"":1.34,""z"":-0.25}","{""x"":[0.0,4.0],""y"":[0.0,4.0],""z"":-0.25}","[{""id"":1,""label"":""box_1"",""shape"":""box"",""min_corner"":[3.1,2.03,-0.75],""max_corner"":[3.75,2.71,0.25],""size"":[0.65,0.67,1.0]},{""id"":2,""label"":""box_2"",""shape"":""box"",""min_corner"":[2.31,0.97,-0.75],""max_corner"":[2.69,1.51,0.25],""size"":[0.38,0.54,1.0]},{""id"":3,""label"":""box_3"",""shape"":""box"",""min_corner"":[0.45,1.28,-0.75],""max_corner"":[1.19,1.97,0.25],""size"":[0.74,0.68,1.0]}]","[{""x"":0.47,""y"":3.62,""z"":-0.25},{""x"":1.96,""y"":2.13,""z"":-0.25},{""x"":1.6,""y"":1.34,""z"":-0.25}]","[{""x"":0.47,""y"":3.62,""z"":-0.25},{""x"":1.79,""y"":2.43,""z"":-0.25},{""x"":1.6,""y"":1.34,""z"":-0.25}]","[{""x"":0.47,""y"":3.62,""z"":-0.25},{""x"":0.9666666666666666,""y"":3.1233333333333335,""z"":-0.25},{""x"":1.4633333333333334,""y"":2.626666666666667,""z"":-0.25},{""x"":1.96,""y"":2.13,""z"":-0.25},{""x"":1.6,""y"":1.34,""z"":-0.25}]","[{""x"":0.47,""y"":3.62,""z"":-0.25},{""x"":1.13,""y"":3.0250000000000004,""z"":-0.25},{""x"":1.79,""y"":2.43,""z"":-0.25},{""x"":1.695,""y"":1.8850000000000002,""z"":-0.25},{""x"":1.6,""y"":1.34,""z"":-0.25}]","{""collision_free"":true,""min_clearance_m"":0.41,""goal_clearance_m"":0.41,""max_segment_speed"":0.434,""max_segment_accel"":0.226,""monotonic_goal_progress"":true,""smoothness_score"":0.712,""passed"":true,""goal_match"":true,""in_workspace"":true,""nominal_dt_s"":2.0,""failed_constraints"":[],""thresholds"":{""min_clearance_m"":0.4,""max_segment_speed"":1.5,""max_segment_accel"":1.5,""goal_tolerance_m"":0.05,""progress_tolerance_m"":0.001},""feedback_table"":""| Metric | Value | Required | Status |\n|---|---:|---:|---|\n| in_workspace | True | true | PASS |\n| goal_clearance | 0.410 | >= 0.400 | PASS |\n| collision_free | True | true | PASS |\n| min_clearance_m | 0.410 | >= 0.400 | PASS |\n| goal_match | True | true | PASS |\n| monotonic_goal_progress | True | true | PASS |\n| max_segment_speed | 0.434 | <= 1.500 | PASS |\n| max_segment_accel | 0.226 | <= 1.500 | PASS |""}","{""collision_free"":true,""min_clearance_m"":0.41,""goal_clearance_m"":0.41,""max_segment_speed"":0.444,""max_segment_accel"":0.189,""monotonic_goal_progress"":true,""smoothness_score"":0.748,""passed"":true,""goal_match"":true,""in_workspace"":true,""nominal_dt_s"":2.0,""failed_constraints"":[],""thresholds"":{""min_clearance_m"":0.4,""max_segment_speed"":1.5,""max_segment_accel"":1.5,""goal_tolerance_m"":0.05,""progress_tolerance_m"":0.001},""feedback_table"":""| Metric | Value | Required | Status |\n|---|---:|---:|---|\n| in_workspace | True | true | PASS |\n| goal_clearance | 0.410 | >= 0.400 | PASS |\n| collision_free | True | true | PASS |\n| min_clearance_m | 0.410 | >= 0.400 | PASS |\n| goal_match | True | true | PASS |\n| monotonic_goal_progress | True | true | PASS |\n| max_segment_speed | 0.444 | <= 1.500 | PASS |\n| max_segment_accel | 0.189 | <= 1.500 | PASS |""}","{""waypoints"":[{""x"":0.47,""y"":3.62,""z"":-0.25},{""x"":0.9666666666666666,""y"":3.1233333333333335,""z"":-0.25},{""x"":1.4633333333333334,""y"":2.626666666666667,""z"":-0.25},{""x"":1.96,""y"":2.13,""z"":-0.25},{""x"":1.6,""y"":1.34,""z"":-0.25}],""durations"":[1.404785471957274,1.4047854719572745,1.4047854719572748,1.7363179432350513],""samples"":[{""t"":0.0,""x"":[0.47,3.62,0.0,-0.0],""u"":[0.0,-0.0]},{""t"":0.1,""x"":[0.470369,3.619651,0.01105,-0.010425],""u"":[0.210395,-0.198583]},{""t"":0.2,""x"":[0.472916,3.617248,0.043213,-0.040825],""u"":[0.424508,-0.401741]},{""t"":0.3,""x"":[0.479628,3.610899,0.093806,-0.088825],""u"":[0.626393,-0.59532]},{""t"":0.4,""x"":[0.492162,3.599011,0.158917,-0.150953],""u"":[0.802972,-0.767661]},{""t"":0.5,""x"":[0.511738,3.580376,0.233831,-0.223018],""u"":[0.944001,-0.909586]},{""t"":0.6,""x"":[0.539083,3.554229,0.313403,-0.300436],""u"":[1.041998,-1.014336]},{""t"":0.7,""x"":[0.574399,3.520267,0.392385,-0.378523],""u"":[1.092108,-1.07747]},{""t"":0.8,""x"":[0.617371,3.478654,0.465703,-0.452735],""u"":[1.091924,-1.096709]},{""t"":0.9,""x"":[0.667194,3.42999,0.52868,-0.518871],""u"":[1.041262,-1.071755]},{""t"":1.0,""x"":[0.722625,3.375273,0.577213,-0.573233],""u"":[0.94188,-1.004053]},{""t"":1.1,""x"":[0.782041,3.315839,0.607898,-0.612735],""u"":[0.797145,-0.896512]},{""t"":1.2,""x"":[0.843521,3.253301,0.618104,-0.634984],""u"":[0.611663,-0.753192]},{""t"":1.3,""x"":[0.904918,3.189474,0.606003,-0.638301],""u"":[0.390838,-0.578935]},{""t"":1.4,""x"":[0.963942,3.126305,0.57054,-0.621711],""u"":[0.140404,-0.37896]},{""t"":1.504785,""x"":[1.021085,3.062762,0.52029,-0.590164],""u"":[0.089191,-0.292188]},{""t"":1.604785,""x"":[1.070766,3.005464,0.473572,-0.555016],""u"":[0.056327,-0.214974]},{""t"":1.704785,""x"":[1.115864,2.9519,0.428784,-0.515639],""u"":[0.033217,-0.141255]},{""t"":1.804785,""x"":[1.15662,2.902445,0.386918,-0.473025],""u"":[0.023092,-0.074467]},{""t"":1.904785,""x"":[1.193384,2.857363,0.349159,-0.428388],""u"":[0.028396,-0.017408]},{""t"":2.004785,""x"":[1.226631,2.81679,0.316782,-0.383071],""u"":[0.050829,0.027763]},{""t"":2.104785,""x"":[1.256962,2.780725,0.29107,-0.338471],""u"":[0.091388,0.059513]},{""t"":2.204785,""x"":[1.285108,2.749026,0.273241,-0.295965],""u"":[0.150441,0.076917]},{""t"":2.304785,""x"":[1.31191,2.721418,0.264396,-0.256852],""u"":[0.227803,0.079627]},{""t"":2.404785,""x"":[1.338318,2.697503,0.265475,-0.222304],""u"":[0.322829,0.067836]},{""t"":2.504785,""x"":[1.365362,2.676772,0.277234,-0.193324],""u"":[0.434528,0.042222]},{""t"":2.604785,""x"":[1.394139,2.658626,0.300234,-0.170716],""u"":[0.561688,0.003896]},{""t"":2.704785,""x"":[1.425796,2.642396,0.334847,-0.155066],""u"":[0.703012,-0.045671]},{""t"":2.804785,""x"":[1.461503,2.627368,0.381271,-0.146729],""u"":[0.857275,-0.104729]},{""t"":2.909571,""x"":[1.504155,2.61208,0.430599,-0.146692],""u"":[0.800427,-0.188467]},{""t"":3.009571,""x"":[1.549044,2.597036,0.465133,-0.155636],""u"":[0.723101,-0.276007]},{""t"":3.109571,""x"":[1.59677,2.580671,0.487328,-0.173037],""u"":[0.632792,-0.368283]},{""t"":3.209571,""x"":[1.646096,2.562163,0.49712,-0.198396],""u"":[0.529659,-0.463214]},{""t"":3.309571,""x"":[1.69578,2.540748,0.494488,-0.231052],""u"":[0.414159,-0.558787]},{""t"":3.409571,""x"":[1.744581,2.515736,0.479473,-0.270213],""u"":[0.286987,-0.65312]},{""t"":3.509571,""x"":[1.791266,2.486519,0.452194,-0.314979],""u"":[0.148999,-0.744526]},{""t"":3.609571,""x"":[1.834617,2.452585,0.412851,-0.364383],""u"":[0.001134,-0.831581]},{""t"":3.709571,""x"":[1.873443,2.413521,0.361721,-0.417429],""u"":[-0.155679,-0.913196]},{""t"":3.809571,""x"":[1.90658,2.369011,0.299145,-0.47313],""u"":[-0.320624,-0.988691]},{""t"":3.909571,""x"":[1.932903,2.318837,0.225501,-0.530557],""u"":[-0.493108,-1.057875]},{""t"":4.009571,""x"":[1.951324,2.26287,0.141176,-0.588889],""u"":[-0.672878,-1.121131]},{""t"":4.109571,""x"":[1.960794,2.201052,0.046514,-0.647462],""u"":[-0.860156,-1.179496]},{""t"":4.209571,""x"":[1.960291,2.133384,-0.058227,-0.705829],""u"":[-1.055777,-1.234758]},{""t"":4.314356,""x"":[1.948491,2.056583,-0.163196,-0.756203],""u"":[-0.974347,-1.093002]},{""t"":4.414356,""x"":[1.928057,1.979458,-0.242031,-0.782834],""u"":[-0.864877,-0.931105]},{""t"":4.514356,""x"":[1.900767,1.900696,-0.300417,-0.789088],""u"":[-0.740287,-0.75607]},{""t"":4.614356,""x"":[1.86863,1.822287,-0.339118,-0.775985],""u"":[-0.604623,-0.572996]},{""t"":4.714356,""x"":[1.833562,1.746096,-0.359272,-0.744999],""u"":[-0.462517,-0.387543]},{""t"":4.814356,""x"":[1.797343,1.673819,-0.362406,-0.698064],""u"":[-0.319042,-0.205762]},{""t"":4.914356,""x"":[1.761584,1.606936,-0.350432,-0.637555],""u"":[-0.179549,-0.033921]},{""t"":5.014356,""x"":[1.727685,1.546668,-0.325628,-0.566256],""u"":[-0.04948,0.1217]},{""t"":5.114356,""x"":[1.6968,1.49394,-0.290597,-0.487304],""u"":[0.065828,0.255026]},{""t"":5.214356,""x"":[1.669811,1.449348,-0.24821,-0.404123],""u"":[0.161366,0.360422]},{""t"":5.314356,""x"":[1.647301,1.413136,-0.201536,-0.320333],""u"":[0.232685,0.432949]},{""t"":5.414356,""x"":[1.629541,1.385178,-0.153745,-0.23964],""u"":[0.276152,0.468639]},{""t"":5.514356,""x"":[1.616484,1.364982,-0.108,-0.165715],""u"":[0.289222,0.464782]},{""t"":5.614356,""x"":[1.607772,1.351693,-0.067329,-0.102048],""u"":[0.270727,0.420239]},{""t"":5.714356,""x"":[1.602757,1.344125,-0.034481,-0.051786],""u"":[0.221183,0.335767]},{""t"":5.814356,""x"":[1.600537,1.340801,-0.01176,-0.017555],""u"":[0.143116,0.214365]},{""t"":5.914356,""x"":[1.60001,1.340015,-0.000845,-0.001257],""u"":[0.041404,0.061643]},{""t"":5.950674,""x"":[1.6,1.34,-0.0,0.0],""u"":[-0.0,0.0]}]}","{""waypoints"":[{""x"":0.47,""y"":3.62,""z"":-0.25},{""x"":1.13,""y"":3.0250000000000004,""z"":-0.25},{""x"":1.79,""y"":2.43,""z"":-0.25},{""x"":1.695,""y"":1.8850000000000002,""z"":-0.25},{""x"":1.6,""y"":1.34,""z"":-0.25}],""durations"":[1.7772169254201915,1.7772169254201924,1.106435718873898,1.1064357188738985],""samples"":[{""t"":0.0,""x"":[0.47,3.62,0.0,0.0],""u"":[0.0,0.0]},{""t"":0.1,""x"":[0.470229,3.619813,0.006858,-0.005615],""u"":[0.130975,-0.107316]},{""t"":0.2,""x"":[0.471817,3.61851,0.027062,-0.022211],""u"":[0.268696,-0.2212]},{""t"":0.3,""x"":[0.476052,3.615027,0.059578,-0.049093],""u"":[0.406776,-0.337227]},{""t"":0.4,""x"":[0.484092,3.608384,0.102856,-0.085191],""u"":[0.53957,-0.451312]},{""t"":0.5,""x"":[0.496918,3.597727,0.154958,-0.129143],""u"":[0.662201,-0.559743]},{""t"":0.6,""x"":[0.515304,3.582347,0.213682,-0.179364],""u"":[0.770568,-0.659213]},{""t"":0.7,""x"":[0.539797,3.561703,0.276671,-0.23411],""u"":[0.861353,-0.746845]},{""t"":0.8,""x"":[0.5707,3.535435,0.341506,-0.291543],""u"":[0.932005,-0.82021]},{""t"":0.9,""x"":[0.608079,3.503367,0.405795,-0.349791],""u"":[0.980719,-0.877347]},{""t"":1.0,""x"":[0.651764,3.465512,0.467248,-0.406994],""u"":[1.006405,-0.916771]},{""t"":1.1,""x"":[0.701363,3.422063,0.523732,-0.461359],""u"":[1.008634,-0.937482]},{""t"":1.2,""x"":[0.756281,3.373391,0.573325,-0.511201],""u"":[0.987587,-0.938968]},{""t"":1.3,""x"":[0.815742,3.320025,0.614356,-0.554984],""u"":[0.943979,-0.921202]},{""t"":1.4,""x"":[0.87882,3.262641,0.645423,-0.591352],""u"":[0.878981,-0.884632]},{""t"":1.5,""x"":[0.944458,3.20204,0.665416,-0.619163],""u"":[0.794122,-0.830177]},{""t"":1.6,""x"":[1.011506,3.139124,0.673512,-0.637516],""u"":[0.691187,-0.759206]},{""t"":1.7,""x"":[1.078745,3.074874,0.669169,-0.645766],""u"":[0.572097,-0.673515]},{""t"":1.877217,""x"":[1.19463,2.96091,0.634943,-0.635303],""u"":[0.418755,-0.50588]},{""t"":1.977217,""x"":[1.256883,2.89824,0.60961,-0.616607],""u"":[0.365542,-0.406784]},{""t"":2.077217,""x"":[1.316454,2.837874,0.581345,-0.589339],""u"":[0.312036,-0.304507]},{""t"":2.177217,""x"":[1.373066,2.780634,0.550487,-0.554238],""u"":[0.259352,-0.20241]},{""t"":2.277217,""x"":[1.426478,2.727254,0.517438,-0.512323],""u"":[0.20835,-0.104017]},{""t"":2.377217,""x"":[1.476495,2.678354,0.482637,-0.464881],""u"":[0.159653,-0.012927]},{""t"":2.477217,""x"":[1.522962,2.634411,0.446529,-0.41344],""u"":[0.113651,0.067263]},{""t"":2.577217,""x"":[1.565771,2.595741,0.409542,-0.359738],""u"":[0.070527,0.133052]},{""t"":2.677217,""x"":[1.604854,2.562475,0.372069,-0.305689],""u"":[0.030274,0.181131]},{""t"":2.777217,""x"":[1.64018,2.534547,0.334451,-0.253336],""u"":[-0.007277,0.208487]},{""t"":2.877217,""x"":[1.671749,2.511681,0.296972,-0.204804],""u"":[-0.042421,0.212517]},{""t"":2.977217,""x"":[1.699587,2.493387,0.259846,-0.162239],""u"":[-0.075549,0.191139]},{""t"":3.077217,""x"":[1.723735,2.478964,0.223224,-0.127749],""u"":[-0.107103,0.142922]},{""t"":3.177217,""x"":[1.744251,2.467502,0.187193,-0.103331],""u"":[-0.137533,0.067214]},{""t"":3.277217,""x"":[1.761195,2.457901,0.151787,-0.090793],""u"":[-0.167246,-0.035721]},{""t"":3.377217,""x"":[1.774629,2.448895,0.116998,-0.091674],""u"":[-0.196552,-0.164557]},{""t"":3.477217,""x"":[1.784614,2.43908,0.082794,-0.10715],""u"":[-0.225602,-0.316758]},{""t"":3.654434,""x"":[1.794028,2.415087,0.024076,-0.170747],""u"":[-0.265584,-0.600782]},{""t"":3.754434,""x"":[1.794871,2.39545,-0.006942,-0.223937],""u"":[-0.281089,-0.7594]},{""t"":3.854434,""x"":[1.792699,2.369934,-0.036188,-0.288072],""u"":[-0.293486,-0.915963]},{""t"":3.954434,""x"":[1.787699,2.33753,-0.063468,-0.361355],""u"":[-0.301736,-1.062103]},{""t"":4.054434,""x"":[1.78008,2.29744,-0.088496,-0.441301],""u"":[-0.304719,-1.189431]},{""t"":4.154434,""x"":[1.770087,2.249149,-0.110899,-0.524836],""u"":[-0.301335,-1.290205]},{""t"":4.254434,""x"":[1.758002,2.19247,-0.130235,-0.608469],""u"":[-0.290629,-1.358064]},{""t"":4.354434,""x"":[1.744158,2.127575,-0.146022,-0.688515],""u"":[-0.271919,-1.388818]},{""t"":4.454434,""x"":[1.728933,2.055006,-0.157777,-0.76139],""u"":[-0.244938,-1.381297]},{""t"":4.554434,""x"":[1.712752,1.975642,-0.165068,-0.823965],""u"":[-0.209985,-1.338277]},{""t"":4.654434,""x"":[1.696078,1.890634,-0.167578,-0.873975],""u"":[-0.168092,-1.267448]},{""t"":4.76087,""x"":[1.678355,1.795939,-0.164339,-0.8972],""u"":[-0.108171,-0.885432]},{""t"":4.86087,""x"":[1.662325,1.706989,-0.15532,-0.874866],""u"":[-0.048257,-0.485665]},{""t"":4.96087,""x"":[1.647468,1.622282,-0.141013,-0.813122],""u"":[0.01073,-0.088656]},{""t"":5.06087,""x"":[1.63427,1.545484,-0.122291,-0.717876],""u"":[0.064472,0.276659]},{""t"":5.16087,""x"":[1.623115,1.479547,-0.100399,-0.597505],""u"":[0.108494,0.580457]},{""t"":5.26087,""x"":[1.614244,1.426471,-0.076907,-0.462554],""u"":[0.138555,0.794587]},{""t"":5.36087,""x"":[1.607727,1.387118,-0.053634,-0.325189],""u"":[0.151073,0.895384]},{""t"":5.46087,""x"":[1.603445,1.361081,-0.032527,-0.1984],""u"":[0.143597,0.866727]},{""t"":5.56087,""x"":[1.601085,1.346658,-0.015503,-0.09496],""u"":[0.115304,0.70335]},{""t"":5.66087,""x"":[1.600152,1.340932,-0.004254,-0.026126],""u"":[0.067546,0.414401]},{""t"":5.76087,""x"":[1.6,1.34,-1.6e-05,-9.7e-05],""u"":[0.004432,0.027247]},{""t"":5.767305,""x"":[1.6,1.34,-0.0,-0.0],""u"":[-0.0,-0.0]}]}",0.96216,0.424777,1.917664,1.663389,0.05,0.05,True,rrt_planner,http://172.22.224.93:8000/v1,"You are an expert UAV pilot/planner. Generate sparse collision-free 2D routing waypoints for a quadrotor in NED frame assuming it is airborne at the provided start location. A separate module will interpolate them and generate dynamically feasible trajectories, so output only high-level waypoints.
Mission state: the UAV has already taken off and is holding hover at the start position. Use this hover position as the first waypoint/reference for planning. Workspace: x=[0.00,4.00]m, y=[0.00,4.00]m, z=-0.25 fixed. Start: (0.47,3.62,-0.25), Goal: (1.60,1.34,-0.25), distance≈2.54m. Obstacles with x-y spans: 1 obstacle: x=[3.10,3.75], y=[2.03,2.71]. 2 obstacle: x=[2.31,2.69], y=[0.97,1.51]. 3 obstacle: x=[0.45,1.19], y=[1.28,1.97].
Constraints:
- all waypoints in NED frame, z must stay -0.25
- final waypoint must be goal coordinates
- maintain >=0.40m clearance from obstacle x-y boxes
- stay within workspace
- no waypoint should be within obstacle boxes, walls, or near corners
- prefer sparse, smooth, monotonic progress through open space
- return only the structured output requested by the response model"
9,"{""x"":1.35,""y"":2.86,""z"":-0.25}","{""x"":0.31,""y"":3.5,""z"":-0.25}","{""x"":[0.0,4.0],""y"":[0.0,4.0],""z"":-0.25}","[{""id"":1,""label"":""box_1"",""shape"":""box"",""min_corner"":[3.01,3.28,-0.75],""max_corner"":[3.3,3.7,0.25],""size"":[0.29,0.42,1.0]},{""id"":2,""label"":""box_2"",""shape"":""box"",""min_corner"":[0.33,0.37,-0.75],""max_corner"":[0.98,1.08,0.25],""size"":[0.65,0.71,1.0]}]","[{""x"":1.35,""y"":2.86,""z"":-0.25},{""x"":0.31,""y"":3.5,""z"":-0.25}]","[{""x"":1.35,""y"":2.86,""z"":-0.25},{""x"":0.31,""y"":3.5,""z"":-0.25}]","[{""x"":1.35,""y"":2.86,""z"":-0.25},{""x"":0.8300000000000001,""y"":3.1799999999999997,""z"":-0.25},{""x"":0.31000000000000005,""y"":3.5,""z"":-0.25}]","[{""x"":1.35,""y"":2.86,""z"":-0.25},{""x"":0.8300000000000001,""y"":3.1799999999999997,""z"":-0.25},{""x"":0.31000000000000005,""y"":3.5,""z"":-0.25}]","{""collision_free"":true,""min_clearance_m"":1.712,""goal_clearance_m"":2.42,""max_segment_speed"":0.305,""max_segment_accel"":0.0,""monotonic_goal_progress"":true,""smoothness_score"":1.0,""passed"":true,""goal_match"":true,""in_workspace"":true,""nominal_dt_s"":2.0,""failed_constraints"":[],""thresholds"":{""min_clearance_m"":0.4,""max_segment_speed"":1.5,""max_segment_accel"":1.5,""goal_tolerance_m"":0.05,""progress_tolerance_m"":0.001},""feedback_table"":""| Metric | Value | Required | Status |\n|---|---:|---:|---|\n| in_workspace | True | true | PASS |\n| goal_clearance | 2.420 | >= 0.400 | PASS |\n| collision_free | True | true | PASS |\n| min_clearance_m | 1.712 | >= 0.400 | PASS |\n| goal_match | True | true | PASS |\n| monotonic_goal_progress | True | true | PASS |\n| max_segment_speed | 0.305 | <= 1.500 | PASS |\n| max_segment_accel | 0.000 | <= 1.500 | PASS |""}","{""collision_free"":true,""min_clearance_m"":1.712,""goal_clearance_m"":2.42,""max_segment_speed"":0.305,""max_segment_accel"":0.0,""monotonic_goal_progress"":true,""smoothness_score"":1.0,""passed"":true,""goal_match"":true,""in_workspace"":true,""nominal_dt_s"":2.0,""failed_constraints"":[],""thresholds"":{""min_clearance_m"":0.4,""max_segment_speed"":1.5,""max_segment_accel"":1.5,""goal_tolerance_m"":0.05,""progress_tolerance_m"":0.001},""feedback_table"":""| Metric | Value | Required | Status |\n|---|---:|---:|---|\n| in_workspace | True | true | PASS |\n| goal_clearance | 2.420 | >= 0.400 | PASS |\n| collision_free | True | true | PASS |\n| min_clearance_m | 1.712 | >= 0.400 | PASS |\n| goal_match | True | true | PASS |\n| monotonic_goal_progress | True | true | PASS |\n| max_segment_speed | 0.305 | <= 1.500 | PASS |\n| max_segment_accel | 0.000 | <= 1.500 | PASS |""}","{""waypoints"":[{""x"":1.35,""y"":2.86,""z"":-0.25},{""x"":0.8300000000000001,""y"":3.1799999999999997,""z"":-0.25},{""x"":0.31000000000000005,""y"":3.5,""z"":-0.25}],""durations"":[1.2211470017978998,1.2211470017979003],""samples"":[{""t"":0.0,""x"":[1.35,2.86,0.0,-0.0],""u"":[0.0,-0.0]},{""t"":0.1,""x"":[1.349503,2.860306,-0.014872,0.009152],""u"":[-0.28316,0.174252]},{""t"":0.2,""x"":[1.346076,2.862415,-0.058149,0.035784],""u"":[-0.571097,0.351444]},{""t"":0.3,""x"":[1.337046,2.867972,-0.126187,0.077654],""u"":[-0.842163,0.518254]},{""t"":0.4,""x"":[1.320189,2.878345,-0.213678,0.131494],""u"":[-1.078678,0.663802]},{""t"":0.5,""x"":[1.293874,2.894539,-0.314235,0.193375],""u"":[-1.266965,0.779671]},{""t"":0.6,""x"":[1.257138,2.917146,-0.420925,0.259031],""u"":[-1.397331,0.859896]},{""t"":0.7,""x"":[1.209719,2.946327,-0.526736,0.324145],""u"":[-1.463979,0.90091]},{""t"":0.8,""x"":[1.152043,2.981819,-0.624981,0.384604],""u"":[-1.464868,0.901457]},{""t"":0.9,""x"":[1.085176,3.022969,-0.70965,0.436707],""u"":[-1.401503,0.862464]},{""t"":1.0,""x"":[1.010736,3.068778,-0.775689,0.477347],""u"":[-1.278675,0.786877]},{""t"":1.1,""x"":[0.93079,3.117976,-0.819234,0.504144],""u"":[-1.104129,0.679464]},{""t"":1.2,""x"":[0.847724,3.169093,-0.837765,0.515547],""u"":[-0.88818,0.546573]},{""t"":1.321147,""x"":[0.746601,3.231323,-0.825296,0.507874],""u"":[-0.589068,0.362503]},{""t"":1.421147,""x"":[0.665788,3.281054,-0.786879,0.484233],""u"":[-0.327994,0.201843]},{""t"":1.521147,""x"":[0.589998,3.327693,-0.725318,0.446349],""u"":[-0.070367,0.043303]},{""t"":1.621147,""x"":[0.521377,3.369922,-0.644204,0.396433],""u"":[0.168303,-0.103571]},{""t"":1.721147,""x"":[0.46165,3.406677,-0.548357,0.33745],""u"":[0.372937,-0.2295]},{""t"":1.821147,""x"":[0.412004,3.437229,-0.443606,0.272989],""u"":[0.529648,-0.325937]},{""t"":1.921147,""x"":[0.373006,3.461227,-0.336523,0.207091],""u"":[0.62657,-0.385582]},{""t"":2.021147,""x"":[0.344544,3.478742,-0.234081,0.14405],""u"":[0.654739,-0.402916]},{""t"":2.121147,""x"":[0.325802,3.490276,-0.14327,0.088166],""u"":[0.609041,-0.374794]},{""t"":2.221147,""x"":[0.315284,3.496749,-0.070631,0.043465],""u"":[0.48922,-0.301058]},{""t"":2.321147,""x"":[0.310882,3.499457,-0.021748,0.013384],""u"":[0.300943,-0.185196]},{""t"":2.421147,""x"":[0.310005,3.499997,-0.00067,0.000412],""u"":[0.05693,-0.035034]},{""t"":2.442294,""x"":[0.31,3.5,0.0,0.0],""u"":[-0.0,0.0]}]}","{""waypoints"":[{""x"":1.35,""y"":2.86,""z"":-0.25},{""x"":0.8300000000000001,""y"":3.1799999999999997,""z"":-0.25},{""x"":0.31000000000000005,""y"":3.5,""z"":-0.25}],""durations"":[1.2211470017978998,1.2211470017979003],""samples"":[{""t"":0.0,""x"":[1.35,2.86,0.0,-0.0],""u"":[0.0,-0.0]},{""t"":0.1,""x"":[1.349503,2.860306,-0.014872,0.009152],""u"":[-0.28316,0.174252]},{""t"":0.2,""x"":[1.346076,2.862415,-0.058149,0.035784],""u"":[-0.571097,0.351444]},{""t"":0.3,""x"":[1.337046,2.867972,-0.126187,0.077654],""u"":[-0.842163,0.518254]},{""t"":0.4,""x"":[1.320189,2.878345,-0.213678,0.131494],""u"":[-1.078678,0.663802]},{""t"":0.5,""x"":[1.293874,2.894539,-0.314235,0.193375],""u"":[-1.266965,0.779671]},{""t"":0.6,""x"":[1.257138,2.917146,-0.420925,0.259031],""u"":[-1.397331,0.859896]},{""t"":0.7,""x"":[1.209719,2.946327,-0.526736,0.324145],""u"":[-1.463979,0.90091]},{""t"":0.8,""x"":[1.152043,2.981819,-0.624981,0.384604],""u"":[-1.464868,0.901457]},{""t"":0.9,""x"":[1.085176,3.022969,-0.70965,0.436707],""u"":[-1.401503,0.862464]},{""t"":1.0,""x"":[1.010736,3.068778,-0.775689,0.477347],""u"":[-1.278675,0.786877]},{""t"":1.1,""x"":[0.93079,3.117976,-0.819234,0.504144],""u"":[-1.104129,0.679464]},{""t"":1.2,""x"":[0.847724,3.169093,-0.837765,0.515547],""u"":[-0.88818,0.546573]},{""t"":1.321147,""x"":[0.746601,3.231323,-0.825296,0.507874],""u"":[-0.589068,0.362503]},{""t"":1.421147,""x"":[0.665788,3.281054,-0.786879,0.484233],""u"":[-0.327994,0.201843]},{""t"":1.521147,""x"":[0.589998,3.327693,-0.725318,0.446349],""u"":[-0.070367,0.043303]},{""t"":1.621147,""x"":[0.521377,3.369922,-0.644204,0.396433],""u"":[0.168303,-0.103571]},{""t"":1.721147,""x"":[0.46165,3.406677,-0.548357,0.33745],""u"":[0.372937,-0.2295]},{""t"":1.821147,""x"":[0.412004,3.437229,-0.443606,0.272989],""u"":[0.529648,-0.325937]},{""t"":1.921147,""x"":[0.373006,3.461227,-0.336523,0.207091],""u"":[0.62657,-0.385582]},{""t"":2.021147,""x"":[0.344544,3.478742,-0.234081,0.14405],""u"":[0.654739,-0.402916]},{""t"":2.121147,""x"":[0.325802,3.490276,-0.14327,0.088166],""u"":[0.609041,-0.374794]},{""t"":2.221147,""x"":[0.315284,3.496749,-0.070631,0.043465],""u"":[0.48922,-0.301058]},{""t"":2.321147,""x"":[0.310882,3.499457,-0.021748,0.013384],""u"":[0.300943,-0.185196]},{""t"":2.421147,""x"":[0.310005,3.499997,-0.00067,0.000412],""u"":[0.05693,-0.035034]},{""t"":2.442294,""x"":[0.31,3.5,0.0,0.0],""u"":[-0.0,0.0]}]}",0.0,0.0,1.917664,1.663389,0.05,0.05,True,rrt_planner,http://172.22.224.93:8000/v1,"You are an expert UAV pilot/planner. Generate sparse collision-free 2D routing waypoints for a quadrotor in NED frame assuming it is airborne at the provided start location. A separate module will interpolate them and generate dynamically feasible trajectories, so output only high-level waypoints.
Mission state: the UAV has already taken off and is holding hover at the start position. Use this hover position as the first waypoint/reference for planning. Workspace: x=[0.00,4.00]m, y=[0.00,4.00]m, z=-0.25 fixed. Start: (1.35,2.86,-0.25), Goal: (0.31,3.50,-0.25), distance≈1.22m. Obstacles with x-y spans: 1 obstacle: x=[3.01,3.30], y=[3.28,3.70]. 2 obstacle: x=[0.33,0.98], y=[0.37,1.08].
Constraints:
- all waypoints in NED frame, z must stay -0.25
- final waypoint must be goal coordinates
- maintain >=0.40m clearance from obstacle x-y boxes
- stay within workspace
- no waypoint should be within obstacle boxes, walls, or near corners
- prefer sparse, smooth, monotonic progress through open space
- return only the structured output requested by the response model"
10,"{""x"":3.56,""y"":0.39,""z"":-0.25}","{""x"":1.5,""y"":1.81,""z"":-0.25}","{""x"":[0.0,4.0],""y"":[0.0,4.0],""z"":-0.25}","[{""id"":1,""label"":""box_1"",""shape"":""box"",""min_corner"":[2.57,1.5,-0.75],""max_corner"":[2.83,1.81,0.25],""size"":[0.26,0.3,1.0]},{""id"":2,""label"":""box_2"",""shape"":""box"",""min_corner"":[2.12,0.13,-0.75],""max_corner"":[2.37,0.74,0.25],""size"":[0.25,0.6,1.0]},{""id"":3,""label"":""box_3"",""shape"":""box"",""min_corner"":[0.8,0.12,-0.75],""max_corner"":[1.29,0.7,0.25],""size"":[0.49,0.58,1.0]}]","[{""x"":3.56,""y"":0.39,""z"":-0.25},{""x"":3.26,""y"":2.19,""z"":-0.25},{""x"":2.99,""y"":2.41,""z"":-0.25},{""x"":1.86,""y"":2.17,""z"":-0.25},{""x"":1.5,""y"":1.81,""z"":-0.25}]","[{""x"":3.56,""y"":0.39,""z"":-0.25},{""x"":3.33,""y"":2.26,""z"":-0.25},{""x"":2.03,""y"":2.44,""z"":-0.25},{""x"":1.5,""y"":1.81,""z"":-0.25}]","[{""x"":3.56,""y"":0.39,""z"":-0.25},{""x"":3.41,""y"":1.29,""z"":-0.25},{""x"":3.26,""y"":2.19,""z"":-0.25},{""x"":2.99,""y"":2.41,""z"":-0.25},{""x"":2.4250000000000003,""y"":2.29,""z"":-0.25},{""x"":1.86,""y"":2.17,""z"":-0.25},{""x"":1.5,""y"":1.81,""z"":-0.25}]","[{""x"":3.56,""y"":0.39,""z"":-0.25},{""x"":3.4450000000000003,""y"":1.3249999999999997,""z"":-0.25},{""x"":3.33,""y"":2.26,""z"":-0.25},{""x"":2.6799999999999997,""y"":2.3499999999999996,""z"":-0.25},{""x"":2.03,""y"":2.44,""z"":-0.25},{""x"":1.5,""y"":1.81,""z"":-0.25}]","{""collision_free"":true,""min_clearance_m"":0.501,""goal_clearance_m"":1.07,""max_segment_speed"":0.456,""max_segment_accel"":0.173,""monotonic_goal_progress"":true,""smoothness_score"":0.695,""passed"":true,""goal_match"":true,""in_workspace"":true,""nominal_dt_s"":2.0,""failed_constraints"":[],""thresholds"":{""min_clearance_m"":0.4,""max_segment_speed"":1.5,""max_segment_accel"":1.5,""goal_tolerance_m"":0.05,""progress_tolerance_m"":0.001},""feedback_table"":""| Metric | Value | Required | Status |\n|---|---:|---:|---|\n| in_workspace | True | true | PASS |\n| goal_clearance | 1.070 | >= 0.400 | PASS |\n| collision_free | True | true | PASS |\n| min_clearance_m | 0.501 | >= 0.400 | PASS |\n| goal_match | True | true | PASS |\n| monotonic_goal_progress | True | true | PASS |\n| max_segment_speed | 0.456 | <= 1.500 | PASS |\n| max_segment_accel | 0.173 | <= 1.500 | PASS |""}","{""collision_free"":true,""min_clearance_m"":0.54,""goal_clearance_m"":1.07,""max_segment_speed"":0.471,""max_segment_accel"":0.25,""monotonic_goal_progress"":true,""smoothness_score"":0.633,""passed"":true,""goal_match"":true,""in_workspace"":true,""nominal_dt_s"":2.0,""failed_constraints"":[],""thresholds"":{""min_clearance_m"":0.4,""max_segment_speed"":1.5,""max_segment_accel"":1.5,""goal_tolerance_m"":0.05,""progress_tolerance_m"":0.001},""feedback_table"":""| Metric | Value | Required | Status |\n|---|---:|---:|---|\n| in_workspace | True | true | PASS |\n| goal_clearance | 1.070 | >= 0.400 | PASS |\n| collision_free | True | true | PASS |\n| min_clearance_m | 0.540 | >= 0.400 | PASS |\n| goal_match | True | true | PASS |\n| monotonic_goal_progress | True | true | PASS |\n| max_segment_speed | 0.471 | <= 1.500 | PASS |\n| max_segment_accel | 0.250 | <= 1.500 | PASS |""}","{""waypoints"":[{""x"":3.56,""y"":0.39,""z"":-0.25},{""x"":3.41,""y"":1.29,""z"":-0.25},{""x"":3.26,""y"":2.19,""z"":-0.25},{""x"":2.99,""y"":2.41,""z"":-0.25},{""x"":2.4250000000000003,""y"":2.29,""z"":-0.25},{""x"":1.86,""y"":2.17,""z"":-0.25},{""x"":1.5,""y"":1.81,""z"":-0.25}],""durations"":[1.8248287590894658,1.8248287590894658,0.6965629906907196,1.1552056094046634,1.1552056094046639,1.0182337649086284],""samples"":[{""t"":0.0,""x"":[3.56,0.39,0.0,0.0],""u"":[0.0,0.0]},{""t"":0.1,""x"":[3.559943,0.390301,-0.001711,0.009009],""u"":[-0.032664,0.172058]},{""t"":0.2,""x"":[3.559547,0.392387,-0.006744,0.035554],""u"":[-0.066858,0.353082]},{""t"":0.3,""x"":[3.558493,0.397952,-0.014816,0.078292],""u"":[-0.100824,0.534722]},{""t"":0.4,""x"":[3.556496,0.408519,-0.025503,0.135197],""u"":[-0.132983,0.70953]},{""t"":0.5,""x"":[3.553323,0.42538,-0.038268,0.203728],""u"":[-0.161943,0.870997]},{""t"":0.6,""x"":[3.548794,0.449555,-0.052496,0.280982],""u"":[-0.186503,1.013578]},{""t"":0.7,""x"":[3.542797,0.481763,-0.067522,0.363833],""u"":[-0.205661,1.132699]},{""t"":0.8,""x"":[3.535286,0.522401,-0.082655,0.449052],""u"":[-0.21861,1.224748]},{""t"":0.9,""x"":[3.526285,0.571545,-0.097203,0.533425],""u"":[-0.224737,1.28706]},{""t"":1.0,""x"":[3.515887,0.628954,-0.110493,0.613842],""u"":[-0.223622,1.317881]},{""t"":1.1,""x"":[3.50425,0.694084,-0.121886,0.687378],""u"":[-0.215024,1.316315]},{""t"":1.2,""x"":[3.491593,0.766111,-0.130797,0.751366],""u"":[-0.198874,1.282265]},{""t"":1.3,""x"":[3.478191,0.843959,-0.1367,0.803444],""u"":[-0.175263,1.216356]},{""t"":1.4,""x"":[3.464368,0.926335,-0.139143,0.841595],""u"":[-0.144424,1.119839]},{""t"":1.5,""x"":[3.45049,1.011759,-0.137751,0.864172],""u"":[-0.106713,0.994488]},{""t"":1.6,""x"":[3.436956,1.098607,-0.132231,0.869905],""u"":[-0.062588,0.842478]},{""t"":1.7,""x"":[3.424189,1.185148,-0.122373,0.8579],""u"":[-0.012586,0.66625]},{""t"":1.8,""x"":[3.41263,1.269578,-0.108047,0.827618],""u"":[0.042705,0.468363]},{""t"":1.924829,""x"":[3.400476,1.369507,-0.087008,0.772807],""u"":[0.057111,0.366267]},{""t"":2.024829,""x"":[3.392536,1.444544,-0.072105,0.727874],""u"":[0.054603,0.317948]},{""t"":2.124829,""x"":[3.385989,1.515076,-0.05917,0.682761],""u"":[0.049086,0.273183]},{""t"":2.224829,""x"":[3.380632,1.581106,-0.048342,0.637948],""u"":[0.040021,0.233656]},{""t"":2.324829,""x"":[3.376245,1.642695,-0.039796,0.594027],""u"":[0.026905,0.200765]},{""t"":2.424829,""x"":[3.372589,1.699964,-0.033742,0.551658],""u"":[0.009278,0.175623]},{""t"":2.524829,""x"":[3.369405,1.753101,-0.030412,0.511532],""u"":[-0.013277,0.159063]},{""t"":2.624829,""x"":[3.366408,1.802368,-0.030057,0.474343],""u"":[-0.041122,0.151656]},{""t"":2.724829,""x"":[3.363286,1.84809,-0.032934,0.440757],""u"":[-0.074569,0.153727]},{""t"":2.824829,""x"":[3.359705,1.89066,-0.039303,0.411393],""u"":[-0.113869,0.165373]},{""t"":2.924829,""x"":[3.355301,1.930528,-0.049422,0.386805],""u"":[-0.159213,0.186497]},{""t"":3.024829,""x"":[3.349687,1.968196,-0.063537,0.36747],""u"":[-0.210727,0.216835]},{""t"":3.124829,""x"":[3.342452,2.004211,-0.081878,0.353782],""u"":[-0.268473,0.255994]},{""t"":3.224829,""x"":[3.333164,2.039151,-0.104653,0.346045],""u"":[-0.33244,0.303494]},{""t"":3.324829,""x"":[3.321368,2.073625,-0.132047,0.344481],""u"":[-0.40255,0.358818]},{""t"":3.424829,""x"":[3.306595,2.108258,-0.164209,0.349235],""u"":[-0.478653,0.421456]},{""t"":3.524829,""x"":[3.288363,2.143686,-0.201257,0.360387],""u"":[-0.560523,0.49097]},{""t"":3.624829,""x"":[3.266178,2.18055,-0.243266,0.377968],""u"":[-0.647864,0.567048]},{""t"":3.749658,""x"":[3.232318,2.229152,-0.298649,0.396699],""u"":[-0.685959,0.436176]},{""t"":3.849658,""x"":[3.200376,2.268738,-0.339663,0.392022],""u"":[-0.697973,0.267566]},{""t"":3.949658,""x"":[3.164493,2.306956,-0.377447,0.369338],""u"":[-0.70594,0.081469]},{""t"":4.049658,""x"":[3.124998,2.342008,-0.411892,0.328723],""u"":[-0.709471,-0.121695]},{""t"":4.149658,""x"":[3.08223,2.372107,-0.442869,0.270287],""u"":[-0.708317,-0.341577]},{""t"":4.249658,""x"":[3.036544,2.395476,-0.470249,0.194154],""u"":[-0.702459,-0.578048]},{""t"":4.446221,""x"":[2.939699,2.415605,-0.511712,0.011194],""u"":[-0.649344,-0.748945]},{""t"":4.546221,""x"":[2.887883,2.412846,-0.523499,-0.063338],""u"":[-0.600476,-0.658713]},{""t"":4.646221,""x"":[2.835218,2.403536,-0.52874,-0.119903],""u"":[-0.547609,-0.553668]},{""t"":4.746221,""x"":[2.782341,2.38945,-0.527799,-0.158954],""u"":[-0.492616,-0.436213]},{""t"":4.846221,""x"":[2.729846,2.372307,-0.521203,-0.181159],""u"":[-0.437497,-0.308952]},{""t"":4.946221,""x"":[2.678266,2.353751,-0.509634,-0.18739],""u"":[-0.384222,-0.17447]},{""t"":5.046221,""x"":[2.628059,2.335327,-0.493897,-0.178685],""u"":[-0.334544,-0.035093]},{""t"":5.146221,""x"":[2.579596,2.318473,-0.474878,-0.156192],""u"":[-0.289803,0.107385]},{""t"":5.246221,""x"":[2.533162,2.304509,-0.453476,-0.121084],""u"":[-0.250713,0.251987]},{""t"":5.346221,""x"":[2.488952,2.29464,-0.43053,-0.074457],""u"":[-0.217129,0.398866]},{""t"":5.446221,""x"":[2.447085,2.289971,-0.406717,-0.017202],""u"":[-0.187798,0.549642]},{""t"":5.601426,""x"":[2.386638,2.294799,-0.37626,0.072547],""u"":[-0.28573,0.434315]},{""t"":5.701426,""x"":[2.349277,2.303583,-0.373265,0.098574],""u"":[-0.408055,0.211724]},{""t"":5.801426,""x"":[2.311543,2.313624,-0.383524,0.097956],""u"":[-0.532994,-0.023416]},{""t"":5.901426,""x"":[2.272179,2.322351,-0.405541,0.072677],""u"":[-0.65314,-0.261271]},{""t"":6.001426,""x"":[2.230113,2.327431,-0.437182,0.025568],""u"":[-0.760732,-0.491529]},{""t"":6.101426,""x"":[2.184512,2.326856,-0.475732,-0.039769],""u"":[-0.848264,-0.704211]},{""t"":6.201426,""x"":[2.134842,2.31901,-0.518022,-0.119126],""u"":[-0.909148,-0.890551]},{""t"":6.301426,""x"":[2.080898,2.302716,-0.560607,-0.207925],""u"":[-0.938431,-1.043958]},{""t"":6.401426,""x"":[2.022827,2.277264,-0.600005,-0.301541],""u"":[-0.933586,-1.161058]},{""t"":6.501426,""x"":[1.961111,2.242391,-0.633001,-0.395698],""u"":[-0.895346,-1.24282]},{""t"":6.601426,""x"":[1.896528,2.198223,-0.657001,-0.48695],""u"":[-0.828611,-1.295749]},{""t"":6.756632,""x"":[1.793319,2.113007,-0.662449,-0.596305],""u"":[-0.486212,-0.926323]},{""t"":6.856632,""x"":[1.728561,2.052362,-0.627686,-0.608767],""u"":[-0.17667,-0.511724]},{""t"":6.956632,""x"":[1.668727,1.992736,-0.564671,-0.576879],""u"":[0.121692,-0.105231]},{""t"":7.056632,""x"":[1.616387,1.938224,-0.478901,-0.507952],""u"":[0.382477,0.258036]},{""t"":7.156632,""x"":[1.573451,1.892041,-0.378069,-0.412221],""u"":[0.579367,0.543058]},{""t"":7.256632,""x"":[1.54096,1.856253,-0.27168,-0.302334],""u"":[0.688902,0.718618]},{""t"":7.356632,""x"":[1.518944,1.831573,-0.170411,-0.192495],""u"":[0.693524,0.761352]},{""t"":7.456632,""x"":[1.506342,1.817267,-0.085194,-0.09725],""u"":[0.584887,0.660151]},{""t"":7.556632,""x"":[1.501034,1.811189,-0.026045,-0.029928],""u"":[0.36743,0.42092]},{""t"":7.656632,""x"":[1.500004,1.810004,-0.000631,-0.000727],""u"":[0.062212,0.071679]},{""t"":7.674865,""x"":[1.5,1.81,-0.0,-0.0],""u"":[-0.0,-0.0]}]}","{""waypoints"":[{""x"":3.56,""y"":0.39,""z"":-0.25},{""x"":3.4450000000000003,""y"":1.3249999999999997,""z"":-0.25},{""x"":3.33,""y"":2.26,""z"":-0.25},{""x"":2.6799999999999997,""y"":2.3499999999999996,""z"":-0.25},{""x"":2.03,""y"":2.44,""z"":-0.25},{""x"":1.5,""y"":1.81,""z"":-0.25}],""durations"":[1.884091292904884,1.8840912929048848,1.312402377321834,1.3124023773218334,1.6465721970202214],""samples"":[{""t"":0.0,""x"":[3.56,0.39,0.0,0.0],""u"":[0.0,0.0]},{""t"":0.1,""x"":[3.559953,0.390268,-0.001395,0.008017],""u"":[-0.026629,0.153192]},{""t"":0.2,""x"":[3.559631,0.392126,-0.005494,0.031691],""u"":[-0.054404,0.315345]},{""t"":0.3,""x"":[3.558772,0.397093,-0.012051,0.069971],""u"":[-0.081799,0.479872]},{""t"":0.4,""x"":[3.557151,0.406554,-0.020697,0.12126],""u"":[-0.107442,0.640829]},{""t"":0.5,""x"":[3.554579,0.421712,-0.030967,0.183547],""u"":[-0.130127,0.792946]},{""t"":0.6,""x"":[3.550921,0.443553,-0.042326,0.254517],""u"":[-0.148812,0.931655]},{""t"":0.7,""x"":[3.546097,0.472822,-0.054196,0.331657],""u"":[-0.162627,1.053097]},{""t"":0.8,""x"":[3.540085,0.510003,-0.065979,0.412354],""u"":[-0.170871,1.154134]},{""t"":0.9,""x"":[3.532924,0.555323,-0.077074,0.493977],""u"":[-0.17301,1.232336]},{""t"":1.0,""x"":[3.524712,0.608744,-0.086894,0.573952],""u"":[-0.168672,1.285966]},{""t"":1.1,""x"":[3.515606,0.669977,-0.094886,0.649829],""u"":[-0.157639,1.313955]},{""t"":1.2,""x"":[3.505813,0.738497,-0.100537,0.719337],""u"":[-0.13984,1.315867]},{""t"":1.3,""x"":[3.495592,0.813563,-0.103389,0.780424],""u"":[-0.115332,1.291845]},{""t"":1.4,""x"":[3.485242,0.894241,-0.103043,0.831297],""u"":[-0.084293,1.242563]},{""t"":1.5,""x"":[3.475101,0.979431,-0.099164,0.870447],""u"":[-0.046999,1.169154]},{""t"":1.6,""x"":[3.465536,1.067899,-0.091489,0.896658],""u"":[-0.003805,1.073134]},{""t"":1.7,""x"":[3.456937,1.158301,-0.079819,0.909017],""u"":[0.044874,0.956316]},{""t"":1.8,""x"":[3.44971,1.24922,-0.064023,0.906906],""u"":[0.098592,0.820714]},{""t"":1.984091,""x"":[3.441268,1.413178,-0.027704,0.868978],""u"":[0.13723,0.620093]},{""t"":2.084091,""x"":[3.439349,1.498619,-0.01122,0.838989],""u"":[0.12346,0.543066]},{""t"":2.184091,""x"":[3.438911,1.580808,0.001902,0.804],""u"":[0.105682,0.46445]},{""t"":2.284091,""x"":[3.439615,1.659267,0.01158,0.764459],""u"":[0.083611,0.385933]},{""t"":2.384091,""x"":[3.441109,1.733567,0.017713,0.720931],""u"":[0.057014,0.309033]},{""t"":2.484091,""x"":[3.443035,1.803342,0.020188,0.674072],""u"":[0.02571,0.235086]},{""t"":2.584091,""x"":[3.445021,1.868295,0.018888,0.6246],""u"":[-0.010432,0.165248]},{""t"":2.684091,""x"":[3.446683,1.9282,0.013699,0.573269],""u"":[-0.051494,0.100481]},{""t"":2.784091,""x"":[3.447628,1.982912,0.004511,0.520842],""u"":[-0.097514,0.04156]},{""t"":2.884091,""x"":[3.447449,2.032357,-0.008778,0.468075],""u"":[-0.148492,-0.010935]},{""t"":2.984091,""x"":[3.445732,2.07654,-0.026253,0.415696],""u"":[-0.204392,-0.056608]},{""t"":3.084091,""x"":[3.442056,2.115532,-0.04799,0.364387],""u"":[-0.265151,-0.095245]},{""t"":3.184091,""x"":[3.43599,2.149474,-0.074046,0.314774],""u"":[-0.330685,-0.126806]},{""t"":3.284091,""x"":[3.427102,2.178562,-0.104462,0.267412],""u"":[-0.400899,-0.151415]},{""t"":3.384091,""x"":[3.414952,2.203047,-0.139269,0.222777],""u"":[-0.475693,-0.169346]},{""t"":3.484091,""x"":[3.399101,2.223222,-0.178479,0.18126],""u"":[-0.554975,-0.181009]},{""t"":3.584091,""x"":[3.379109,2.239413,-0.222098,0.143163],""u"":[-0.638671,-0.186933]},{""t"":3.684091,""x"":[3.354535,2.251975,-0.270123,0.108694],""u"":[-0.726735,-0.187742]},{""t"":3.868183,""x"":[3.296014,2.266902,-0.364774,0.056567],""u"":[-0.79922,-0.149353]},{""t"":3.968183,""x"":[3.25725,2.271538,-0.409498,0.037277],""u"":[-0.788245,-0.107712]},{""t"":4.068183,""x"":[3.214319,2.274579,-0.448107,0.024618],""u"":[-0.771403,-0.060837]},{""t"":4.168183,""x"":[3.167831,2.276677,-0.480638,0.018404],""u"":[-0.748899,-0.009498]},{""t"":4.268183,""x"":[3.118392,2.278466,-0.507147,0.018389],""u"":[-0.720971,0.045575]},{""t"":4.368183,""x"":[3.0666,2.280552,-0.527708,0.024281],""u"":[-0.687871,0.103717]},{""t"":4.468183,""x"":[3.013045,2.283508,-0.542417,0.035752],""u"":[-0.649848,0.164352]},{""t"":4.568183,""x"":[2.958308,2.287876,-0.551382,0.052455],""u"":[-0.607128,0.227026]},{""t"":4.668183,""x"":[2.902956,2.294162,-0.554722,0.074042],""u"":[-0.559895,0.291435]},{""t"":4.768183,""x"":[2.847547,2.302836,-0.55256,0.100174],""u"":[-0.508263,0.357457]},{""t"":4.868183,""x"":[2.792624,2.314338,-0.545014,0.13055],""u"":[-0.452258,0.425183]},{""t"":4.968183,""x"":[2.73872,2.329079,-0.532184,0.164922],""u"":[-0.391786,0.494956]},{""t"":5.068183,""x"":[2.686361,2.34745,-0.514145,0.203116],""u"":[-0.326607,0.567405]},{""t"":5.180585,""x"":[2.629827,2.372582,-0.492731,0.240976],""u"":[-0.343945,0.470053]},{""t"":5.280585,""x"":[2.581291,2.397686,-0.478791,0.258558],""u"":[-0.373975,0.349493]},{""t"":5.380585,""x"":[2.53391,2.423792,-0.469623,0.26108],""u"":[-0.407458,0.216566]},{""t"":5.480585,""x"":[2.487214,2.449412,-0.465039,0.248918],""u"":[-0.443462,0.073105]},{""t"":5.580585,""x"":[2.440758,2.473103,-0.464773,0.222606],""u"":[-0.480978,-0.078944]},{""t"":5.680585,""x"":[2.394127,2.493484,-0.468477,0.182827],""u"":[-0.518983,-0.237629]},{""t"":5.780585,""x"":[2.346944,2.509247,-0.475736,0.130394],""u"":[-0.5565,-0.401111]},{""t"":5.880585,""x"":[2.298877,2.519171,-0.486082,0.066211],""u"":[-0.59267,-0.567786]},{""t"":5.980585,""x"":[2.249641,2.522129,-0.499016,-0.008761],""u"":[-0.626825,-0.736426]},{""t"":6.080585,""x"":[2.199004,2.517091,-0.514035,-0.093561],""u"":[-0.65857,-0.906324]},{""t"":6.180585,""x"":[2.146781,2.50312,-0.530665,-0.187287],""u"":[-0.687872,-1.077457]},{""t"":6.280585,""x"":[2.092831,2.479362,-0.548501,-0.289173],""u"":[-0.715152,-1.250648]},{""t"":6.380585,""x"":[2.03705,2.445032,-0.567255,-0.398674],""u"":[-0.741385,-1.427753]},{""t"":6.492987,""x"":[1.972289,2.393498,-0.582423,-0.512487],""u"":[-0.640089,-1.288508]},{""t"":6.592987,""x"":[1.913942,2.338455,-0.58241,-0.583656],""u"":[-0.52511,-1.102772]},{""t"":6.692987,""x"":[1.856221,2.277693,-0.570004,-0.627041],""u"":[-0.402839,-0.898774]},{""t"":6.792987,""x"":[1.800331,2.213929,-0.54593,-0.64399],""u"":[-0.276991,-0.683424]},{""t"":6.892987,""x"":[1.747389,2.149711,-0.511248,-0.63648],""u"":[-0.151725,-0.464457]},{""t"":6.992987,""x"":[1.698389,2.087362,-0.467358,-0.607119],""u"":[-0.031512,-0.250172]},{""t"":7.092987,""x"":[1.654167,2.028909,-0.415991,-0.559122],""u"":[0.079034,-0.049132]},{""t"":7.192987,""x"":[1.615372,1.976033,-0.359176,-0.496264],""u"":[0.175324,0.130155]},{""t"":7.292987,""x"":[1.582437,1.93001,-0.2992,-0.422795],""u"":[0.252989,0.279591]},{""t"":7.392987,""x"":[1.555555,1.891674,-0.238547,-0.343324],""u"":[0.308086,0.391872]},{""t"":7.492987,""x"":[1.534664,1.861385,-0.17982,-0.262682],""u"":[0.33732,0.4609]},{""t"":7.592987,""x"":[1.519439,1.839014,-0.125647,-0.185751],""u"":[0.338286,0.482226]},{""t"":7.692987,""x"":[1.509297,1.823953,-0.078578,-0.117255],""u"":[0.309722,0.453524]},{""t"":7.792987,""x"":[1.503408,1.815136,-0.040954,-0.061537],""u"":[0.251785,0.375093]},{""t"":7.892987,""x"":[1.500725,1.811095,-0.014767,-0.022293],""u"":[0.166333,0.250389]},{""t"":7.992987,""x"":[1.500023,1.810035,-0.001507,-0.00228],""u"":[0.057237,0.086586]},{""t"":8.03956,""x"":[1.5,1.81,-0.0,-0.0],""u"":[-0.0,0.0]}]}",1.072967,0.454937,1.917664,1.663389,0.05,0.05,True,rrt_planner,http://172.22.224.93:8000/v1,"You are an expert UAV pilot/planner. Generate sparse collision-free 2D routing waypoints for a quadrotor in NED frame assuming it is airborne at the provided start location. A separate module will interpolate them and generate dynamically feasible trajectories, so output only high-level waypoints.
Mission state: the UAV has already taken off and is holding hover at the start position. Use this hover position as the first waypoint/reference for planning. Workspace: x=[0.00,4.00]m, y=[0.00,4.00]m, z=-0.25 fixed. Start: (3.56,0.39,-0.25), Goal: (1.50,1.81,-0.25), distance≈2.50m. Obstacles with x-y spans: 1 obstacle: x=[2.57,2.83], y=[1.50,1.81]. 2 obstacle: x=[2.12,2.37], y=[0.13,0.74]. 3 obstacle: x=[0.80,1.29], y=[0.12,0.70].
Constraints:
- all waypoints in NED frame, z must stay -0.25
- final waypoint must be goal coordinates
- maintain >=0.40m clearance from obstacle x-y boxes
- stay within workspace
- no waypoint should be within obstacle boxes, walls, or near corners
- prefer sparse, smooth, monotonic progress through open space
- return only the structured output requested by the response model"
11,"{""x"":1.62,""y"":2.46,""z"":-0.25}","{""x"":3.17,""y"":2.34,""z"":-0.25}","{""x"":[0.0,4.0],""y"":[0.0,4.0],""z"":-0.25}","[{""id"":1,""label"":""box_1"",""shape"":""box"",""min_corner"":[0.82,1.56,-0.75],""max_corner"":[1.19,2.05,0.25],""size"":[0.38,0.49,1.0]}]","[{""x"":1.62,""y"":2.46,""z"":-0.25},{""x"":3.17,""y"":2.34,""z"":-0.25}]","[{""x"":1.62,""y"":2.46,""z"":-0.25},{""x"":3.17,""y"":2.34,""z"":-0.25}]","[{""x"":1.62,""y"":2.46,""z"":-0.25},{""x"":2.395,""y"":2.4,""z"":-0.25},{""x"":3.17,""y"":2.34,""z"":-0.25}]","[{""x"":1.62,""y"":2.46,""z"":-0.25},{""x"":2.395,""y"":2.4,""z"":-0.25},{""x"":3.17,""y"":2.34,""z"":-0.25}]","{""collision_free"":true,""min_clearance_m"":0.594,""goal_clearance_m"":2.001,""max_segment_speed"":0.389,""max_segment_accel"":0.0,""monotonic_goal_progress"":true,""smoothness_score"":1.0,""passed"":true,""goal_match"":true,""in_workspace"":true,""nominal_dt_s"":2.0,""failed_constraints"":[],""thresholds"":{""min_clearance_m"":0.4,""max_segment_speed"":1.5,""max_segment_accel"":1.5,""goal_tolerance_m"":0.05,""progress_tolerance_m"":0.001},""feedback_table"":""| Metric | Value | Required | Status |\n|---|---:|---:|---|\n| in_workspace | True | true | PASS |\n| goal_clearance | 2.001 | >= 0.400 | PASS |\n| collision_free | True | true | PASS |\n| min_clearance_m | 0.594 | >= 0.400 | PASS |\n| goal_match | True | true | PASS |\n| monotonic_goal_progress | True | true | PASS |\n| max_segment_speed | 0.389 | <= 1.500 | PASS |\n| max_segment_accel | 0.000 | <= 1.500 | PASS |""}","{""collision_free"":true,""min_clearance_m"":0.594,""goal_clearance_m"":2.001,""max_segment_speed"":0.389,""max_segment_accel"":0.0,""monotonic_goal_progress"":true,""smoothness_score"":1.0,""passed"":true,""goal_match"":true,""in_workspace"":true,""nominal_dt_s"":2.0,""failed_constraints"":[],""thresholds"":{""min_clearance_m"":0.4,""max_segment_speed"":1.5,""max_segment_accel"":1.5,""goal_tolerance_m"":0.05,""progress_tolerance_m"":0.001},""feedback_table"":""| Metric | Value | Required | Status |\n|---|---:|---:|---|\n| in_workspace | True | true | PASS |\n| goal_clearance | 2.001 | >= 0.400 | PASS |\n| collision_free | True | true | PASS |\n| min_clearance_m | 0.594 | >= 0.400 | PASS |\n| goal_match | True | true | PASS |\n| monotonic_goal_progress | True | true | PASS |\n| max_segment_speed | 0.389 | <= 1.500 | PASS |\n| max_segment_accel | 0.000 | <= 1.500 | PASS |""}","{""waypoints"":[{""x"":1.62,""y"":2.46,""z"":-0.25},{""x"":2.395,""y"":2.4,""z"":-0.25},{""x"":3.17,""y"":2.34,""z"":-0.25}],""durations"":[1.5546382215808279,1.5546382215808279],""samples"":[{""t"":0.0,""x"":[1.62,2.46,-0.0,0.0],""u"":[-0.0,0.0]},{""t"":0.1,""x"":[1.62036,2.459972,0.010775,-0.000834],""u"":[0.205719,-0.015927]},{""t"":0.2,""x"":[1.622854,2.459779,0.042486,-0.003289],""u"":[0.421493,-0.032632]},{""t"":0.3,""x"":[1.629499,2.459265,0.09343,-0.007233],""u"":[0.636746,-0.049296]},{""t"":0.4,""x"":[1.642096,2.458289,0.161039,-0.012468],""u"":[0.842094,-0.065194]},{""t"":0.5,""x"":[1.662156,2.456736,0.242105,-0.018744],""u"":[1.029413,-0.079697]},{""t"":0.6,""x"":[1.690844,2.454515,0.332974,-0.025779],""u"":[1.191888,-0.092275]},{""t"":0.7,""x"":[1.728947,2.451565,0.429736,-0.03327],""u"":[1.324043,-0.102507]},{""t"":0.8,""x"":[1.776854,2.447856,0.528388,-0.040907],""u"":[1.421762,-0.110072]},{""t"":0.9,""x"":[1.834556,2.443389,0.624988,-0.048386],""u"":[1.482282,-0.114757]},{""t"":1.0,""x"":[1.901658,2.438194,0.715788,-0.055416],""u"":[1.50418,-0.116453]},{""t"":1.1,""x"":[1.977406,2.43233,0.797352,-0.06173],""u"":[1.487339,-0.115149]},{""t"":1.2,""x"":[2.06072,2.42588,0.866655,-0.067096],""u"":[1.432895,-0.110934]},{""t"":1.3,""x"":[2.150243,2.418949,0.921172,-0.071317],""u"":[1.343169,-0.103987]},{""t"":1.4,""x"":[2.244395,2.41166,0.95894,-0.074241],""u"":[1.221587,-0.094574]},{""t"":1.5,""x"":[2.341427,2.404148,0.978612,-0.075764],""u"":[1.072573,-0.083038]},{""t"":1.654638,""x"":[2.492829,2.392426,0.971991,-0.075251],""u"":[0.800735,-0.061992]},{""t"":1.754638,""x"":[2.588779,2.384998,0.943985,-0.073083],""u"":[0.607543,-0.047036]},{""t"":1.854638,""x"":[2.681039,2.377855,0.898414,-0.069555],""u"":[0.40878,-0.031647]},{""t"":1.954638,""x"":[2.76793,2.371128,0.836911,-0.064793],""u"":[0.211692,-0.016389]},{""t"":2.054638,""x"":[2.847964,2.364932,0.761702,-0.05897],""u"":[0.023668,-0.001832]},{""t"":2.154638,""x"":[2.919905,2.359362,0.675547,-0.0523],""u"":[-0.147977,0.011456]},{""t"":2.254638,""x"":[2.982816,2.354492,0.581669,-0.045032],""u"":[-0.296223,0.022933]},{""t"":2.354638,""x"":[3.036101,2.350366,0.483659,-0.037445],""u"":[-0.414593,0.032098]},{""t"":2.454638,""x"":[3.079538,2.347004,0.385369,-0.029835],""u"":[-0.49741,0.038509]},{""t"":2.554638,""x"":[3.113298,2.34439,0.290785,-0.022512],""u"":[-0.540075,0.041812]},{""t"":2.654638,""x"":[3.137951,2.342481,0.20389,-0.015785],""u"":[-0.539363,0.041757]},{""t"":2.754638,""x"":[3.15446,2.341203,0.128497,-0.009948],""u"":[-0.493726,0.038224]},{""t"":2.854638,""x"":[3.164151,2.340453,0.068084,-0.005271],""u"":[-0.403628,0.031249]},{""t"":2.954638,""x"":[3.168675,2.340103,0.025593,-0.001981],""u"":[-0.271885,0.021049]},{""t"":3.054638,""x"":[3.169941,2.340005,0.003228,-0.00025],""u"":[-0.104023,0.008053]},{""t"":3.109276,""x"":[3.17,2.34,-0.0,0.0],""u"":[-0.0,0.0]}]}","{""waypoints"":[{""x"":1.62,""y"":2.46,""z"":-0.25},{""x"":2.395,""y"":2.4,""z"":-0.25},{""x"":3.17,""y"":2.34,""z"":-0.25}],""durations"":[1.5546382215808279,1.5546382215808279],""samples"":[{""t"":0.0,""x"":[1.62,2.46,-0.0,0.0],""u"":[-0.0,0.0]},{""t"":0.1,""x"":[1.62036,2.459972,0.010775,-0.000834],""u"":[0.205719,-0.015927]},{""t"":0.2,""x"":[1.622854,2.459779,0.042486,-0.003289],""u"":[0.421493,-0.032632]},{""t"":0.3,""x"":[1.629499,2.459265,0.09343,-0.007233],""u"":[0.636746,-0.049296]},{""t"":0.4,""x"":[1.642096,2.458289,0.161039,-0.012468],""u"":[0.842094,-0.065194]},{""t"":0.5,""x"":[1.662156,2.456736,0.242105,-0.018744],""u"":[1.029413,-0.079697]},{""t"":0.6,""x"":[1.690844,2.454515,0.332974,-0.025779],""u"":[1.191888,-0.092275]},{""t"":0.7,""x"":[1.728947,2.451565,0.429736,-0.03327],""u"":[1.324043,-0.102507]},{""t"":0.8,""x"":[1.776854,2.447856,0.528388,-0.040907],""u"":[1.421762,-0.110072]},{""t"":0.9,""x"":[1.834556,2.443389,0.624988,-0.048386],""u"":[1.482282,-0.114757]},{""t"":1.0,""x"":[1.901658,2.438194,0.715788,-0.055416],""u"":[1.50418,-0.116453]},{""t"":1.1,""x"":[1.977406,2.43233,0.797352,-0.06173],""u"":[1.487339,-0.115149]},{""t"":1.2,""x"":[2.06072,2.42588,0.866655,-0.067096],""u"":[1.432895,-0.110934]},{""t"":1.3,""x"":[2.150243,2.418949,0.921172,-0.071317],""u"":[1.343169,-0.103987]},{""t"":1.4,""x"":[2.244395,2.41166,0.95894,-0.074241],""u"":[1.221587,-0.094574]},{""t"":1.5,""x"":[2.341427,2.404148,0.978612,-0.075764],""u"":[1.072573,-0.083038]},{""t"":1.654638,""x"":[2.492829,2.392426,0.971991,-0.075251],""u"":[0.800735,-0.061992]},{""t"":1.754638,""x"":[2.588779,2.384998,0.943985,-0.073083],""u"":[0.607543,-0.047036]},{""t"":1.854638,""x"":[2.681039,2.377855,0.898414,-0.069555],""u"":[0.40878,-0.031647]},{""t"":1.954638,""x"":[2.76793,2.371128,0.836911,-0.064793],""u"":[0.211692,-0.016389]},{""t"":2.054638,""x"":[2.847964,2.364932,0.761702,-0.05897],""u"":[0.023668,-0.001832]},{""t"":2.154638,""x"":[2.919905,2.359362,0.675547,-0.0523],""u"":[-0.147977,0.011456]},{""t"":2.254638,""x"":[2.982816,2.354492,0.581669,-0.045032],""u"":[-0.296223,0.022933]},{""t"":2.354638,""x"":[3.036101,2.350366,0.483659,-0.037445],""u"":[-0.414593,0.032098]},{""t"":2.454638,""x"":[3.079538,2.347004,0.385369,-0.029835],""u"":[-0.49741,0.038509]},{""t"":2.554638,""x"":[3.113298,2.34439,0.290785,-0.022512],""u"":[-0.540075,0.041812]},{""t"":2.654638,""x"":[3.137951,2.342481,0.20389,-0.015785],""u"":[-0.539363,0.041757]},{""t"":2.754638,""x"":[3.15446,2.341203,0.128497,-0.009948],""u"":[-0.493726,0.038224]},{""t"":2.854638,""x"":[3.164151,2.340453,0.068084,-0.005271],""u"":[-0.403628,0.031249]},{""t"":2.954638,""x"":[3.168675,2.340103,0.025593,-0.001981],""u"":[-0.271885,0.021049]},{""t"":3.054638,""x"":[3.169941,2.340005,0.003228,-0.00025],""u"":[-0.104023,0.008053]},{""t"":3.109276,""x"":[3.17,2.34,-0.0,0.0],""u"":[-0.0,0.0]}]}",0.0,0.0,1.917664,1.663389,0.05,0.05,True,rrt_planner,http://172.22.224.93:8000/v1,"You are an expert UAV pilot/planner. Generate sparse collision-free 2D routing waypoints for a quadrotor in NED frame assuming it is airborne at the provided start location. A separate module will interpolate them and generate dynamically feasible trajectories, so output only high-level waypoints.
Mission state: the UAV has already taken off and is holding hover at the start position. Use this hover position as the first waypoint/reference for planning. Workspace: x=[0.00,4.00]m, y=[0.00,4.00]m, z=-0.25 fixed. Start: (1.62,2.46,-0.25), Goal: (3.17,2.34,-0.25), distance≈1.55m. Obstacles with x-y spans: 1 obstacle: x=[0.82,1.19], y=[1.56,2.05].
Constraints:
- all waypoints in NED frame, z must stay -0.25
- final waypoint must be goal coordinates
- maintain >=0.40m clearance from obstacle x-y boxes
- stay within workspace
- no waypoint should be within obstacle boxes, walls, or near corners
- prefer sparse, smooth, monotonic progress through open space
- return only the structured output requested by the response model"
12,"{""x"":2.28,""y"":0.02,""z"":-0.25}","{""x"":0.95,""y"":3.84,""z"":-0.25}","{""x"":[0.0,4.0],""y"":[0.0,4.0],""z"":-0.25}","[{""id"":1,""label"":""box_1"",""shape"":""box"",""min_corner"":[3.03,2.41,-0.75],""max_corner"":[3.63,2.77,0.25],""size"":[0.59,0.36,1.0]},{""id"":2,""label"":""box_2"",""shape"":""box"",""min_corner"":[1.42,0.79,-0.75],""max_corner"":[1.81,1.25,0.25],""size"":[0.39,0.46,1.0]},{""id"":3,""label"":""box_3"",""shape"":""box"",""min_corner"":[2.79,1.05,-0.75],""max_corner"":[3.04,1.72,0.25],""size"":[0.25,0.67,1.0]},{""id"":4,""label"":""box_4"",""shape"":""box"",""min_corner"":[2.43,1.93,-0.75],""max_corner"":[2.93,2.42,0.25],""size"":[0.5,0.49,1.0]}]","[{""x"":2.28,""y"":0.02,""z"":-0.25},{""x"":0.94,""y"":0.18,""z"":-0.25},{""x"":0.95,""y"":3.84,""z"":-0.25}]","[{""x"":2.28,""y"":0.02,""z"":-0.25},{""x"":0.95,""y"":3.84,""z"":-0.25}]","[{""x"":2.28,""y"":0.02,""z"":-0.25},{""x"":1.6099999999999999,""y"":0.1,""z"":-0.25},{""x"":0.94,""y"":0.18,""z"":-0.25},{""x"":0.9424999999999999,""y"":1.095,""z"":-0.25},{""x"":0.945,""y"":2.01,""z"":-0.25},{""x"":0.9475,""y"":2.925,""z"":-0.25},{""x"":0.95,""y"":3.84,""z"":-0.25}]","[{""x"":2.28,""y"":0.02,""z"":-0.25},{""x"":2.23,""y"":0.784,""z"":-0.25},{""x"":1.7479999999999998,""y"":1.67,""z"":-0.25},{""x"":1.4819999999999998,""y"":2.312,""z"":-0.25},{""x"":1.216,""y"":3.076,""z"":-0.25},{""x"":0.95,""y"":3.84,""z"":-0.25}]","{""collision_free"":true,""min_clearance_m"":0.478,""goal_clearance_m"":2.051,""max_segment_speed"":0.458,""max_segment_accel"":0.268,""monotonic_goal_progress"":true,""smoothness_score"":0.775,""passed"":true,""goal_match"":true,""in_workspace"":true,""nominal_dt_s"":2.0,""failed_constraints"":[],""thresholds"":{""min_clearance_m"":0.4,""max_segment_speed"":1.5,""max_segment_accel"":1.5,""goal_tolerance_m"":0.05,""progress_tolerance_m"":0.001},""feedback_table"":""| Metric | Value | Required | Status |\n|---|---:|---:|---|\n| in_workspace | True | true | PASS |\n| goal_clearance | 2.051 | >= 0.400 | PASS |\n| collision_free | True | true | PASS |\n| min_clearance_m | 0.478 | >= 0.400 | PASS |\n| goal_match | True | true | PASS |\n| monotonic_goal_progress | True | true | PASS |\n| max_segment_speed | 0.458 | <= 1.500 | PASS |\n| max_segment_accel | 0.268 | <= 1.500 | PASS |""}","{""collision_free"":true,""min_clearance_m"":0.42,""goal_clearance_m"":2.051,""max_segment_speed"":0.504,""max_segment_accel"":0.112,""monotonic_goal_progress"":true,""smoothness_score"":0.87,""passed"":true,""goal_match"":true,""in_workspace"":true,""nominal_dt_s"":2.0,""failed_constraints"":[],""thresholds"":{""min_clearance_m"":0.4,""max_segment_speed"":1.5,""max_segment_accel"":1.5,""goal_tolerance_m"":0.05,""progress_tolerance_m"":0.001},""feedback_table"":""| Metric | Value | Required | Status |\n|---|---:|---:|---|\n| in_workspace | True | true | PASS |\n| goal_clearance | 2.051 | >= 0.400 | PASS |\n| collision_free | True | true | PASS |\n| min_clearance_m | 0.420 | >= 0.400 | PASS |\n| goal_match | True | true | PASS |\n| monotonic_goal_progress | True | true | PASS |\n| max_segment_speed | 0.504 | <= 1.500 | PASS |\n| max_segment_accel | 0.112 | <= 1.500 | PASS |""}","{""waypoints"":[{""x"":2.28,""y"":0.02,""z"":-0.25},{""x"":1.6099999999999999,""y"":0.1,""z"":-0.25},{""x"":0.94,""y"":0.18,""z"":-0.25},{""x"":0.9424999999999999,""y"":1.095,""z"":-0.25},{""x"":0.945,""y"":2.01,""z"":-0.25},{""x"":0.9475,""y"":2.925,""z"":-0.25},{""x"":0.95,""y"":3.84,""z"":-0.25}],""durations"":[1.349518432626987,1.349518432626987,1.8300068305883452,1.8300068305883448,1.8300068305883452,1.8300068305883452],""samples"":[{""t"":0.0,""x"":[2.28,0.02,0.0,-0.0],""u"":[-0.0,0.0]},{""t"":0.1,""x"":[2.279478,0.020078,-0.015625,0.002316],""u"":[-0.297503,0.044035]},{""t"":0.2,""x"":[2.275877,0.02061,-0.061106,0.009015],""u"":[-0.600328,0.08804]},{""t"":0.3,""x"":[2.266385,0.022004,-0.132669,0.019417],""u"":[-0.886207,0.12801]},{""t"":0.4,""x"":[2.248655,0.024584,-0.22484,0.032538],""u"":[-1.137139,0.160704]},{""t"":0.5,""x"":[2.220948,0.028563,-0.331066,0.047198],""u"":[-1.339316,0.183636]},{""t"":0.6,""x"":[2.18221,0.034032,-0.44425,0.062121],""u"":[-1.482981,0.195047]},{""t"":0.7,""x"":[2.132105,0.040953,-0.557227,0.076017],""u"":[-1.562204,0.193866]},{""t"":0.8,""x"":[2.071001,0.04916,-0.66315,0.087653],""u"":[-1.574586,0.179657]},{""t"":0.9,""x"":[1.999919,0.058371,-0.755805,0.095909],""u"":[-1.520886,0.152554]},{""t"":1.0,""x"":[1.920461,0.068197,-0.829853,0.099823],""u"":[-1.404571,0.113176]},{""t"":1.1,""x"":[1.834713,0.078165,-0.880993,0.098621],""u"":[-1.231293,0.06254]},{""t"":1.2,""x"":[1.745133,0.087731,-0.906052,0.091729],""u"":[-1.008291,0.001945]},{""t"":1.3,""x"":[1.654441,0.096308,-0.902993,0.07878],""u"":[-0.74371,-0.067138]},{""t"":1.449518,""x"":[1.522693,0.106101,-0.853762,0.052492],""u"":[-0.47297,-0.092803]},{""t"":1.549518,""x"":[1.439568,0.110606,-0.807208,0.038144],""u"":[-0.343148,-0.077146]},{""t"":1.649518,""x"":[1.361537,0.113844,-0.7521,0.027207],""u"":[-0.216486,-0.055948]},{""t"":1.749518,""x"":[1.289383,0.11617,-0.689931,0.019952],""u"":[-0.097937,-0.0283]},{""t"":1.849518,""x"":[1.223726,0.117968,-0.622494,0.016707],""u"":[0.008657,0.006509]},{""t"":1.949518,""x"":[1.164995,0.119657,-0.55174,0.01783],""u"":[0.10054,0.048993]},{""t"":2.049518,""x"":[1.113423,0.121692,-0.479646,0.023683],""u"":[0.175983,0.099482]},{""t"":2.149518,""x"":[1.069047,0.124563,-0.408113,0.034619],""u"":[0.23422,0.158132]},{""t"":2.249518,""x"":[1.031723,0.128796,-0.338876,0.050957],""u"":[0.275355,0.224938]},{""t"":2.349518,""x"":[1.001145,0.134944,-0.273439,0.07298],""u"":[0.30025,0.299755]},{""t"":2.449518,""x"":[0.976868,0.143589,-0.213021,0.100915],""u"":[0.3104,0.382316]},{""t"":2.549518,""x"":[0.958342,0.15533,-0.158536,0.134936],""u"":[0.307782,0.472262]},{""t"":2.649518,""x"":[0.944943,0.170783,-0.110576,0.175155],""u"":[0.294685,0.569164]},{""t"":2.799037,""x"":[0.933002,0.202032,-0.051857,0.242983],""u"":[0.255452,0.649815]},{""t"":2.899037,""x"":[0.929386,0.22854,-0.021655,0.286872],""u"":[0.220668,0.677912]},{""t"":2.999037,""x"":[0.928439,0.259348,0.001595,0.328983],""u"":[0.182775,0.703443]},{""t"":3.099037,""x"":[0.92949,0.294274,0.018395,0.369213],""u"":[0.14362,0.726002]},{""t"":3.199037,""x"":[0.931924,0.333123,0.029372,0.407428],""u"":[0.104823,0.745216]},{""t"":3.299037,""x"":[0.935194,0.375687,0.035246,0.443471],""u"":[0.067771,0.760748]},{""t"":3.399037,""x"":[0.938828,0.421739,0.036793,0.477168],""u"":[0.033615,0.772294]},{""t"":3.499037,""x"":[0.942435,0.471036,0.034816,0.508335],""u"":[0.003271,0.779594]},{""t"":3.599037,""x"":[0.945701,0.523315,0.030118,0.536781],""u"":[-0.022575,0.782427]},{""t"":3.699037,""x"":[0.948394,0.578295,0.023477,0.562314],""u"":[-0.043461,0.78062]},{""t"":3.799037,""x"":[0.950356,0.635675,0.015627,0.584747],""u"":[-0.059139,0.774042]},{""t"":3.899037,""x"":[0.951501,0.695135,0.007241,0.603901],""u"":[-0.069558,0.76261]},{""t"":3.999037,""x"":[0.951806,0.75634,-0.001083,0.61961],""u"":[-0.074848,0.746292]},{""t"":4.099037,""x"":[0.951304,0.818937,-0.008831,0.631724],""u"":[-0.0753,0.7251]},{""t"":4.199037,""x"":[0.950074,0.882561,-0.015581,0.640113],""u"":[-0.071338,0.699098]},{""t"":4.299037,""x"":[0.948232,0.946832,-0.021004,0.644669],""u"":[-0.063495,0.668397]},{""t"":4.399037,""x"":[0.945925,1.011364,-0.024866,0.64531],""u"":[-0.052381,0.633157]},{""t"":4.499037,""x"":[0.943316,1.075762,-0.027024,0.641982],""u"":[-0.038643,0.593585]},{""t"":4.629044,""x"":[0.939751,1.158662,-0.027453,0.632714],""u"":[-0.02301,0.555837]},{""t"":4.729044,""x"":[0.93705,1.221479,-0.026371,0.623303],""u"":[-0.011267,0.529146]},{""t"":4.829044,""x"":[0.934514,1.28326,-0.024168,0.612021],""u"":[0.000573,0.501177]},{""t"":4.929044,""x"":[0.932249,1.343823,-0.020978,0.59895],""u"":[0.01202,0.472308]},{""t"":5.029044,""x"":[0.930346,1.402994,-0.016969,0.584203],""u"":[0.022643,0.442941]},{""t"":5.129044,""x"":[0.928876,1.460613,-0.01233,0.567925],""u"":[0.032077,0.41349]},{""t"":5.229044,""x"":[0.927894,1.516534,-0.007269,0.550289],""u"":[0.040019,0.384375]},{""t"":5.329044,""x"":[0.927429,1.570632,-0.001998,0.531494],""u"":[0.046229,0.356012]},{""t"":5.429044,""x"":[0.927494,1.622801,0.003271,0.51176],""u"":[0.050529,0.328799]},{""t"":5.529044,""x"":[0.928077,1.67296,0.008332,0.491324],""u"":[0.0528,0.303106]},{""t"":5.629044,""x"":[0.929147,1.721051,0.012992,0.470436],""u"":[0.05298,0.279263]},{""t"":5.729044,""x"":[0.930656,1.767041,0.017073,0.449351],""u"":[0.05106,0.257546]},{""t"":5.829044,""x"":[0.932537,1.810923,0.02042,0.428323],""u"":[0.047079,0.238161]},{""t"":5.929044,""x"":[0.934711,1.852716,0.022898,0.407595],""u"":[0.041115,0.221234]},{""t"":6.029044,""x"":[0.937084,1.89246,0.024395,0.387395],""u"":[0.033284,0.20679]},{""t"":6.129044,""x"":[0.939554,1.930219,0.024829,0.367923],""u"":[0.023727,0.194739]},{""t"":6.229044,""x"":[0.942012,1.966074,0.024137,0.349342],""u"":[0.012604,0.184857]},{""t"":6.329044,""x"":[0.944343,2.000121,0.022283,0.331766],""u"":[8.5e-05,0.176772]},{""t"":6.459051,""x"":[0.947009,2.041955,0.01868,0.313627],""u"":[-0.00711,0.227987]},{""t"":6.559051,""x"":[0.948735,2.072968,0.015829,0.30783],""u"":[-0.010194,0.287877]},{""t"":6.659051,""x"":[0.950174,2.10376,0.012964,0.309179],""u"":[-0.013041,0.35333]},{""t"":6.759051,""x"":[0.951328,2.135035,0.01012,0.317452],""u"":[-0.015534,0.423239]},{""t"":6.859051,""x"":[0.9522,2.16747,0.007335,0.332328],""u"":[-0.017577,0.496372]},{""t"":6.959051,""x"":[0.952799,2.201706,0.004655,0.353385],""u"":[-0.019091,0.571409]},{""t"":7.059051,""x"":[0.953136,2.238336,0.002127,0.380105],""u"":[-0.020016,0.646969]},{""t"":7.159051,""x"":[0.953231,2.277896,-0.000201,0.411878],""u"":[-0.020308,0.721656]},{""t"":7.259051,""x"":[0.953104,2.320857,-0.002282,0.448013],""u"":[-0.019941,0.794094]},{""t"":7.359051,""x"":[0.952784,2.367619,-0.004072,0.487753],""u"":[-0.018901,0.862978]},{""t"":7.459051,""x"":[0.952301,2.418501,-0.005532,0.530286],""u"":[-0.017191,0.927118]},{""t"":7.559051,""x"":[0.95169,2.473741,-0.006626,0.574773],""u"":[-0.014823,0.985494]},{""t"":7.659051,""x"":[0.950989,2.533492,-0.007326,0.620364],""u"":[-0.011819,1.037311]},{""t"":7.759051,""x"":[0.950239,2.597823,-0.007608,0.666231],""u"":[-0.008209,1.082056]},{""t"":7.859051,""x"":[0.949482,2.666722,-0.007453,0.711598],""u"":[-0.004025,1.119566]},{""t"":7.959051,""x"":[0.948763,2.740103,-0.00685,0.755771],""u"":[0.000697,1.150088]},{""t"":8.059051,""x"":[0.948127,2.817817,-0.005791,0.798182],""u"":[0.005926,1.174356]},{""t"":8.159051,""x"":[0.94762,2.899667,-0.004272,0.838426],""u"":[0.011636,1.193656]},{""t"":8.289057,""x"":[0.947217,3.011623,-0.001969,0.879433],""u"":[0.012819,1.065291]},{""t"":8.389057,""x"":[0.947098,3.100293,-0.000473,0.891032],""u"":[0.011938,0.916759]},{""t"":8.489057,""x"":[0.947114,3.189252,0.000763,0.885303],""u"":[0.010817,0.756638]},{""t"":8.589057,""x"":[0.947242,3.276803,0.001741,0.863055],""u"":[0.009484,0.588982]},{""t"":8.689057,""x"":[0.947454,3.361351,0.002469,0.825459],""u"":[0.007981,0.418311]},{""t"":8.789057,""x"":[0.947727,3.441434,0.002958,0.774057],""u"":[0.006362,0.2495]},{""t"":8.889057,""x"":[0.948038,3.515765,0.003224,0.710749],""u"":[0.004687,0.087644]},{""t"":8.989057,""x"":[0.948365,3.583261,0.003288,0.637774],""u"":[0.003021,-0.062083]},{""t"":9.089057,""x"":[0.94869,3.643082,0.003175,0.557674],""u"":[0.001435,-0.194579]},{""t"":9.189057,""x"":[0.948995,3.694651,0.002916,0.473247],""u"":[-1e-06,-0.304991]},{""t"":9.289057,""x"":[0.949269,3.737686,0.002545,0.387484],""u"":[-0.001221,-0.388891]},{""t"":9.389057,""x"":[0.949502,3.772207,0.0021,0.303492],""u"":[-0.002164,-0.442472]},{""t"":9.489057,""x"":[0.949688,3.798549,0.00162,0.224413],""u"":[-0.002779,-0.46276]},{""t"":9.589057,""x"":[0.949826,3.817356,0.001145,0.153314],""u"":[-0.003029,-0.447835]},{""t"":9.689057,""x"":[0.949919,3.829574,0.000714,0.093078],""u"":[-0.002895,-0.397064]},{""t"":9.789057,""x"":[0.949972,3.83642,0.000362,0.046273],""u"":[-0.002383,-0.311351]},{""t"":9.889057,""x"":[0.949995,3.839347,0.000119,0.015014],""u"":[-0.001524,-0.193401]},{""t"":9.989057,""x"":[0.95,3.839992,6e-06,0.000806],""u"":[-0.000383,-0.047989]},{""t"":10.019064,""x"":[0.95,3.84,0.0,0.0],""u"":[0.0,0.0]}]}","{""waypoints"":[{""x"":2.28,""y"":0.02,""z"":-0.25},{""x"":2.23,""y"":0.784,""z"":-0.25},{""x"":1.7479999999999998,""y"":1.67,""z"":-0.25},{""x"":1.4819999999999998,""y"":2.312,""z"":-0.25},{""x"":1.216,""y"":3.076,""z"":-0.25},{""x"":0.95,""y"":3.84,""z"":-0.25}],""durations"":[1.5312687549871837,2.0172456469156157,1.389848912652019,1.6179641528785491,1.6179641528785484],""samples"":[{""t"":0.0,""x"":[2.28,0.02,0.0,0.0],""u"":[0.0,0.0]},{""t"":0.1,""x"":[2.279992,0.020406,-0.000246,0.012154],""u"":[-0.004766,0.231802]},{""t"":0.2,""x"":[2.279934,0.023215,-0.00101,0.047772],""u"":[-0.010486,0.472178]},{""t"":0.3,""x"":[2.27977,0.030667,-0.00236,0.104543],""u"":[-0.017573,0.70709]},{""t"":0.4,""x"":[2.279439,0.044715,-0.004395,0.17904],""u"":[-0.026384,0.924569]},{""t"":0.5,""x"":[2.278864,0.066926,-0.007242,0.267059],""u"":[-0.037215,1.114736]},{""t"":0.6,""x"":[2.277959,0.098421,-0.011038,0.363915],""u"":[-0.050306,1.269795]},{""t"":0.7,""x"":[2.27662,0.13984,-0.01593,0.464708],""u"":[-0.065834,1.383991]},{""t"":0.8,""x"":[2.274731,0.191331,-0.022065,0.564553],""u"":[-0.083922,1.453533]},{""t"":0.9,""x"":[2.272161,0.252563,-0.029584,0.658779],""u"":[-0.104638,1.476487]},{""t"":1.0,""x"":[2.268764,0.322756,-0.038618,0.743094],""u"":[-0.127999,1.452627]},{""t"":1.1,""x"":[2.264383,0.400725,-0.049284,0.81371],""u"":[-0.153974,1.383263]},{""t"":1.2,""x"":[2.258849,0.484935,-0.06168,0.867442],""u"":[-0.182493,1.271027]},{""t"":1.3,""x"":[2.251987,0.573566,-0.075886,0.901774],""u"":[-0.213446,1.119626]},{""t"":1.4,""x"":[2.24361,0.664581,-0.091959,0.914878],""u"":[-0.2467,0.933569]},{""t"":1.5,""x"":[2.233531,0.755795,-0.109937,0.905618],""u"":[-0.282098,0.717848]},{""t"":1.631269,""x"":[2.217442,0.872275,-0.135065,0.866078],""u"":[-0.304923,0.538263]},{""t"":1.731269,""x"":[2.203016,0.956947,-0.153316,0.826087],""u"":[-0.315244,0.427875]},{""t"":1.831269,""x"":[2.186808,1.037247,-0.170679,0.778774],""u"":[-0.324378,0.318391]},{""t"":1.931269,""x"":[2.168911,1.112494,-0.187114,0.725213],""u"":[-0.332161,0.21382]},{""t"":2.031269,""x"":[2.149418,1.182127,-0.20257,0.666758],""u"":[-0.33844,0.117723]},{""t"":2.131269,""x"":[2.128432,1.245734,-0.216983,0.604972],""u"":[-0.343067,0.033205]},{""t"":2.231269,""x"":[2.106059,1.303067,-0.230283,0.541551],""u"":[-0.345903,-0.0371]},{""t"":2.331269,""x"":[2.082415,1.354049,-0.242393,0.478265],""u"":[-0.346822,-0.091027]},{""t"":2.431269,""x"":[2.057623,1.398784,-0.25323,0.4169],""u"":[-0.345709,-0.126876]},{""t"":2.531269,""x"":[2.031814,1.437551,-0.26271,0.359209],""u"":[-0.342461,-0.143396]},{""t"":2.631269,""x"":[2.005129,1.470804,-0.270747,0.30687],""u"":[-0.336994,-0.13977]},{""t"":2.731269,""x"":[1.977715,1.499156,-0.277256,0.261449],""u"":[-0.329237,-0.115587]},{""t"":2.831269,""x"":[1.949731,1.523372,-0.282156,0.224371],""u"":[-0.319137,-0.07081]},{""t"":2.931269,""x"":[1.921341,1.544351,-0.285367,0.196901],""u"":[-0.306659,-0.005736]},{""t"":3.031269,""x"":[1.892716,1.563109,-0.286817,0.180122],""u"":[-0.291787,0.079052]},{""t"":3.131269,""x"":[1.864038,1.580762,-0.28644,0.174933],""u"":[-0.274528,0.182736]},{""t"":3.231269,""x"":[1.835491,1.598506,-0.284179,0.182044],""u"":[-0.254908,0.304322]},{""t"":3.331269,""x"":[1.807267,1.617598,-0.279986,0.20198],""u"":[-0.232975,0.44271]},{""t"":3.431269,""x"":[1.77956,1.639341,-0.273826,0.235096],""u"":[-0.208802,0.596767]},{""t"":3.531269,""x"":[1.752568,1.665063,-0.265675,0.281591],""u"":[-0.182485,0.765405]},{""t"":3.648514,""x"":[1.722074,1.701767,-0.254398,0.343308],""u"":[-0.164933,0.789935]},{""t"":3.748514,""x"":[1.697132,1.738447,-0.24439,0.389204],""u"":[-0.15193,0.776899]},{""t"":3.848514,""x"":[1.673206,1.77939,-0.234067,0.428563],""u"":[-0.1389,0.756305]},{""t"":3.948514,""x"":[1.650327,1.823938,-0.223469,0.461264],""u"":[-0.126023,0.727893]},{""t"":4.048514,""x"":[1.62852,1.871417,-0.21265,0.487181],""u"":[-0.113488,0.691589]},{""t"":4.148514,""x"":[1.607803,1.921144,-0.201678,0.506201],""u"":[-0.10148,0.647487]},{""t"":4.248514,""x"":[1.588187,1.972424,-0.190635,0.518242],""u"":[-0.090176,0.595807]},{""t"":4.348514,""x"":[1.569675,2.024558,-0.179608,0.523257],""u"":[-0.07973,0.536862]},{""t"":4.448514,""x"":[1.552261,2.076841,-0.168694,0.52124],""u"":[-0.070268,0.471013]},{""t"":4.548514,""x"":[1.535929,2.128573,-0.157986,0.512224],""u"":[-0.061877,0.398623]},{""t"":4.648514,""x"":[1.520654,2.179055,-0.147579,0.496273],""u"":[-0.05459,0.320001]},{""t"":4.748514,""x"":[1.506401,2.227599,-0.137554,0.473474],""u"":[-0.048376,0.235346]},{""t"":4.848514,""x"":[1.493128,2.273524,-0.127979,0.443913],""u"":[-0.043128,0.144682]},{""t"":5.038363,""x"":[1.47041,2.351388,-0.112552,0.377796],""u"":[-0.061541,0.116026]},{""t"":5.138363,""x"":[1.459381,2.387895,-0.108559,0.354025],""u"":[-0.08687,0.183372]},{""t"":5.238363,""x"":[1.448592,2.422524,-0.10775,0.340183],""u"":[-0.114555,0.258755]},{""t"":5.338363,""x"":[1.437729,2.456254,-0.110009,0.335997],""u"":[-0.144008,0.340687]},{""t"":5.438363,""x"":[1.426493,2.490031,-0.115165,0.341053],""u"":[-0.174574,0.427442]},{""t"":5.538363,""x"":[1.414607,2.524754,-0.122996,0.354791],""u"":[-0.205557,0.517132]},{""t"":5.638363,""x"":[1.401814,2.561256,-0.133229,0.37651],""u"":[-0.236244,0.607781]},{""t"":5.738363,""x"":[1.387891,2.600294,-0.145546,0.405371],""u"":[-0.265934,0.697404]},{""t"":5.838363,""x"":[1.372647,2.642536,-0.15959,0.440423],""u"":[-0.293967,0.784104]},{""t"":5.938363,""x"":[1.355928,2.68855,-0.174977,0.480622],""u"":[-0.319756,0.866169]},{""t"":6.038363,""x"":[1.33762,2.738796,-0.191307,0.524872],""u"":[-0.342827,0.942178]},{""t"":6.138363,""x"":[1.317649,2.793623,-0.20818,0.572062],""u"":[-0.362852,1.011121]},{""t"":6.238363,""x"":[1.295979,2.85327,-0.225212,0.621119],""u"":[-0.379688,1.072521]},{""t"":6.338363,""x"":[1.272613,2.917876,-0.242058,0.671067],""u"":[-0.393428,1.126564]},{""t"":6.438363,""x"":[1.247583,2.987486,-0.25843,0.721092],""u"":[-0.404436,1.174242]},{""t"":6.538363,""x"":[1.220949,3.062077,-0.274129,0.770616],""u"":[-0.413403,1.217499]},{""t"":6.656327,""x"":[1.187682,3.156013,-0.28821,0.817036],""u"":[-0.356548,1.055488]},{""t"":6.756327,""x"":[1.158611,3.238654,-0.291957,0.832051],""u"":[-0.292116,0.867696]},{""t"":6.856327,""x"":[1.129536,3.321695,-0.288361,0.825216],""u"":[-0.223501,0.667261]},{""t"":6.956327,""x"":[1.101169,3.403011,-0.277869,0.797831],""u"":[-0.152938,0.460732]},{""t"":7.056327,""x"":[1.074171,3.480638,-0.261125,0.751781],""u"":[-0.082899,0.255368]},{""t"":7.156327,""x"":[1.049125,3.552827,-0.238973,0.689539],""u"":[-0.016004,0.058884]},{""t"":7.256327,""x"":[1.026522,3.618106,-0.212446,0.614135],""u"":[0.045069,-0.120826]},{""t"":7.356327,""x"":[1.006741,3.675333,-0.182746,0.529102],""u"":[0.097689,-0.275999]},{""t"":7.456327,""x"":[0.990034,3.723737,-0.151218,0.43839],""u"":[0.139387,-0.399335]},{""t"":7.556327,""x"":[0.976511,3.762963,-0.119309,0.346261],""u"":[0.167973,-0.484361]},{""t"":7.656327,""x"":[0.966135,3.79309,-0.088521,0.257142],""u"":[0.181675,-0.52582]},{""t"":7.756327,""x"":[0.958719,3.81464,-0.06036,0.175469],""u"":[0.179271,-0.520088]},{""t"":7.856327,""x"":[0.953927,3.828573,-0.036264,0.105481],""u"":[0.160246,-0.465621]},{""t"":7.956327,""x"":[0.951287,3.836254,-0.017529,0.05101],""u"":[0.124946,-0.363424]},{""t"":8.056327,""x"":[0.950206,3.839399,-0.00523,0.015225],""u"":[0.074751,-0.217557]},{""t"":8.156327,""x"":[0.950001,3.839998,-0.000122,0.000356],""u"":[0.012249,-0.035659]},{""t"":8.174292,""x"":[0.95,3.84,-0.0,0.0],""u"":[-0.0,0.0]}]}",1.917664,1.663389,1.917664,1.663389,0.05,0.05,True,rrt_planner,http://172.22.224.93:8000/v1,"You are an expert UAV pilot/planner. Generate sparse collision-free 2D routing waypoints for a quadrotor in NED frame assuming it is airborne at the provided start location. A separate module will interpolate them and generate dynamically feasible trajectories, so output only high-level waypoints.
Mission state: the UAV has already taken off and is holding hover at the start position. Use this hover position as the first waypoint/reference for planning. Workspace: x=[0.00,4.00]m, y=[0.00,4.00]m, z=-0.25 fixed. Start: (2.28,0.02,-0.25), Goal: (0.95,3.84,-0.25), distance≈4.04m. Obstacles with x-y spans: 1 obstacle: x=[3.03,3.63], y=[2.41,2.77]. 2 obstacle: x=[1.42,1.81], y=[0.79,1.25]. 3 obstacle: x=[2.79,3.04], y=[1.05,1.72]. 4 obstacle: x=[2.43,2.93], y=[1.93,2.42].
Constraints:
- all waypoints in NED frame, z must stay -0.25
- final waypoint must be goal coordinates
- maintain >=0.40m clearance from obstacle x-y boxes
- stay within workspace
- no waypoint should be within obstacle boxes, walls, or near corners
- prefer sparse, smooth, monotonic progress through open space
- return only the structured output requested by the response model"
13,"{""x"":0.93,""y"":3.83,""z"":-0.25}","{""x"":2.31,""y"":2.45,""z"":-0.25}","{""x"":[0.0,4.0],""y"":[0.0,4.0],""z"":-0.25}",[],"[{""x"":0.93,""y"":3.83,""z"":-0.25},{""x"":2.31,""y"":2.45,""z"":-0.25}]","[{""x"":0.93,""y"":3.83,""z"":-0.25},{""x"":2.31,""y"":2.45,""z"":-0.25}]","[{""x"":0.93,""y"":3.83,""z"":-0.25},{""x"":1.62,""y"":3.14,""z"":-0.25},{""x"":2.31,""y"":2.45,""z"":-0.25}]","[{""x"":0.93,""y"":3.83,""z"":-0.25},{""x"":1.62,""y"":3.14,""z"":-0.25},{""x"":2.31,""y"":2.45,""z"":-0.25}]","{""collision_free"":true,""min_clearance_m"":Infinity,""goal_clearance_m"":Infinity,""max_segment_speed"":0.488,""max_segment_accel"":0.0,""monotonic_goal_progress"":true,""smoothness_score"":1.0,""passed"":true,""goal_match"":true,""in_workspace"":true,""nominal_dt_s"":2.0,""failed_constraints"":[],""thresholds"":{""min_clearance_m"":0.4,""max_segment_speed"":1.5,""max_segment_accel"":1.5,""goal_tolerance_m"":0.05,""progress_tolerance_m"":0.001},""feedback_table"":""| Metric | Value | Required | Status |\n|---|---:|---:|---|\n| in_workspace | True | true | PASS |\n| goal_clearance | inf | >= 0.400 | PASS |\n| collision_free | True | true | PASS |\n| min_clearance_m | inf | >= 0.400 | PASS |\n| goal_match | True | true | PASS |\n| monotonic_goal_progress | True | true | PASS |\n| max_segment_speed | 0.488 | <= 1.500 | PASS |\n| max_segment_accel | 0.000 | <= 1.500 | PASS |""}","{""collision_free"":true,""min_clearance_m"":Infinity,""goal_clearance_m"":Infinity,""max_segment_speed"":0.488,""max_segment_accel"":0.0,""monotonic_goal_progress"":true,""smoothness_score"":1.0,""passed"":true,""goal_match"":true,""in_workspace"":true,""nominal_dt_s"":2.0,""failed_constraints"":[],""thresholds"":{""min_clearance_m"":0.4,""max_segment_speed"":1.5,""max_segment_accel"":1.5,""goal_tolerance_m"":0.05,""progress_tolerance_m"":0.001},""feedback_table"":""| Metric | Value | Required | Status |\n|---|---:|---:|---|\n| in_workspace | True | true | PASS |\n| goal_clearance | inf | >= 0.400 | PASS |\n| collision_free | True | true | PASS |\n| min_clearance_m | inf | >= 0.400 | PASS |\n| goal_match | True | true | PASS |\n| monotonic_goal_progress | True | true | PASS |\n| max_segment_speed | 0.488 | <= 1.500 | PASS |\n| max_segment_accel | 0.000 | <= 1.500 | PASS |""}","{""waypoints"":[{""x"":0.93,""y"":3.83,""z"":-0.25},{""x"":1.62,""y"":3.14,""z"":-0.25},{""x"":2.31,""y"":2.45,""z"":-0.25}],""durations"":[1.9516147160748711,1.951614716074871],""samples"":[{""t"":0.0,""x"":[0.93,3.83,0.0,-0.0],""u"":[0.0,-0.0]},{""t"":0.1,""x"":[0.930162,3.829838,0.004858,-0.004858],""u"":[0.092904,-0.092904]},{""t"":0.2,""x"":[0.93129,3.82871,0.019253,-0.019253],""u"":[0.192163,-0.192163]},{""t"":0.3,""x"":[0.934314,3.825686,0.042681,-0.042681],""u"":[0.294551,-0.294551]},{""t"":0.4,""x"":[0.940101,3.819899,0.074365,-0.074365],""u"":[0.397055,-0.397055]},{""t"":0.5,""x"":[0.949429,3.810571,0.113308,-0.113308],""u"":[0.496893,-0.496893]},{""t"":0.6,""x"":[0.962966,3.797034,0.15834,-0.15834],""u"":[0.591538,-0.591538]},{""t"":0.7,""x"":[0.981257,3.778743,0.208163,-0.208163],""u"":[0.678734,-0.678734]},{""t"":0.8,""x"":[1.004712,3.755288,0.261395,-0.261395],""u"":[0.756512,-0.756512]},{""t"":0.9,""x"":[1.033602,3.726398,0.316609,-0.316609],""u"":[0.823201,-0.823201]},{""t"":1.0,""x"":[1.068052,3.691948,0.372368,-0.372368],""u"":[0.877439,-0.877439]},{""t"":1.1,""x"":[1.108047,3.651953,0.427261,-0.427261],""u"":[0.918176,-0.918176]},{""t"":1.2,""x"":[1.15343,3.60657,0.479929,-0.479929],""u"":[0.944679,-0.944679]},{""t"":1.3,""x"":[1.203916,3.556084,0.529097,-0.529097],""u"":[0.95653,-0.95653]},{""t"":1.4,""x"":[1.259094,3.500906,0.573594,-0.573594],""u"":[0.953624,-0.953624]},{""t"":1.5,""x"":[1.318444,3.441556,0.612379,-0.612379],""u"":[0.936163,-0.936163]},{""t"":1.6,""x"":[1.381349,3.378651,0.644553,-0.644553],""u"":[0.904643,-0.904643]},{""t"":1.7,""x"":[1.44711,3.31289,0.669381,-0.669381],""u"":[0.85985,-0.85985]},{""t"":1.8,""x"":[1.514961,3.245039,0.686298,-0.686298],""u"":[0.802834,-0.802834]},{""t"":1.9,""x"":[1.584093,3.175907,0.694923,-0.694923],""u"":[0.7349,-0.7349]},{""t"":2.051615,""x"":[1.689464,3.070536,0.691802,-0.691802],""u"":[0.614562,-0.614562]},{""t"":2.151615,""x"":[1.75808,3.00192,0.679129,-0.679129],""u"":[0.526388,-0.526388]},{""t"":2.251615,""x"":[1.825018,2.934982,0.658325,-0.658325],""u"":[0.43353,-0.43353]},{""t"":2.351615,""x"":[1.889489,2.870511,0.629862,-0.629862],""u"":[0.338117,-0.338117]},{""t"":2.451615,""x"":[1.950757,2.809243,0.594386,-0.594386],""u"":[0.242368,-0.242368]},{""t"":2.551615,""x"":[2.00816,2.75184,0.552716,-0.552716],""u"":[0.148565,-0.148565]},{""t"":2.651615,""x"":[2.061126,2.698874,0.50582,-0.50582],""u"":[0.059001,-0.059001]},{""t"":2.751615,""x"":[2.109186,2.650814,0.454806,-0.454806],""u"":[-0.024055,0.024055]},{""t"":2.851615,""x"":[2.15199,2.60801,0.400896,-0.400896],""u"":[-0.098412,0.098412]},{""t"":2.951615,""x"":[2.189313,2.570687,0.345411,-0.345411],""u"":[-0.162003,0.162003]},{""t"":3.051615,""x"":[2.221066,2.538934,0.289737,-0.289737],""u"":[-0.212938,0.212938]},{""t"":3.151615,""x"":[2.247302,2.512698,0.235302,-0.235302],""u"":[-0.249563,0.249563]},{""t"":3.251615,""x"":[2.268216,2.491784,0.183543,-0.183543],""u"":[-0.270519,0.270519]},{""t"":3.351615,""x"":[2.284147,2.475853,0.13587,-0.13587],""u"":[-0.274801,0.274801]},{""t"":3.451615,""x"":[2.295571,2.464429,0.09363,-0.09363],""u"":[-0.261826,0.261826]},{""t"":3.551615,""x"":[2.303095,2.456905,0.058062,-0.058062],""u"":[-0.231501,0.231501]},{""t"":3.651615,""x"":[2.307443,2.452557,0.030261,-0.030261],""u"":[-0.184294,0.184294]},{""t"":3.751615,""x"":[2.309436,2.450564,0.011122,-0.011122],""u"":[-0.121307,0.121307]},{""t"":3.851615,""x"":[2.309978,2.450022,0.001297,-0.001297],""u"":[-0.044358,0.044358]},{""t"":3.903229,""x"":[2.31,2.45,0.0,-0.0],""u"":[0.0,-0.0]}]}","{""waypoints"":[{""x"":0.93,""y"":3.83,""z"":-0.25},{""x"":1.62,""y"":3.14,""z"":-0.25},{""x"":2.31,""y"":2.45,""z"":-0.25}],""durations"":[1.9516147160748711,1.951614716074871],""samples"":[{""t"":0.0,""x"":[0.93,3.83,0.0,-0.0],""u"":[0.0,-0.0]},{""t"":0.1,""x"":[0.930162,3.829838,0.004858,-0.004858],""u"":[0.092904,-0.092904]},{""t"":0.2,""x"":[0.93129,3.82871,0.019253,-0.019253],""u"":[0.192163,-0.192163]},{""t"":0.3,""x"":[0.934314,3.825686,0.042681,-0.042681],""u"":[0.294551,-0.294551]},{""t"":0.4,""x"":[0.940101,3.819899,0.074365,-0.074365],""u"":[0.397055,-0.397055]},{""t"":0.5,""x"":[0.949429,3.810571,0.113308,-0.113308],""u"":[0.496893,-0.496893]},{""t"":0.6,""x"":[0.962966,3.797034,0.15834,-0.15834],""u"":[0.591538,-0.591538]},{""t"":0.7,""x"":[0.981257,3.778743,0.208163,-0.208163],""u"":[0.678734,-0.678734]},{""t"":0.8,""x"":[1.004712,3.755288,0.261395,-0.261395],""u"":[0.756512,-0.756512]},{""t"":0.9,""x"":[1.033602,3.726398,0.316609,-0.316609],""u"":[0.823201,-0.823201]},{""t"":1.0,""x"":[1.068052,3.691948,0.372368,-0.372368],""u"":[0.877439,-0.877439]},{""t"":1.1,""x"":[1.108047,3.651953,0.427261,-0.427261],""u"":[0.918176,-0.918176]},{""t"":1.2,""x"":[1.15343,3.60657,0.479929,-0.479929],""u"":[0.944679,-0.944679]},{""t"":1.3,""x"":[1.203916,3.556084,0.529097,-0.529097],""u"":[0.95653,-0.95653]},{""t"":1.4,""x"":[1.259094,3.500906,0.573594,-0.573594],""u"":[0.953624,-0.953624]},{""t"":1.5,""x"":[1.318444,3.441556,0.612379,-0.612379],""u"":[0.936163,-0.936163]},{""t"":1.6,""x"":[1.381349,3.378651,0.644553,-0.644553],""u"":[0.904643,-0.904643]},{""t"":1.7,""x"":[1.44711,3.31289,0.669381,-0.669381],""u"":[0.85985,-0.85985]},{""t"":1.8,""x"":[1.514961,3.245039,0.686298,-0.686298],""u"":[0.802834,-0.802834]},{""t"":1.9,""x"":[1.584093,3.175907,0.694923,-0.694923],""u"":[0.7349,-0.7349]},{""t"":2.051615,""x"":[1.689464,3.070536,0.691802,-0.691802],""u"":[0.614562,-0.614562]},{""t"":2.151615,""x"":[1.75808,3.00192,0.679129,-0.679129],""u"":[0.526388,-0.526388]},{""t"":2.251615,""x"":[1.825018,2.934982,0.658325,-0.658325],""u"":[0.43353,-0.43353]},{""t"":2.351615,""x"":[1.889489,2.870511,0.629862,-0.629862],""u"":[0.338117,-0.338117]},{""t"":2.451615,""x"":[1.950757,2.809243,0.594386,-0.594386],""u"":[0.242368,-0.242368]},{""t"":2.551615,""x"":[2.00816,2.75184,0.552716,-0.552716],""u"":[0.148565,-0.148565]},{""t"":2.651615,""x"":[2.061126,2.698874,0.50582,-0.50582],""u"":[0.059001,-0.059001]},{""t"":2.751615,""x"":[2.109186,2.650814,0.454806,-0.454806],""u"":[-0.024055,0.024055]},{""t"":2.851615,""x"":[2.15199,2.60801,0.400896,-0.400896],""u"":[-0.098412,0.098412]},{""t"":2.951615,""x"":[2.189313,2.570687,0.345411,-0.345411],""u"":[-0.162003,0.162003]},{""t"":3.051615,""x"":[2.221066,2.538934,0.289737,-0.289737],""u"":[-0.212938,0.212938]},{""t"":3.151615,""x"":[2.247302,2.512698,0.235302,-0.235302],""u"":[-0.249563,0.249563]},{""t"":3.251615,""x"":[2.268216,2.491784,0.183543,-0.183543],""u"":[-0.270519,0.270519]},{""t"":3.351615,""x"":[2.284147,2.475853,0.13587,-0.13587],""u"":[-0.274801,0.274801]},{""t"":3.451615,""x"":[2.295571,2.464429,0.09363,-0.09363],""u"":[-0.261826,0.261826]},{""t"":3.551615,""x"":[2.303095,2.456905,0.058062,-0.058062],""u"":[-0.231501,0.231501]},{""t"":3.651615,""x"":[2.307443,2.452557,0.030261,-0.030261],""u"":[-0.184294,0.184294]},{""t"":3.751615,""x"":[2.309436,2.450564,0.011122,-0.011122],""u"":[-0.121307,0.121307]},{""t"":3.851615,""x"":[2.309978,2.450022,0.001297,-0.001297],""u"":[-0.044358,0.044358]},{""t"":3.903229,""x"":[2.31,2.45,0.0,-0.0],""u"":[0.0,-0.0]}]}",0.0,0.0,1.917664,1.663389,0.05,0.05,True,rrt_planner,http://172.22.224.93:8000/v1,"You are an expert UAV pilot/planner. Generate sparse collision-free 2D routing waypoints for a quadrotor in NED frame assuming it is airborne at the provided start location. A separate module will interpolate them and generate dynamically feasible trajectories, so output only high-level waypoints.
Mission state: the UAV has already taken off and is holding hover at the start position. Use this hover position as the first waypoint/reference for planning. Workspace: x=[0.00,4.00]m, y=[0.00,4.00]m, z=-0.25 fixed. Start: (0.93,3.83,-0.25), Goal: (2.31,2.45,-0.25), distance≈1.95m. Obstacles with x-y spans: No obstacles currently detected.
Constraints:
- all waypoints in NED frame, z must stay -0.25
- final waypoint must be goal coordinates
- maintain >=0.40m clearance from obstacle x-y boxes
- stay within workspace
- no waypoint should be within obstacle boxes, walls, or near corners
- prefer sparse, smooth, monotonic progress through open space
- return only the structured output requested by the response model"
14,"{""x"":0.15,""y"":2.06,""z"":-0.25}","{""x"":0.04,""y"":3.25,""z"":-0.25}","{""x"":[0.0,4.0],""y"":[0.0,4.0],""z"":-0.25}","[{""id"":1,""label"":""box_1"",""shape"":""box"",""min_corner"":[2.01,2.19,-0.75],""max_corner"":[2.38,2.89,0.25],""size"":[0.37,0.7,1.0]},{""id"":2,""label"":""box_2"",""shape"":""box"",""min_corner"":[3.06,3.29,-0.75],""max_corner"":[3.54,3.87,0.25],""size"":[0.49,0.58,1.0]}]","[{""x"":0.15,""y"":2.06,""z"":-0.25},{""x"":0.04,""y"":3.25,""z"":-0.25}]","[{""x"":0.15,""y"":2.06,""z"":-0.25},{""x"":0.04,""y"":3.25,""z"":-0.25}]","[{""x"":0.15,""y"":2.06,""z"":-0.25},{""x"":0.095,""y"":2.6550000000000002,""z"":-0.25},{""x"":0.04000000000000001,""y"":3.25,""z"":-0.25}]","[{""x"":0.15,""y"":2.06,""z"":-0.25},{""x"":0.095,""y"":2.6550000000000002,""z"":-0.25},{""x"":0.04000000000000001,""y"":3.25,""z"":-0.25}]","{""collision_free"":true,""min_clearance_m"":1.865,""goal_clearance_m"":2.003,""max_segment_speed"":0.299,""max_segment_accel"":0.0,""monotonic_goal_progress"":true,""smoothness_score"":1.0,""passed"":true,""goal_match"":true,""in_workspace"":true,""nominal_dt_s"":2.0,""failed_constraints"":[],""thresholds"":{""min_clearance_m"":0.4,""max_segment_speed"":1.5,""max_segment_accel"":1.5,""goal_tolerance_m"":0.05,""progress_tolerance_m"":0.001},""feedback_table"":""| Metric | Value | Required | Status |\n|---|---:|---:|---|\n| in_workspace | True | true | PASS |\n| goal_clearance | 2.003 | >= 0.400 | PASS |\n| collision_free | True | true | PASS |\n| min_clearance_m | 1.865 | >= 0.400 | PASS |\n| goal_match | True | true | PASS |\n| monotonic_goal_progress | True | true | PASS |\n| max_segment_speed | 0.299 | <= 1.500 | PASS |\n| max_segment_accel | 0.000 | <= 1.500 | PASS |""}","{""collision_free"":true,""min_clearance_m"":1.865,""goal_clearance_m"":2.003,""max_segment_speed"":0.299,""max_segment_accel"":0.0,""monotonic_goal_progress"":true,""smoothness_score"":1.0,""passed"":true,""goal_match"":true,""in_workspace"":true,""nominal_dt_s"":2.0,""failed_constraints"":[],""thresholds"":{""min_clearance_m"":0.4,""max_segment_speed"":1.5,""max_segment_accel"":1.5,""goal_tolerance_m"":0.05,""progress_tolerance_m"":0.001},""feedback_table"":""| Metric | Value | Required | Status |\n|---|---:|---:|---|\n| in_workspace | True | true | PASS |\n| goal_clearance | 2.003 | >= 0.400 | PASS |\n| collision_free | True | true | PASS |\n| min_clearance_m | 1.865 | >= 0.400 | PASS |\n| goal_match | True | true | PASS |\n| monotonic_goal_progress | True | true | PASS |\n| max_segment_speed | 0.299 | <= 1.500 | PASS |\n| max_segment_accel | 0.000 | <= 1.500 | PASS |""}","{""waypoints"":[{""x"":0.15,""y"":2.06,""z"":-0.25},{""x"":0.095,""y"":2.6550000000000002,""z"":-0.25},{""x"":0.04000000000000001,""y"":3.25,""z"":-0.25}],""durations"":[1.1950732195141855,1.1950732195141847],""samples"":[{""t"":0.0,""x"":[0.15,2.06,-0.0,0.0],""u"":[0.0,-0.0]},{""t"":0.1,""x"":[0.149944,2.060607,-0.001678,0.01815],""u"":[-0.031932,0.345443]},{""t"":0.2,""x"":[0.149558,2.064786,-0.006553,0.070894],""u"":[-0.064287,0.695467]},{""t"":0.3,""x"":[0.148541,2.075787,-0.0142,0.153614],""u"":[-0.094539,1.022744]},{""t"":0.4,""x"":[0.146646,2.096286,-0.023996,0.259597],""u"":[-0.120645,1.305163]},{""t"":0.5,""x"":[0.143694,2.128215,-0.035201,0.380809],""u"":[-0.141046,1.525857]},{""t"":0.6,""x"":[0.139585,2.172666,-0.047011,0.50857],""u"":[-0.154661,1.673151]},{""t"":0.7,""x"":[0.134299,2.229856,-0.05862,0.634158],""u"":[-0.16088,1.740434]},{""t"":0.8,""x"":[0.127894,2.299149,-0.069266,0.74933],""u"":[-0.159541,1.725939]},{""t"":0.9,""x"":[0.120501,2.379129,-0.078272,0.846762],""u"":[-0.150899,1.632455]},{""t"":1.0,""x"":[0.112313,2.467707,-0.08508,0.920411],""u"":[-0.1356,1.466948]},{""t"":1.1,""x"":[0.103572,2.562267,-0.089274,0.965787],""u"":[-0.114632,1.240108]},{""t"":1.295073,""x"":[0.085989,2.752487,-0.089133,0.964262],""u"":[-0.062488,0.676004]},{""t"":1.395073,""x"":[0.077269,2.84682,-0.084803,0.917414],""u"":[-0.03311,0.358189]},{""t"":1.495073,""x"":[0.069115,2.935032,-0.077876,0.842476],""u"":[-0.004264,0.046131]},{""t"":1.595073,""x"":[0.061766,3.014529,-0.068775,0.744016],""u"":[0.022232,-0.240512]},{""t"":1.695073,""x"":[0.055414,3.083253,-0.058064,0.62815],""u"":[0.044623,-0.482739]},{""t"":1.795073,""x"":[0.050184,3.139824,-0.046427,0.502256],""u"":[0.061306,-0.663222]},{""t"":1.895073,""x"":[0.046134,3.183646,-0.034628,0.374612],""u"":[0.070936,-0.767404]},{""t"":1.995073,""x"":[0.043237,3.214979,-0.023474,0.25395],""u"":[0.072533,-0.784678]},{""t"":2.095073,""x"":[0.04139,3.234958,-0.013767,0.148932],""u"":[0.065598,-0.709647]},{""t"":2.195073,""x"":[0.040411,3.245555,-0.006244,0.067546],""u"":[0.050236,-0.54346]},{""t"":2.295073,""x"":[0.040048,3.249478,-0.001518,0.016418],""u"":[0.027291,-0.295235]},{""t"":2.390146,""x"":[0.04,3.25,-0.0,-0.0],""u"":[-0.0,-0.0]}]}","{""waypoints"":[{""x"":0.15,""y"":2.06,""z"":-0.25},{""x"":0.095,""y"":2.6550000000000002,""z"":-0.25},{""x"":0.04000000000000001,""y"":3.25,""z"":-0.25}],""durations"":[1.1950732195141855,1.1950732195141847],""samples"":[{""t"":0.0,""x"":[0.15,2.06,-0.0,0.0],""u"":[0.0,-0.0]},{""t"":0.1,""x"":[0.149944,2.060607,-0.001678,0.01815],""u"":[-0.031932,0.345443]},{""t"":0.2,""x"":[0.149558,2.064786,-0.006553,0.070894],""u"":[-0.064287,0.695467]},{""t"":0.3,""x"":[0.148541,2.075787,-0.0142,0.153614],""u"":[-0.094539,1.022744]},{""t"":0.4,""x"":[0.146646,2.096286,-0.023996,0.259597],""u"":[-0.120645,1.305163]},{""t"":0.5,""x"":[0.143694,2.128215,-0.035201,0.380809],""u"":[-0.141046,1.525857]},{""t"":0.6,""x"":[0.139585,2.172666,-0.047011,0.50857],""u"":[-0.154661,1.673151]},{""t"":0.7,""x"":[0.134299,2.229856,-0.05862,0.634158],""u"":[-0.16088,1.740434]},{""t"":0.8,""x"":[0.127894,2.299149,-0.069266,0.74933],""u"":[-0.159541,1.725939]},{""t"":0.9,""x"":[0.120501,2.379129,-0.078272,0.846762],""u"":[-0.150899,1.632455]},{""t"":1.0,""x"":[0.112313,2.467707,-0.08508,0.920411],""u"":[-0.1356,1.466948]},{""t"":1.1,""x"":[0.103572,2.562267,-0.089274,0.965787],""u"":[-0.114632,1.240108]},{""t"":1.295073,""x"":[0.085989,2.752487,-0.089133,0.964262],""u"":[-0.062488,0.676004]},{""t"":1.395073,""x"":[0.077269,2.84682,-0.084803,0.917414],""u"":[-0.03311,0.358189]},{""t"":1.495073,""x"":[0.069115,2.935032,-0.077876,0.842476],""u"":[-0.004264,0.046131]},{""t"":1.595073,""x"":[0.061766,3.014529,-0.068775,0.744016],""u"":[0.022232,-0.240512]},{""t"":1.695073,""x"":[0.055414,3.083253,-0.058064,0.62815],""u"":[0.044623,-0.482739]},{""t"":1.795073,""x"":[0.050184,3.139824,-0.046427,0.502256],""u"":[0.061306,-0.663222]},{""t"":1.895073,""x"":[0.046134,3.183646,-0.034628,0.374612],""u"":[0.070936,-0.767404]},{""t"":1.995073,""x"":[0.043237,3.214979,-0.023474,0.25395],""u"":[0.072533,-0.784678]},{""t"":2.095073,""x"":[0.04139,3.234958,-0.013767,0.148932],""u"":[0.065598,-0.709647]},{""t"":2.195073,""x"":[0.040411,3.245555,-0.006244,0.067546],""u"":[0.050236,-0.54346]},{""t"":2.295073,""x"":[0.040048,3.249478,-0.001518,0.016418],""u"":[0.027291,-0.295235]},{""t"":2.390146,""x"":[0.04,3.25,-0.0,-0.0],""u"":[-0.0,-0.0]}]}",0.0,0.0,1.917664,1.663389,0.05,0.05,True,rrt_planner,http://172.22.224.93:8000/v1,"You are an expert UAV pilot/planner. Generate sparse collision-free 2D routing waypoints for a quadrotor in NED frame assuming it is airborne at the provided start location. A separate module will interpolate them and generate dynamically feasible trajectories, so output only high-level waypoints.
Mission state: the UAV has already taken off and is holding hover at the start position. Use this hover position as the first waypoint/reference for planning. Workspace: x=[0.00,4.00]m, y=[0.00,4.00]m, z=-0.25 fixed. Start: (0.15,2.06,-0.25), Goal: (0.04,3.25,-0.25), distance≈1.20m. Obstacles with x-y spans: 1 obstacle: x=[2.01,2.38], y=[2.19,2.89]. 2 obstacle: x=[3.06,3.54], y=[3.29,3.87].
Constraints:
- all waypoints in NED frame, z must stay -0.25
- final waypoint must be goal coordinates
- maintain >=0.40m clearance from obstacle x-y boxes
- stay within workspace
- no waypoint should be within obstacle boxes, walls, or near corners
- prefer sparse, smooth, monotonic progress through open space
- return only the structured output requested by the response model"
15,"{""x"":2.79,""y"":3.95,""z"":-0.25}","{""x"":0.43,""y"":1.51,""z"":-0.25}","{""x"":[0.0,4.0],""y"":[0.0,4.0],""z"":-0.25}",[],"[{""x"":2.79,""y"":3.95,""z"":-0.25},{""x"":0.43,""y"":1.51,""z"":-0.25}]","[{""x"":2.79,""y"":3.95,""z"":-0.25},{""x"":0.43,""y"":1.51,""z"":-0.25}]","[{""x"":2.79,""y"":3.95,""z"":-0.25},{""x"":2.2,""y"":3.34,""z"":-0.25},{""x"":1.61,""y"":2.73,""z"":-0.25},{""x"":1.02,""y"":2.12,""z"":-0.25},{""x"":0.43000000000000016,""y"":1.5099999999999998,""z"":-0.25}]","[{""x"":2.79,""y"":3.95,""z"":-0.25},{""x"":2.2,""y"":3.34,""z"":-0.25},{""x"":1.61,""y"":2.73,""z"":-0.25},{""x"":1.02,""y"":2.12,""z"":-0.25},{""x"":0.43000000000000016,""y"":1.5099999999999998,""z"":-0.25}]","{""collision_free"":true,""min_clearance_m"":Infinity,""goal_clearance_m"":Infinity,""max_segment_speed"":0.424,""max_segment_accel"":0.0,""monotonic_goal_progress"":true,""smoothness_score"":1.0,""passed"":true,""goal_match"":true,""in_workspace"":true,""nominal_dt_s"":2.0,""failed_constraints"":[],""thresholds"":{""min_clearance_m"":0.4,""max_segment_speed"":1.5,""max_segment_accel"":1.5,""goal_tolerance_m"":0.05,""progress_tolerance_m"":0.001},""feedback_table"":""| Metric | Value | Required | Status |\n|---|---:|---:|---|\n| in_workspace | True | true | PASS |\n| goal_clearance | inf | >= 0.400 | PASS |\n| collision_free | True | true | PASS |\n| min_clearance_m | inf | >= 0.400 | PASS |\n| goal_match | True | true | PASS |\n| monotonic_goal_progress | True | true | PASS |\n| max_segment_speed | 0.424 | <= 1.500 | PASS |\n| max_segment_accel | 0.000 | <= 1.500 | PASS |""}","{""collision_free"":true,""min_clearance_m"":Infinity,""goal_clearance_m"":Infinity,""max_segment_speed"":0.424,""max_segment_accel"":0.0,""monotonic_goal_progress"":true,""smoothness_score"":1.0,""passed"":true,""goal_match"":true,""in_workspace"":true,""nominal_dt_s"":2.0,""failed_constraints"":[],""thresholds"":{""min_clearance_m"":0.4,""max_segment_speed"":1.5,""max_segment_accel"":1.5,""goal_tolerance_m"":0.05,""progress_tolerance_m"":0.001},""feedback_table"":""| Metric | Value | Required | Status |\n|---|---:|---:|---|\n| in_workspace | True | true | PASS |\n| goal_clearance | inf | >= 0.400 | PASS |\n| collision_free | True | true | PASS |\n| min_clearance_m | inf | >= 0.400 | PASS |\n| goal_match | True | true | PASS |\n| monotonic_goal_progress | True | true | PASS |\n| max_segment_speed | 0.424 | <= 1.500 | PASS |\n| max_segment_accel | 0.000 | <= 1.500 | PASS |""}","{""waypoints"":[{""x"":2.79,""y"":3.95,""z"":-0.25},{""x"":2.2,""y"":3.34,""z"":-0.25},{""x"":1.61,""y"":2.73,""z"":-0.25},{""x"":1.02,""y"":2.12,""z"":-0.25},{""x"":0.43000000000000016,""y"":1.5099999999999998,""z"":-0.25}],""durations"":[1.6972919607421704,1.69729196074217,1.69729196074217,1.6972919607421704],""samples"":[{""t"":0.0,""x"":[2.79,3.95,-0.0,-0.0],""u"":[-0.0,-0.0]},{""t"":0.1,""x"":[2.789765,3.949757,-0.007027,-0.007266],""u"":[-0.134154,-0.138702]},{""t"":0.2,""x"":[2.788139,3.948076,-0.0277,-0.028639],""u"":[-0.274697,-0.284009]},{""t"":0.3,""x"":[2.783808,3.943598,-0.060884,-0.062948],""u"":[-0.414633,-0.428688]},{""t"":0.4,""x"":[2.775601,3.935113,-0.104879,-0.108434],""u"":[-0.547811,-0.56638]},{""t"":0.5,""x"":[2.762542,3.921611,-0.157567,-0.162909],""u"":[-0.668951,-0.691627]},{""t"":0.6,""x"":[2.743878,3.902314,-0.216549,-0.223889],""u"":[-0.773659,-0.799884]},{""t"":0.7,""x"":[2.719108,3.876704,-0.279262,-0.288729],""u"":[-0.858424,-0.887523]},{""t"":0.8,""x"":[2.687988,3.84453,-0.343094,-0.354725],""u"":[-0.920608,-0.951816]},{""t"":0.9,""x"":[2.650537,3.80581,-0.405474,-0.419219],""u"":[-0.958417,-0.990905]},{""t"":1.0,""x"":[2.607024,3.760821,-0.463954,-0.479681],""u"":[-0.970857,-1.003767]},{""t"":1.1,""x"":[2.557952,3.710086,-0.516279,-0.53378],""u"":[-0.957689,-0.990153]},{""t"":1.2,""x"":[2.50404,3.654347,-0.56044,-0.579438],""u"":[-0.919352,-0.950517]},{""t"":1.3,""x"":[2.446194,3.594539,-0.594717,-0.614877],""u"":[-0.856892,-0.885939]},{""t"":1.4,""x"":[2.385473,3.531761,-0.617705,-0.638644],""u"":[-0.771859,-0.798024]},{""t"":1.5,""x"":[2.323065,3.467237,-0.628328,-0.649628],""u"":[-0.666205,-0.688788]},{""t"":1.6,""x"":[2.260245,3.402287,-0.625844,-0.647059],""u"":[-0.542162,-0.560541]},{""t"":1.797292,""x"":[2.14014,3.278111,-0.586163,-0.606033],""u"":[-0.349278,-0.361118]},{""t"":1.897292,""x"":[2.082884,3.218914,-0.558404,-0.577333],""u"":[-0.291088,-0.300955]},{""t"":1.997292,""x"":[2.028564,3.162753,-0.527496,-0.545377],""u"":[-0.233604,-0.241523]},{""t"":2.097292,""x"":[1.977473,3.10993,-0.493941,-0.510685],""u"":[-0.178716,-0.184774]},{""t"":2.197292,""x"":[1.929843,3.060685,-0.458377,-0.473915],""u"":[-0.128104,-0.132446]},{""t"":2.297292,""x"":[1.88584,3.01519,-0.421538,-0.435828],""u"":[-0.083232,-0.086053]},{""t"":2.397292,""x"":[1.845551,2.973536,-0.384223,-0.397248],""u"":[-0.045335,-0.046872]},{""t"":2.497292,""x"":[1.808984,2.935729,-0.347263,-0.359034],""u"":[-0.015413,-0.015936]},{""t"":2.597292,""x"":[1.776059,2.901688,-0.311493,-0.322052],""u"":[0.005769,0.005965]},{""t"":2.697292,""x"":[1.746618,2.871249,-0.277731,-0.287146],""u"":[0.01769,0.01829]},{""t"":2.797292,""x"":[1.72042,2.844163,-0.246749,-0.255113],""u"":[0.020062,0.020743]},{""t"":2.897292,""x"":[1.697152,2.820106,-0.219257,-0.226689],""u"":[0.012833,0.013268]},{""t"":2.997292,""x"":[1.676431,2.798683,-0.195884,-0.202524],""u"":[-0.003826,-0.003955]},{""t"":3.097292,""x"":[1.65782,2.779441,-0.177165,-0.183171],""u"":[-0.029524,-0.030525]},{""t"":3.197292,""x"":[1.640829,2.761874,-0.163527,-0.16907],""u"":[-0.06367,-0.065828]},{""t"":3.297292,""x"":[1.624934,2.745441,-0.15528,-0.160544],""u"":[-0.105481,-0.109056]},{""t"":3.494584,""x"":[1.594645,2.714124,-0.15543,-0.160699],""u"":[-0.206605,-0.213609]},{""t"":3.594584,""x"":[1.578728,2.697668,-0.163826,-0.16938],""u"":[-0.265012,-0.273995]},{""t"":3.694584,""x"":[1.5617,2.680063,-0.177607,-0.183627],""u"":[-0.326499,-0.337567]},{""t"":3.794584,""x"":[1.543037,2.660768,-0.196458,-0.203118],""u"":[-0.389662,-0.402871]},{""t"":3.894584,""x"":[1.522254,2.639279,-0.21995,-0.227406],""u"":[-0.453054,-0.468411]},{""t"":3.994584,""x"":[1.498911,2.615145,-0.247545,-0.255936],""u"":[-0.515215,-0.53268]},{""t"":4.094584,""x"":[1.472629,2.587972,-0.278612,-0.288057],""u"":[-0.574717,-0.594199]},{""t"":4.194584,""x"":[1.443096,2.557438,-0.312439,-0.32303],""u"":[-0.630194,-0.651557]},{""t"":4.294584,""x"":[1.410075,2.523298,-0.348252,-0.360057],""u"":[-0.680392,-0.703456]},{""t"":4.394584,""x"":[1.373407,2.485387,-0.385233,-0.398292],""u"":[-0.724206,-0.748755]},{""t"":4.494584,""x"":[1.333017,2.443628,-0.422546,-0.43687],""u"":[-0.760732,-0.786519]},{""t"":4.594584,""x"":[1.288914,2.39803,-0.45936,-0.474932],""u"":[-0.789316,-0.816072]},{""t"":4.694584,""x"":[1.241188,2.348686,-0.494879,-0.511655],""u"":[-0.809605,-0.83705]},{""t"":4.794584,""x"":[1.190006,2.295769,-0.52837,-0.546281],""u"":[-0.821605,-0.849456]},{""t"":4.894584,""x"":[1.135603,2.239522,-0.559199,-0.578155],""u"":[-0.825735,-0.853726]},{""t"":4.994584,""x"":[1.078272,2.180247,-0.586868,-0.606762],""u"":[-0.822891,-0.850786]},{""t"":5.191876,""x"":[0.95806,2.05596,-0.626089,-0.647312],""u"":[-0.706434,-0.730381]},{""t"":5.291876,""x"":[0.895233,1.991004,-0.628211,-0.649506],""u"":[-0.587103,-0.607004]},{""t"":5.391876,""x"":[0.832854,1.92651,-0.617241,-0.638165],""u"":[-0.460039,-0.475634]},{""t"":5.491876,""x"":[0.772197,1.863797,-0.593932,-0.614065],""u"":[-0.328975,-0.340127]},{""t"":5.591876,""x"":[0.714444,1.804086,-0.559367,-0.578329],""u"":[-0.19802,-0.204733]},{""t"":5.691876,""x"":[0.660652,1.748471,-0.514961,-0.532417],""u"":[-0.071542,-0.073967]},{""t"":5.791876,""x"":[0.611722,1.697882,-0.462442,-0.478118],""u"":[0.045975,0.047533]},{""t"":5.891876,""x"":[0.568367,1.653057,-0.403825,-0.417514],""u"":[0.150073,0.15516]},{""t"":5.991876,""x"":[0.531085,1.614512,-0.341374,-0.352946],""u"":[0.236492,0.244509]},{""t"":6.091876,""x"":[0.500139,1.582516,-0.277537,-0.286946],""u"":[0.301341,0.311556]},{""t"":6.191876,""x"":[0.475538,1.557082,-0.214891,-0.222175],""u"":[0.341291,0.35286]},{""t"":6.291876,""x"":[0.457034,1.53795,-0.156046,-0.161336],""u"":[0.353776,0.365769]},{""t"":6.391876,""x"":[0.444116,1.524595,-0.103563,-0.107073],""u"":[0.337215,0.348646]},{""t"":6.491876,""x"":[0.436029,1.516233,-0.059834,-0.061862],""u"":[0.291238,0.301111]},{""t"":6.591876,""x"":[0.431787,1.511848,-0.026969,-0.027883],""u"":[0.216932,0.224285]},{""t"":6.691876,""x"":[0.430216,1.510224,-0.006654,-0.006879],""u"":[0.117096,0.121066]},{""t"":6.789168,""x"":[0.43,1.51,-0.0,-0.0],""u"":[-0.0,-0.0]}]}","{""waypoints"":[{""x"":2.79,""y"":3.95,""z"":-0.25},{""x"":2.2,""y"":3.34,""z"":-0.25},{""x"":1.61,""y"":2.73,""z"":-0.25},{""x"":1.02,""y"":2.12,""z"":-0.25},{""x"":0.43000000000000016,""y"":1.5099999999999998,""z"":-0.25}],""durations"":[1.6972919607421704,1.69729196074217,1.69729196074217,1.6972919607421704],""samples"":[{""t"":0.0,""x"":[2.79,3.95,-0.0,-0.0],""u"":[-0.0,-0.0]},{""t"":0.1,""x"":[2.789765,3.949757,-0.007027,-0.007266],""u"":[-0.134154,-0.138702]},{""t"":0.2,""x"":[2.788139,3.948076,-0.0277,-0.028639],""u"":[-0.274697,-0.284009]},{""t"":0.3,""x"":[2.783808,3.943598,-0.060884,-0.062948],""u"":[-0.414633,-0.428688]},{""t"":0.4,""x"":[2.775601,3.935113,-0.104879,-0.108434],""u"":[-0.547811,-0.56638]},{""t"":0.5,""x"":[2.762542,3.921611,-0.157567,-0.162909],""u"":[-0.668951,-0.691627]},{""t"":0.6,""x"":[2.743878,3.902314,-0.216549,-0.223889],""u"":[-0.773659,-0.799884]},{""t"":0.7,""x"":[2.719108,3.876704,-0.279262,-0.288729],""u"":[-0.858424,-0.887523]},{""t"":0.8,""x"":[2.687988,3.84453,-0.343094,-0.354725],""u"":[-0.920608,-0.951816]},{""t"":0.9,""x"":[2.650537,3.80581,-0.405474,-0.419219],""u"":[-0.958417,-0.990905]},{""t"":1.0,""x"":[2.607024,3.760821,-0.463954,-0.479681],""u"":[-0.970857,-1.003767]},{""t"":1.1,""x"":[2.557952,3.710086,-0.516279,-0.53378],""u"":[-0.957689,-0.990153]},{""t"":1.2,""x"":[2.50404,3.654347,-0.56044,-0.579438],""u"":[-0.919352,-0.950517]},{""t"":1.3,""x"":[2.446194,3.594539,-0.594717,-0.614877],""u"":[-0.856892,-0.885939]},{""t"":1.4,""x"":[2.385473,3.531761,-0.617705,-0.638644],""u"":[-0.771859,-0.798024]},{""t"":1.5,""x"":[2.323065,3.467237,-0.628328,-0.649628],""u"":[-0.666205,-0.688788]},{""t"":1.6,""x"":[2.260245,3.402287,-0.625844,-0.647059],""u"":[-0.542162,-0.560541]},{""t"":1.797292,""x"":[2.14014,3.278111,-0.586163,-0.606033],""u"":[-0.349278,-0.361118]},{""t"":1.897292,""x"":[2.082884,3.218914,-0.558404,-0.577333],""u"":[-0.291088,-0.300955]},{""t"":1.997292,""x"":[2.028564,3.162753,-0.527496,-0.545377],""u"":[-0.233604,-0.241523]},{""t"":2.097292,""x"":[1.977473,3.10993,-0.493941,-0.510685],""u"":[-0.178716,-0.184774]},{""t"":2.197292,""x"":[1.929843,3.060685,-0.458377,-0.473915],""u"":[-0.128104,-0.132446]},{""t"":2.297292,""x"":[1.88584,3.01519,-0.421538,-0.435828],""u"":[-0.083232,-0.086053]},{""t"":2.397292,""x"":[1.845551,2.973536,-0.384223,-0.397248],""u"":[-0.045335,-0.046872]},{""t"":2.497292,""x"":[1.808984,2.935729,-0.347263,-0.359034],""u"":[-0.015413,-0.015936]},{""t"":2.597292,""x"":[1.776059,2.901688,-0.311493,-0.322052],""u"":[0.005769,0.005965]},{""t"":2.697292,""x"":[1.746618,2.871249,-0.277731,-0.287146],""u"":[0.01769,0.01829]},{""t"":2.797292,""x"":[1.72042,2.844163,-0.246749,-0.255113],""u"":[0.020062,0.020743]},{""t"":2.897292,""x"":[1.697152,2.820106,-0.219257,-0.226689],""u"":[0.012833,0.013268]},{""t"":2.997292,""x"":[1.676431,2.798683,-0.195884,-0.202524],""u"":[-0.003826,-0.003955]},{""t"":3.097292,""x"":[1.65782,2.779441,-0.177165,-0.183171],""u"":[-0.029524,-0.030525]},{""t"":3.197292,""x"":[1.640829,2.761874,-0.163527,-0.16907],""u"":[-0.06367,-0.065828]},{""t"":3.297292,""x"":[1.624934,2.745441,-0.15528,-0.160544],""u"":[-0.105481,-0.109056]},{""t"":3.494584,""x"":[1.594645,2.714124,-0.15543,-0.160699],""u"":[-0.206605,-0.213609]},{""t"":3.594584,""x"":[1.578728,2.697668,-0.163826,-0.16938],""u"":[-0.265012,-0.273995]},{""t"":3.694584,""x"":[1.5617,2.680063,-0.177607,-0.183627],""u"":[-0.326499,-0.337567]},{""t"":3.794584,""x"":[1.543037,2.660768,-0.196458,-0.203118],""u"":[-0.389662,-0.402871]},{""t"":3.894584,""x"":[1.522254,2.639279,-0.21995,-0.227406],""u"":[-0.453054,-0.468411]},{""t"":3.994584,""x"":[1.498911,2.615145,-0.247545,-0.255936],""u"":[-0.515215,-0.53268]},{""t"":4.094584,""x"":[1.472629,2.587972,-0.278612,-0.288057],""u"":[-0.574717,-0.594199]},{""t"":4.194584,""x"":[1.443096,2.557438,-0.312439,-0.32303],""u"":[-0.630194,-0.651557]},{""t"":4.294584,""x"":[1.410075,2.523298,-0.348252,-0.360057],""u"":[-0.680392,-0.703456]},{""t"":4.394584,""x"":[1.373407,2.485387,-0.385233,-0.398292],""u"":[-0.724206,-0.748755]},{""t"":4.494584,""x"":[1.333017,2.443628,-0.422546,-0.43687],""u"":[-0.760732,-0.786519]},{""t"":4.594584,""x"":[1.288914,2.39803,-0.45936,-0.474932],""u"":[-0.789316,-0.816072]},{""t"":4.694584,""x"":[1.241188,2.348686,-0.494879,-0.511655],""u"":[-0.809605,-0.83705]},{""t"":4.794584,""x"":[1.190006,2.295769,-0.52837,-0.546281],""u"":[-0.821605,-0.849456]},{""t"":4.894584,""x"":[1.135603,2.239522,-0.559199,-0.578155],""u"":[-0.825735,-0.853726]},{""t"":4.994584,""x"":[1.078272,2.180247,-0.586868,-0.606762],""u"":[-0.822891,-0.850786]},{""t"":5.191876,""x"":[0.95806,2.05596,-0.626089,-0.647312],""u"":[-0.706434,-0.730381]},{""t"":5.291876,""x"":[0.895233,1.991004,-0.628211,-0.649506],""u"":[-0.587103,-0.607004]},{""t"":5.391876,""x"":[0.832854,1.92651,-0.617241,-0.638165],""u"":[-0.460039,-0.475634]},{""t"":5.491876,""x"":[0.772197,1.863797,-0.593932,-0.614065],""u"":[-0.328975,-0.340127]},{""t"":5.591876,""x"":[0.714444,1.804086,-0.559367,-0.578329],""u"":[-0.19802,-0.204733]},{""t"":5.691876,""x"":[0.660652,1.748471,-0.514961,-0.532417],""u"":[-0.071542,-0.073967]},{""t"":5.791876,""x"":[0.611722,1.697882,-0.462442,-0.478118],""u"":[0.045975,0.047533]},{""t"":5.891876,""x"":[0.568367,1.653057,-0.403825,-0.417514],""u"":[0.150073,0.15516]},{""t"":5.991876,""x"":[0.531085,1.614512,-0.341374,-0.352946],""u"":[0.236492,0.244509]},{""t"":6.091876,""x"":[0.500139,1.582516,-0.277537,-0.286946],""u"":[0.301341,0.311556]},{""t"":6.191876,""x"":[0.475538,1.557082,-0.214891,-0.222175],""u"":[0.341291,0.35286]},{""t"":6.291876,""x"":[0.457034,1.53795,-0.156046,-0.161336],""u"":[0.353776,0.365769]},{""t"":6.391876,""x"":[0.444116,1.524595,-0.103563,-0.107073],""u"":[0.337215,0.348646]},{""t"":6.491876,""x"":[0.436029,1.516233,-0.059834,-0.061862],""u"":[0.291238,0.301111]},{""t"":6.591876,""x"":[0.431787,1.511848,-0.026969,-0.027883],""u"":[0.216932,0.224285]},{""t"":6.691876,""x"":[0.430216,1.510224,-0.006654,-0.006879],""u"":[0.117096,0.121066]},{""t"":6.789168,""x"":[0.43,1.51,-0.0,-0.0],""u"":[-0.0,-0.0]}]}",0.0,0.0,1.917664,1.663389,0.05,0.05,True,rrt_planner,http://172.22.224.93:8000/v1,"You are an expert UAV pilot/planner. Generate sparse collision-free 2D routing waypoints for a quadrotor in NED frame assuming it is airborne at the provided start location. A separate module will interpolate them and generate dynamically feasible trajectories, so output only high-level waypoints.
Mission state: the UAV has already taken off and is holding hover at the start position. Use this hover position as the first waypoint/reference for planning. Workspace: x=[0.00,4.00]m, y=[0.00,4.00]m, z=-0.25 fixed. Start: (2.79,3.95,-0.25), Goal: (0.43,1.51,-0.25), distance≈3.39m. Obstacles with x-y spans: No obstacles currently detected.
Constraints:
- all waypoints in NED frame, z must stay -0.25
- final waypoint must be goal coordinates
- maintain >=0.40m clearance from obstacle x-y boxes
- stay within workspace
- no waypoint should be within obstacle boxes, walls, or near corners
- prefer sparse, smooth, monotonic progress through open space
- return only the structured output requested by the response model"
16,"{""x"":1.07,""y"":3.82,""z"":-0.25}","{""x"":2.63,""y"":2.1,""z"":-0.25}","{""x"":[0.0,4.0],""y"":[0.0,4.0],""z"":-0.25}",[],"[{""x"":1.07,""y"":3.82,""z"":-0.25},{""x"":2.63,""y"":2.1,""z"":-0.25}]","[{""x"":1.07,""y"":3.82,""z"":-0.25},{""x"":2.63,""y"":2.1,""z"":-0.25}]","[{""x"":1.07,""y"":3.82,""z"":-0.25},{""x"":1.5899999999999999,""y"":3.2466666666666666,""z"":-0.25},{""x"":2.11,""y"":2.6733333333333333,""z"":-0.25},{""x"":2.63,""y"":2.1,""z"":-0.25}]","[{""x"":1.07,""y"":3.82,""z"":-0.25},{""x"":1.5899999999999999,""y"":3.2466666666666666,""z"":-0.25},{""x"":2.11,""y"":2.6733333333333333,""z"":-0.25},{""x"":2.63,""y"":2.1,""z"":-0.25}]","{""collision_free"":true,""min_clearance_m"":Infinity,""goal_clearance_m"":Infinity,""max_segment_speed"":0.387,""max_segment_accel"":0.0,""monotonic_goal_progress"":true,""smoothness_score"":1.0,""passed"":true,""goal_match"":true,""in_workspace"":true,""nominal_dt_s"":2.0,""failed_constraints"":[],""thresholds"":{""min_clearance_m"":0.4,""max_segment_speed"":1.5,""max_segment_accel"":1.5,""goal_tolerance_m"":0.05,""progress_tolerance_m"":0.001},""feedback_table"":""| Metric | Value | Required | Status |\n|---|---:|---:|---|\n| in_workspace | True | true | PASS |\n| goal_clearance | inf | >= 0.400 | PASS |\n| collision_free | True | true | PASS |\n| min_clearance_m | inf | >= 0.400 | PASS |\n| goal_match | True | true | PASS |\n| monotonic_goal_progress | True | true | PASS |\n| max_segment_speed | 0.387 | <= 1.500 | PASS |\n| max_segment_accel | 0.000 | <= 1.500 | PASS |""}","{""collision_free"":true,""min_clearance_m"":Infinity,""goal_clearance_m"":Infinity,""max_segment_speed"":0.387,""max_segment_accel"":0.0,""monotonic_goal_progress"":true,""smoothness_score"":1.0,""passed"":true,""goal_match"":true,""in_workspace"":true,""nominal_dt_s"":2.0,""failed_constraints"":[],""thresholds"":{""min_clearance_m"":0.4,""max_segment_speed"":1.5,""max_segment_accel"":1.5,""goal_tolerance_m"":0.05,""progress_tolerance_m"":0.001},""feedback_table"":""| Metric | Value | Required | Status |\n|---|---:|---:|---|\n| in_workspace | True | true | PASS |\n| goal_clearance | inf | >= 0.400 | PASS |\n| collision_free | True | true | PASS |\n| min_clearance_m | inf | >= 0.400 | PASS |\n| goal_match | True | true | PASS |\n| monotonic_goal_progress | True | true | PASS |\n| max_segment_speed | 0.387 | <= 1.500 | PASS |\n| max_segment_accel | 0.000 | <= 1.500 | PASS |""}","{""waypoints"":[{""x"":1.07,""y"":3.82,""z"":-0.25},{""x"":1.5899999999999999,""y"":3.2466666666666666,""z"":-0.25},{""x"":2.11,""y"":2.6733333333333333,""z"":-0.25},{""x"":2.63,""y"":2.1,""z"":-0.25}],""durations"":[1.5480453625279988,1.548045362527999,1.548045362527999],""samples"":[{""t"":0.0,""x"":[1.07,3.82,-0.0,0.0],""u"":[-0.0,0.0]},{""t"":0.1,""x"":[1.070307,3.819661,0.009186,-0.010128],""u"":[0.175049,-0.193003]},{""t"":0.2,""x"":[1.072427,3.817325,0.036011,-0.039705],""u"":[0.354795,-0.391184]},{""t"":0.3,""x"":[1.078032,3.811145,0.078471,-0.086519],""u"":[0.527163,-0.581231]},{""t"":0.4,""x"":[1.088544,3.799554,0.133613,-0.147317],""u"":[0.682001,-0.75195]},{""t"":0.5,""x"":[1.105057,3.781347,0.197836,-0.218127],""u"":[0.811073,-0.89426]},{""t"":0.6,""x"":[1.128282,3.755741,0.267158,-0.294559],""u"":[0.908032,-1.001164]},{""t"":0.7,""x"":[1.158521,3.7224,0.337447,-0.372057],""u"":[0.968354,-1.067672]},{""t"":0.8,""x"":[1.195667,3.681444,0.404624,-0.446124],""u"":[0.989238,-1.090698]},{""t"":0.9,""x"":[1.239213,3.633432,0.464827,-0.512501],""u"":[0.969476,-1.06891]},{""t"":1.0,""x"":[1.288283,3.57933,0.514548,-0.567322],""u"":[0.909295,-1.002556]},{""t"":1.1,""x"":[1.341671,3.520465,0.550738,-0.607224],""u"":[0.810151,-0.893244]},{""t"":1.2,""x"":[1.397894,3.458476,0.570869,-0.62942],""u"":[0.67451,-0.74369]},{""t"":1.3,""x"":[1.455243,3.395244,0.572979,-0.631746],""u"":[0.505578,-0.557432]},{""t"":1.4,""x"":[1.511842,3.332841,0.555667,-0.612659],""u"":[0.307012,-0.338501]},{""t"":1.5,""x"":[1.5657,3.273459,0.518071,-0.571207],""u"":[0.082591,-0.091062]},{""t"":1.648045,""x"":[1.636476,3.195424,0.437897,-0.48281],""u"":[-0.031618,0.03486]},{""t"":1.748045,""x"":[1.67779,3.149872,0.389458,-0.429403],""u"":[-0.021198,0.023372]},{""t"":1.848045,""x"":[1.71459,3.109298,0.347692,-0.383353],""u"":[-0.00033,0.000364]},{""t"":1.948045,""x"":[1.747566,3.07294,0.313054,-0.345162],""u"":[0.032016,-0.0353]},{""t"":2.048045,""x"":[1.777455,3.039986,0.28602,-0.315355],""u"":[0.076189,-0.084003]},{""t"":2.148045,""x"":[1.805038,3.009573,0.267021,-0.294408],""u"":[0.131932,-0.145464]},{""t"":2.248045,""x"":[1.831138,2.980797,0.25639,-0.282686],""u"":[0.198481,-0.218837]},{""t"":2.348045,""x"":[1.856602,2.952721,0.254321,-0.280405],""u"":[0.274674,-0.302846]},{""t"":2.448045,""x"":[1.882289,2.924399,0.260853,-0.287608],""u"":[0.359086,-0.395916]},{""t"":2.548045,""x"":[1.909055,2.894888,0.275865,-0.304159],""u"":[0.450167,-0.496338]},{""t"":2.648045,""x"":[1.937736,2.863266,0.299088,-0.329763],""u"":[0.546409,-0.602451]},{""t"":2.748045,""x"":[1.969133,2.828648,0.330131,-0.36399],""u"":[0.64652,-0.71283]},{""t"":2.848045,""x"":[2.004007,2.790197,0.368532,-0.40633],""u"":[0.749621,-0.826505]},{""t"":2.948045,""x"":[2.043069,2.747129,0.413817,-0.45626],""u"":[0.855455,-0.943194]},{""t"":3.048045,""x"":[2.086986,2.698708,0.465576,-0.513327],""u"":[0.964618,-1.063553]},{""t"":3.196091,""x"":[2.161814,2.616205,0.54017,-0.595572],""u"":[0.878152,-0.968219]},{""t"":3.296091,""x"":[2.217349,2.554974,0.567151,-0.62532],""u"":[0.72066,-0.794574]},{""t"":3.396091,""x"":[2.27458,2.491873,0.574232,-0.633127],""u"":[0.551181,-0.607712]},{""t"":3.496091,""x"":[2.33157,2.429039,0.562549,-0.620246],""u"":[0.375744,-0.414282]},{""t"":3.596091,""x"":[2.38652,2.368452,0.533793,-0.588541],""u"":[0.201193,-0.221829]},{""t"":3.696091,""x"":[2.437834,2.311876,0.490223,-0.540502],""u"":[0.034903,-0.038483]},{""t"":3.796091,""x"":[2.484164,2.260793,0.434645,-0.479223],""u"":[-0.115545,0.127395]},{""t"":3.896091,""x"":[2.524472,2.216352,0.370356,-0.408341],""u"":[-0.242708,0.267601]},{""t"":3.996091,""x"":[2.558068,2.179309,0.301063,-0.331941],""u"":[-0.339673,0.374511]},{""t"":4.096091,""x"":[2.584651,2.150001,0.230759,-0.254427],""u"":[-0.400468,0.441541]},{""t"":4.196091,""x"":[2.604324,2.128309,0.163575,-0.180352],""u"":[-0.420515,0.463644]},{""t"":4.296091,""x"":[2.617606,2.113665,0.103591,-0.114216],""u"":[-0.397113,0.437843]},{""t"":4.396091,""x"":[2.62541,2.105061,0.054623,-0.060226],""u"":[-0.329954,0.363796]},{""t"":4.496091,""x"":[2.629009,2.101093,0.01997,-0.022019],""u"":[-0.22167,0.244405]},{""t"":4.596091,""x"":[2.629966,2.100038,0.002132,-0.002351],""u"":[-0.078414,0.086457]},{""t"":4.644136,""x"":[2.63,2.1,0.0,0.0],""u"":[-0.0,-0.0]}]}","{""waypoints"":[{""x"":1.07,""y"":3.82,""z"":-0.25},{""x"":1.5899999999999999,""y"":3.2466666666666666,""z"":-0.25},{""x"":2.11,""y"":2.6733333333333333,""z"":-0.25},{""x"":2.63,""y"":2.1,""z"":-0.25}],""durations"":[1.5480453625279988,1.548045362527999,1.548045362527999],""samples"":[{""t"":0.0,""x"":[1.07,3.82,-0.0,0.0],""u"":[-0.0,0.0]},{""t"":0.1,""x"":[1.070307,3.819661,0.009186,-0.010128],""u"":[0.175049,-0.193003]},{""t"":0.2,""x"":[1.072427,3.817325,0.036011,-0.039705],""u"":[0.354795,-0.391184]},{""t"":0.3,""x"":[1.078032,3.811145,0.078471,-0.086519],""u"":[0.527163,-0.581231]},{""t"":0.4,""x"":[1.088544,3.799554,0.133613,-0.147317],""u"":[0.682001,-0.75195]},{""t"":0.5,""x"":[1.105057,3.781347,0.197836,-0.218127],""u"":[0.811073,-0.89426]},{""t"":0.6,""x"":[1.128282,3.755741,0.267158,-0.294559],""u"":[0.908032,-1.001164]},{""t"":0.7,""x"":[1.158521,3.7224,0.337447,-0.372057],""u"":[0.968354,-1.067672]},{""t"":0.8,""x"":[1.195667,3.681444,0.404624,-0.446124],""u"":[0.989238,-1.090698]},{""t"":0.9,""x"":[1.239213,3.633432,0.464827,-0.512501],""u"":[0.969476,-1.06891]},{""t"":1.0,""x"":[1.288283,3.57933,0.514548,-0.567322],""u"":[0.909295,-1.002556]},{""t"":1.1,""x"":[1.341671,3.520465,0.550738,-0.607224],""u"":[0.810151,-0.893244]},{""t"":1.2,""x"":[1.397894,3.458476,0.570869,-0.62942],""u"":[0.67451,-0.74369]},{""t"":1.3,""x"":[1.455243,3.395244,0.572979,-0.631746],""u"":[0.505578,-0.557432]},{""t"":1.4,""x"":[1.511842,3.332841,0.555667,-0.612659],""u"":[0.307012,-0.338501]},{""t"":1.5,""x"":[1.5657,3.273459,0.518071,-0.571207],""u"":[0.082591,-0.091062]},{""t"":1.648045,""x"":[1.636476,3.195424,0.437897,-0.48281],""u"":[-0.031618,0.03486]},{""t"":1.748045,""x"":[1.67779,3.149872,0.389458,-0.429403],""u"":[-0.021198,0.023372]},{""t"":1.848045,""x"":[1.71459,3.109298,0.347692,-0.383353],""u"":[-0.00033,0.000364]},{""t"":1.948045,""x"":[1.747566,3.07294,0.313054,-0.345162],""u"":[0.032016,-0.0353]},{""t"":2.048045,""x"":[1.777455,3.039986,0.28602,-0.315355],""u"":[0.076189,-0.084003]},{""t"":2.148045,""x"":[1.805038,3.009573,0.267021,-0.294408],""u"":[0.131932,-0.145464]},{""t"":2.248045,""x"":[1.831138,2.980797,0.25639,-0.282686],""u"":[0.198481,-0.218837]},{""t"":2.348045,""x"":[1.856602,2.952721,0.254321,-0.280405],""u"":[0.274674,-0.302846]},{""t"":2.448045,""x"":[1.882289,2.924399,0.260853,-0.287608],""u"":[0.359086,-0.395916]},{""t"":2.548045,""x"":[1.909055,2.894888,0.275865,-0.304159],""u"":[0.450167,-0.496338]},{""t"":2.648045,""x"":[1.937736,2.863266,0.299088,-0.329763],""u"":[0.546409,-0.602451]},{""t"":2.748045,""x"":[1.969133,2.828648,0.330131,-0.36399],""u"":[0.64652,-0.71283]},{""t"":2.848045,""x"":[2.004007,2.790197,0.368532,-0.40633],""u"":[0.749621,-0.826505]},{""t"":2.948045,""x"":[2.043069,2.747129,0.413817,-0.45626],""u"":[0.855455,-0.943194]},{""t"":3.048045,""x"":[2.086986,2.698708,0.465576,-0.513327],""u"":[0.964618,-1.063553]},{""t"":3.196091,""x"":[2.161814,2.616205,0.54017,-0.595572],""u"":[0.878152,-0.968219]},{""t"":3.296091,""x"":[2.217349,2.554974,0.567151,-0.62532],""u"":[0.72066,-0.794574]},{""t"":3.396091,""x"":[2.27458,2.491873,0.574232,-0.633127],""u"":[0.551181,-0.607712]},{""t"":3.496091,""x"":[2.33157,2.429039,0.562549,-0.620246],""u"":[0.375744,-0.414282]},{""t"":3.596091,""x"":[2.38652,2.368452,0.533793,-0.588541],""u"":[0.201193,-0.221829]},{""t"":3.696091,""x"":[2.437834,2.311876,0.490223,-0.540502],""u"":[0.034903,-0.038483]},{""t"":3.796091,""x"":[2.484164,2.260793,0.434645,-0.479223],""u"":[-0.115545,0.127395]},{""t"":3.896091,""x"":[2.524472,2.216352,0.370356,-0.408341],""u"":[-0.242708,0.267601]},{""t"":3.996091,""x"":[2.558068,2.179309,0.301063,-0.331941],""u"":[-0.339673,0.374511]},{""t"":4.096091,""x"":[2.584651,2.150001,0.230759,-0.254427],""u"":[-0.400468,0.441541]},{""t"":4.196091,""x"":[2.604324,2.128309,0.163575,-0.180352],""u"":[-0.420515,0.463644]},{""t"":4.296091,""x"":[2.617606,2.113665,0.103591,-0.114216],""u"":[-0.397113,0.437843]},{""t"":4.396091,""x"":[2.62541,2.105061,0.054623,-0.060226],""u"":[-0.329954,0.363796]},{""t"":4.496091,""x"":[2.629009,2.101093,0.01997,-0.022019],""u"":[-0.22167,0.244405]},{""t"":4.596091,""x"":[2.629966,2.100038,0.002132,-0.002351],""u"":[-0.078414,0.086457]},{""t"":4.644136,""x"":[2.63,2.1,0.0,0.0],""u"":[-0.0,-0.0]}]}",0.0,0.0,1.917664,1.663389,0.05,0.05,True,rrt_planner,http://172.22.224.93:8000/v1,"You are an expert UAV pilot/planner. Generate sparse collision-free 2D routing waypoints for a quadrotor in NED frame assuming it is airborne at the provided start location. A separate module will interpolate them and generate dynamically feasible trajectories, so output only high-level waypoints.
Mission state: the UAV has already taken off and is holding hover at the start position. Use this hover position as the first waypoint/reference for planning. Workspace: x=[0.00,4.00]m, y=[0.00,4.00]m, z=-0.25 fixed. Start: (1.07,3.82,-0.25), Goal: (2.63,2.10,-0.25), distance≈2.32m. Obstacles with x-y spans: No obstacles currently detected.
Constraints:
- all waypoints in NED frame, z must stay -0.25
- final waypoint must be goal coordinates
- maintain >=0.40m clearance from obstacle x-y boxes
- stay within workspace
- no waypoint should be within obstacle boxes, walls, or near corners
- prefer sparse, smooth, monotonic progress through open space
- return only the structured output requested by the response model"
17,"{""x"":0.19,""y"":0.12,""z"":-0.25}","{""x"":1.41,""y"":3.31,""z"":-0.25}","{""x"":[0.0,4.0],""y"":[0.0,4.0],""z"":-0.25}","[{""id"":1,""label"":""box_1"",""shape"":""box"",""min_corner"":[1.33,1.49,-0.75],""max_corner"":[2.07,1.96,0.25],""size"":[0.74,0.48,1.0]},{""id"":2,""label"":""box_2"",""shape"":""box"",""min_corner"":[2.54,2.48,-0.75],""max_corner"":[3.13,2.74,0.25],""size"":[0.59,0.26,1.0]}]","[{""x"":0.19,""y"":0.12,""z"":-0.25},{""x"":0.96,""y"":2.59,""z"":-0.25},{""x"":1.41,""y"":3.31,""z"":-0.25}]","[{""x"":0.19,""y"":0.12,""z"":-0.25},{""x"":0.73,""y"":2.31,""z"":-0.25},{""x"":1.41,""y"":3.31,""z"":-0.25}]","[{""x"":0.19,""y"":0.12,""z"":-0.25},{""x"":0.44666666666666666,""y"":0.9433333333333332,""z"":-0.25},{""x"":0.7033333333333334,""y"":1.7666666666666666,""z"":-0.25},{""x"":0.96,""y"":2.59,""z"":-0.25},{""x"":1.41,""y"":3.31,""z"":-0.25}]","[{""x"":0.19,""y"":0.12,""z"":-0.25},{""x"":0.37,""y"":0.85,""z"":-0.25},{""x"":0.55,""y"":1.58,""z"":-0.25},{""x"":0.73,""y"":2.31,""z"":-0.25},{""x"":1.0699999999999998,""y"":2.81,""z"":-0.25},{""x"":1.41,""y"":3.31,""z"":-0.25}]","{""collision_free"":true,""min_clearance_m"":0.627,""goal_clearance_m"":1.266,""max_segment_speed"":0.431,""max_segment_accel"":0.055,""monotonic_goal_progress"":true,""smoothness_score"":0.921,""passed"":true,""goal_match"":true,""in_workspace"":true,""nominal_dt_s"":2.0,""failed_constraints"":[],""thresholds"":{""min_clearance_m"":0.4,""max_segment_speed"":1.5,""max_segment_accel"":1.5,""goal_tolerance_m"":0.05,""progress_tolerance_m"":0.001},""feedback_table"":""| Metric | Value | Required | Status |\n|---|---:|---:|---|\n| in_workspace | True | true | PASS |\n| goal_clearance | 1.266 | >= 0.400 | PASS |\n| collision_free | True | true | PASS |\n| min_clearance_m | 0.627 | >= 0.400 | PASS |\n| goal_match | True | true | PASS |\n| monotonic_goal_progress | True | true | PASS |\n| max_segment_speed | 0.431 | <= 1.500 | PASS |\n| max_segment_accel | 0.055 | <= 1.500 | PASS |""}","{""collision_free"":true,""min_clearance_m"":0.695,""goal_clearance_m"":1.266,""max_segment_speed"":0.376,""max_segment_accel"":0.07,""monotonic_goal_progress"":true,""smoothness_score"":0.918,""passed"":true,""goal_match"":true,""in_workspace"":true,""nominal_dt_s"":2.0,""failed_constraints"":[],""thresholds"":{""min_clearance_m"":0.4,""max_segment_speed"":1.5,""max_segment_accel"":1.5,""goal_tolerance_m"":0.05,""progress_tolerance_m"":0.001},""feedback_table"":""| Metric | Value | Required | Status |\n|---|---:|---:|---|\n| in_workspace | True | true | PASS |\n| goal_clearance | 1.266 | >= 0.400 | PASS |\n| collision_free | True | true | PASS |\n| min_clearance_m | 0.695 | >= 0.400 | PASS |\n| goal_match | True | true | PASS |\n| monotonic_goal_progress | True | true | PASS |\n| max_segment_speed | 0.376 | <= 1.500 | PASS |\n| max_segment_accel | 0.070 | <= 1.500 | PASS |""}","{""waypoints"":[{""x"":0.19,""y"":0.12,""z"":-0.25},{""x"":0.44666666666666666,""y"":0.9433333333333332,""z"":-0.25},{""x"":0.7033333333333334,""y"":1.7666666666666666,""z"":-0.25},{""x"":0.96,""y"":2.59,""z"":-0.25},{""x"":1.41,""y"":3.31,""z"":-0.25}],""durations"":[1.7248252729544002,1.7248252729544007,1.7248252729544002,1.698116603770189],""samples"":[{""t"":0.0,""x"":[0.19,0.12,0.0,0.0],""u"":[0.0,0.0]},{""t"":0.1,""x"":[0.190093,0.120313,0.002799,0.009386],""u"":[0.053451,0.179208]},{""t"":0.2,""x"":[0.190742,0.122486,0.011045,0.037012],""u"":[0.109687,0.367205]},{""t"":0.3,""x"":[0.19247,0.128275,0.024322,0.081399],""u"":[0.166125,0.55485]},{""t"":0.4,""x"":[0.195753,0.139251,0.042003,0.140327],""u"":[0.220475,0.734072]},{""t"":0.5,""x"":[0.200992,0.156734,0.063304,0.211025],""u"":[0.270752,0.897906]},{""t"":0.6,""x"":[0.208505,0.181744,0.087331,0.290345],""u"":[0.31528,1.040516]},{""t"":0.7,""x"":[0.218517,0.214978,0.113126,0.374918],""u"":[0.352698,1.157192]},{""t"":0.8,""x"":[0.231156,0.256788,0.139708,0.461295],""u"":[0.381958,1.244344]},{""t"":0.9,""x"":[0.246452,0.307183,0.166101,0.546072],""u"":[0.402313,1.299464]},{""t"":1.0,""x"":[0.264339,0.36584,0.191372,0.62599],""u"":[0.413312,1.321084]},{""t"":1.1,""x"":[0.28466,0.432118,0.214652,0.698034],""u"":[0.414779,1.308708]},{""t"":1.2,""x"":[0.307177,0.505093,0.235156,0.759494],""u"":[0.406796,1.262734]},{""t"":1.3,""x"":[0.331576,0.583586,0.252204,0.808032],""u"":[0.389673,1.18435]},{""t"":1.4,""x"":[0.357483,0.666204,0.26523,0.841709],""u"":[0.363926,1.075425]},{""t"":1.5,""x"":[0.384473,0.751382,0.273789,0.859018],""u"":[0.330234,0.938372]},{""t"":1.6,""x"":[0.412081,0.837425,0.277562,0.858879],""u"":[0.289406,0.776004]},{""t"":1.7,""x"":[0.439819,0.922554,0.276349,0.840633],""u"":[0.242337,0.591361]},{""t"":1.824825,""x"":[0.473899,1.024986,0.26895,0.799072],""u"":[0.199698,0.468563]},{""t"":1.924825,""x"":[0.500371,1.103006,0.26006,0.760647],""u"":[0.167882,0.393175]},{""t"":2.024825,""x"":[0.52583,1.176988,0.24873,0.718411],""u"":[0.135219,0.318957]},{""t"":2.124825,""x"":[0.550042,1.246583,0.235169,0.673016],""u"":[0.102534,0.248352]},{""t"":2.224825,""x"":[0.572798,1.311514,0.219649,0.625284],""u"":[0.070596,0.183535]},{""t"":2.324825,""x"":[0.593917,1.371593,0.20249,0.576164],""u"":[0.040105,0.126403]},{""t"":2.424825,""x"":[0.613253,1.426734,0.184048,0.52669],""u"":[0.011687,0.078562]},{""t"":2.524825,""x"":[0.630697,1.476955,0.1647,0.477938],""u"":[-0.014116,0.041319]},{""t"":2.624825,""x"":[0.646176,1.522382,0.144839,0.430993],""u"":[-0.036852,0.015678]},{""t"":2.724825,""x"":[0.659661,1.56325,0.124858,0.386915],""u"":[-0.056167,0.00234]},{""t"":2.824825,""x"":[0.671157,1.599895,0.105139,0.346711],""u"":[-0.071808,0.001707]},{""t"":2.924825,""x"":[0.680709,1.632752,0.086046,0.311308],""u"":[-0.083638,0.013885]},{""t"":3.024825,""x"":[0.688398,1.662344,0.067914,0.281535],""u"":[-0.09163,0.038699]},{""t"":3.124825,""x"":[0.694334,1.68927,0.051038,0.258099],""u"":[-0.095882,0.075702]},{""t"":3.224825,""x"":[0.698656,1.714194,0.035666,0.241575],""u"":[-0.096616,0.124194]},{""t"":3.324825,""x"":[0.701524,1.73783,0.02199,0.232393],""u"":[-0.094184,0.183244]},{""t"":3.424825,""x"":[0.703115,1.760927,0.010139,0.230829],""u"":[-0.089072,0.251711]},{""t"":3.549651,""x"":[0.703657,1.790145,-3.4e-05,0.238952],""u"":[-0.041906,0.333443]},{""t"":3.649651,""x"":[0.70352,1.814661,-0.001752,0.252374],""u"":[0.008693,0.401551]},{""t"":3.749651,""x"":[0.703496,1.840815,0.002207,0.271668],""u"":[0.063423,0.472723]},{""t"":3.849651,""x"":[0.704144,1.869178,0.01163,0.296454],""u"":[0.121273,0.545262]},{""t"":3.949651,""x"":[0.705995,1.900272,0.026214,0.32621],""u"":[0.181157,0.617426]},{""t"":4.049651,""x"":[0.709546,1.934564,0.045575,0.360285],""u"":[0.241948,0.687466]},{""t"":4.149651,""x"":[0.715253,1.972448,0.069249,0.397918],""u"":[0.302504,0.753669]},{""t"":4.249651,""x"":[0.723522,2.014237,0.096703,0.438251],""u"":[0.361704,0.814398]},{""t"":4.349651,""x"":[0.7347,2.060157,0.127344,0.48035],""u"":[0.418486,0.868143]},{""t"":4.449651,""x"":[0.749076,2.110333,0.160536,0.523231],""u"":[0.471883,0.913567]},{""t"":4.549651,""x"":[0.76687,2.164795,0.195616,0.565886],""u"":[0.521069,0.949562]},{""t"":4.649651,""x"":[0.78824,2.22347,0.231913,0.607308],""u"":[0.565402,0.975301]},{""t"":4.749651,""x"":[0.813272,2.286184,0.26877,0.646531],""u"":[0.604472,0.990301]},{""t"":4.849651,""x"":[0.841992,2.352672,0.305572,0.682654],""u"":[0.638152,0.994479]},{""t"":4.949651,""x"":[0.874366,2.422585,0.34177,0.714891],""u"":[0.666649,0.988217]},{""t"":5.049651,""x"":[0.91031,2.495499,0.376915,0.742602],""u"":[0.690565,0.972435]},{""t"":5.149651,""x"":[0.949703,2.570939,0.410693,0.765343],""u"":[0.710951,0.948652]},{""t"":5.274476,""x"":[1.003307,2.667705,0.445189,0.781339],""u"":[0.627547,0.812762]},{""t"":5.374476,""x"":[1.048621,2.745758,0.459043,0.77721],""u"":[0.529144,0.671477]},{""t"":5.474476,""x"":[1.094711,2.822654,0.460779,0.758307],""u"":[0.423206,0.521669]},{""t"":5.574476,""x"":[1.140394,2.896956,0.45104,0.725506],""u"":[0.312949,0.367674]},{""t"":5.674476,""x"":[1.184567,2.967333,0.430757,0.680068],""u"":[0.201926,0.214261]},{""t"":5.774476,""x"":[1.226234,3.032603,0.40115,0.623638],""u"":[0.093925,0.066494]},{""t"":5.874476,""x"":[1.264536,3.091761,0.363709,0.558224],""u"":[-0.007158,-0.070435]},{""t"":5.974476,""x"":[1.298773,3.144026,0.320179,0.486164],""u"":[-0.097442,-0.191366]},{""t"":6.074476,""x"":[1.328433,3.18886,0.272517,0.410083],""u"":[-0.173211,-0.291372]},{""t"":6.174476,""x"":[1.353209,3.226003,0.22285,0.332821],""u"":[-0.231065,-0.365953]},{""t"":6.274476,""x"":[1.373011,3.255484,0.173412,0.257361],""u"":[-0.26809,-0.411262]},{""t"":6.374476,""x"":[1.387975,3.277636,0.126475,0.18673],""u"":[-0.282031,-0.424335]},{""t"":6.474476,""x"":[1.398464,3.29309,0.084266,0.123891],""u"":[-0.271491,-0.403343]},{""t"":6.574476,""x"":[1.405056,3.302767,0.04887,0.071618],""u"":[-0.236123,-0.347855]},{""t"":6.674476,""x"":[1.408527,3.307848,0.022128,0.032351],""u"":[-0.176854,-0.259123]},{""t"":6.774476,""x"":[1.409819,3.309736,0.005512,0.008047],""u"":[-0.096104,-0.140373]},{""t"":6.872592,""x"":[1.41,3.31,-0.0,-0.0],""u"":[0.0,0.0]}]}","{""waypoints"":[{""x"":0.19,""y"":0.12,""z"":-0.25},{""x"":0.37,""y"":0.85,""z"":-0.25},{""x"":0.55,""y"":1.58,""z"":-0.25},{""x"":0.73,""y"":2.31,""z"":-0.25},{""x"":1.0699999999999998,""y"":2.81,""z"":-0.25},{""x"":1.41,""y"":3.31,""z"":-0.25}],""durations"":[1.5037286989347514,1.5037286989347516,1.5037286989347514,1.2092973166264778,1.209297316626478],""samples"":[{""t"":0.0,""x"":[0.19,0.12,0.0,0.0],""u"":[0.0,0.0]},{""t"":0.1,""x"":[0.190109,0.120437,0.003254,0.013069],""u"":[0.062007,0.249095]},{""t"":0.2,""x"":[0.19086,0.123453,0.012759,0.051264],""u"":[0.125749,0.505423]},{""t"":0.3,""x"":[0.192846,0.131436,0.027816,0.111813],""u"":[0.187021,0.752286]},{""t"":0.4,""x"":[0.196574,0.146426,0.047397,0.190632],""u"":[0.242294,0.975633]},{""t"":0.5,""x"":[0.202434,0.170006,0.070248,0.282742],""u"":[0.28872,1.164066]},{""t"":0.6,""x"":[0.210686,0.203234,0.094986,0.382633],""u"":[0.324114,1.308806]},{""t"":0.7,""x"":[0.221447,0.246602,0.120178,0.48459],""u"":[0.346939,1.40361]},{""t"":0.8,""x"":[0.23469,0.300032,0.144413,0.582974],""u"":[0.356265,1.444644]},{""t"":0.9,""x"":[0.250253,0.362899,0.166361,0.672452],""u"":[0.351727,1.430312]},{""t"":1.0,""x"":[0.267846,0.434064,0.184818,0.748191],""u"":[0.333468,1.361044]},{""t"":1.1,""x"":[0.287066,0.511939,0.198747,0.806002],""u"":[0.302065,1.239032]},{""t"":1.2,""x"":[0.307416,0.594551,0.207298,0.842441],""u"":[0.258458,1.067927]},{""t"":1.3,""x"":[0.328324,0.679625,0.20982,0.854864],""u"":[0.203849,0.85249]},{""t"":1.4,""x"":[0.349164,0.764662,0.205868,0.841442],""u"":[0.139604,0.598199]},{""t"":1.5,""x"":[0.369273,0.847017,0.195188,0.801124],""u"":[0.067136,0.310807]},{""t"":1.603729,""x"":[0.388752,0.927152,0.18041,0.743847],""u"":[0.051815,0.239335]},{""t"":1.703729,""x"":[0.40609,0.998758,0.166406,0.68827],""u"":[0.040637,0.183363]},{""t"":1.803729,""x"":[0.422046,1.064818,0.152808,0.633063],""u"":[0.031682,0.135766]},{""t"":1.903729,""x"":[0.436673,1.125417,0.139843,0.579246],""u"":[0.025663,0.09994]},{""t"":2.003729,""x"":[0.450045,1.180754,0.127781,0.528049],""u"":[0.023086,0.078537]},{""t"":2.103729,""x"":[0.462268,1.231158,0.116905,0.480809],""u"":[0.024267,0.073486]},{""t"":2.203729,""x"":[0.473475,1.277093,0.107491,0.438889],""u"":[0.029351,0.086036]},{""t"":2.303729,""x"":[0.483824,1.319158,0.099794,0.403607],""u"":[0.03833,0.116811]},{""t"":2.403729,""x"":[0.493498,1.358077,0.094035,0.376177],""u"":[0.051069,0.165875]},{""t"":2.503729,""x"":[0.502701,1.394691,0.090393,0.357669],""u"":[0.067343,0.232813]},{""t"":2.603729,""x"":[0.511652,1.429938,0.089001,0.348975],""u"":[0.086862,0.31683]},{""t"":2.703729,""x"":[0.52058,1.464836,0.089945,0.350798],""u"":[0.109317,0.416855]},{""t"":2.803729,""x"":[0.52972,1.500465,0.093272,0.363646],""u"":[0.134419,0.531666]},{""t"":2.903729,""x"":[0.539314,1.537944,0.098998,0.387843],""u"":[0.161949,0.660024]},{""t"":3.003729,""x"":[0.5496,1.578418,0.107119,0.423559],""u"":[0.191805,0.800825]},{""t"":3.107457,""x"":[0.561181,1.62449,0.115806,0.463494],""u"":[0.181944,0.780084]},{""t"":3.207457,""x"":[0.573091,1.672461,0.122029,0.494752],""u"":[0.169108,0.74644]},{""t"":3.307457,""x"":[0.585518,1.723202,0.126191,0.518858],""u"":[0.15496,0.705443]},{""t"":3.407457,""x"":[0.598264,1.775994,0.128406,0.53581],""u"":[0.140182,0.657556]},{""t"":3.507457,""x"":[0.611141,1.830127,0.128854,0.545678],""u"":[0.125595,0.603577]},{""t"":3.607457,""x"":[0.623984,1.884899,0.127785,0.548618],""u"":[0.112117,0.544564]},{""t"":3.707457,""x"":[0.636658,1.939629,0.125526,0.544892],""u"":[0.100712,0.481764]},{""t"":3.807457,""x"":[0.649063,1.993667,0.122467,0.534871],""u"":[0.092341,0.416517]},{""t"":3.907457,""x"":[0.66114,2.046409,0.119056,0.519027],""u"":[0.087901,0.350163]},{""t"":4.007457,""x"":[0.672878,2.097297,0.115781,0.497918],""u"":[0.088161,0.283927]},{""t"":4.107457,""x"":[0.684317,2.145837,0.113149,0.472161],""u"":[0.093693,0.218803]},{""t"":4.207457,""x"":[0.695546,2.191596,0.111663,0.442391],""u"":[0.1048,0.155421]},{""t"":4.307457,""x"":[0.706703,2.234202,0.111784,0.409221],""u"":[0.121432,0.093911]},{""t"":4.407457,""x"":[0.71797,2.273344,0.113898,0.373179],""u"":[0.143104,0.033748]},{""t"":4.507457,""x"":[0.729559,2.308755,0.118274,0.334639],""u"":[0.168806,-0.026406]},{""t"":4.611186,""x"":[0.742249,2.341591,0.127679,0.30132],""u"":[0.243366,0.08404]},{""t"":4.711186,""x"":[0.755769,2.370789,0.143852,0.285234],""u"":[0.321647,0.209191]},{""t"":4.811186,""x"":[0.77124,2.399145,0.166621,0.284331],""u"":[0.401792,0.342444]},{""t"":4.911186,""x"":[0.789291,2.428129,0.195322,0.297614],""u"":[0.480553,0.478846]},{""t"":5.011186,""x"":[0.810471,2.459093,0.229012,0.323657],""u"":[0.554517,0.613154]},{""t"":5.111186,""x"":[0.83522,2.493225,0.266495,0.360635],""u"":[0.620341,0.740196]},{""t"":5.211186,""x"":[0.863849,2.531513,0.306361,0.406398],""u"":[0.675002,0.855273]},{""t"":5.311186,""x"":[0.89652,2.574719,0.347065,0.458573],""u"":[0.716077,0.954596]},{""t"":5.411186,""x"":[0.933237,2.62336,0.387016,0.51471],""u"":[0.742042,1.035757]},{""t"":5.511186,""x"":[0.973847,2.677714,0.424688,0.572457],""u"":[0.752594,1.098239]},{""t"":5.611186,""x"":[1.018055,2.737837,0.458766,0.62978],""u"":[0.749,1.143959]},{""t"":5.711186,""x"":[1.065448,2.803606,0.488302,0.685209],""u"":[0.734458,1.177855]},{""t"":5.820483,""x"":[1.120046,2.881135,0.506486,0.726638],""u"":[0.55043,0.899036]},{""t"":5.920483,""x"":[1.170582,2.954179,0.500758,0.728619],""u"":[0.354738,0.595449]},{""t"":6.020483,""x"":[1.219528,3.025781,0.474988,0.698315],""u"":[0.156089,0.286182]},{""t"":6.120483,""x"":[1.264991,3.092888,0.431576,0.639468],""u"":[-0.033618,-0.010215]},{""t"":6.220483,""x"":[1.305369,3.1529,0.373956,0.557429],""u"":[-0.201807,-0.274122]},{""t"":6.320483,""x"":[1.339454,3.203828,0.306514,0.459031],""u"":[-0.336092,-0.48621]},{""t"":6.420483,""x"":[1.366516,3.244429,0.234412,0.352329],""u"":[-0.425236,-0.628933]},{""t"":6.520483,""x"":[1.38637,3.274312,0.163344,0.246201],""u"":[-0.460185,-0.688149]},{""t"":6.620483,""x"":[1.399415,3.293994,0.099186,0.149814],""u"":[-0.435199,-0.654887]},{""t"":6.720483,""x"":[1.406626,3.304894,0.047568,0.071958],""u"":[-0.349068,-0.527242]},{""t"":6.820483,""x"":[1.409511,3.309259,0.013367,0.02024],""u"":[-0.206406,-0.312408]},{""t"":6.920483,""x"":[1.41,3.31,9.8e-05,0.000148],""u"":[-0.019041,-0.028842]},{""t"":6.929781,""x"":[1.41,3.31,0.0,-0.0],""u"":[0.0,-0.0]}]}",0.982907,0.398524,1.917664,1.663389,0.05,0.05,True,rrt_planner,http://172.22.224.93:8000/v1,"You are an expert UAV pilot/planner. Generate sparse collision-free 2D routing waypoints for a quadrotor in NED frame assuming it is airborne at the provided start location. A separate module will interpolate them and generate dynamically feasible trajectories, so output only high-level waypoints.
Mission state: the UAV has already taken off and is holding hover at the start position. Use this hover position as the first waypoint/reference for planning. Workspace: x=[0.00,4.00]m, y=[0.00,4.00]m, z=-0.25 fixed. Start: (0.19,0.12,-0.25), Goal: (1.41,3.31,-0.25), distance≈3.42m. Obstacles with x-y spans: 1 obstacle: x=[1.33,2.07], y=[1.49,1.96]. 2 obstacle: x=[2.54,3.13], y=[2.48,2.74].
Constraints:
- all waypoints in NED frame, z must stay -0.25
- final waypoint must be goal coordinates
- maintain >=0.40m clearance from obstacle x-y boxes
- stay within workspace
- no waypoint should be within obstacle boxes, walls, or near corners
- prefer sparse, smooth, monotonic progress through open space
- return only the structured output requested by the response model"
18,"{""x"":0.69,""y"":0.96,""z"":-0.25}","{""x"":1.69,""y"":2.6,""z"":-0.25}","{""x"":[0.0,4.0],""y"":[0.0,4.0],""z"":-0.25}","[{""id"":1,""label"":""box_1"",""shape"":""box"",""min_corner"":[0.41,3.13,-0.75],""max_corner"":[1.14,3.66,0.25],""size"":[0.73,0.53,1.0]},{""id"":2,""label"":""box_2"",""shape"":""box"",""min_corner"":[3.25,1.83,-0.75],""max_corner"":[3.53,2.55,0.25],""size"":[0.28,0.72,1.0]}]","[{""x"":0.69,""y"":0.96,""z"":-0.25},{""x"":1.69,""y"":2.6,""z"":-0.25}]","[{""x"":0.69,""y"":0.96,""z"":-0.25},{""x"":1.69,""y"":2.6,""z"":-0.25}]","[{""x"":0.69,""y"":0.96,""z"":-0.25},{""x"":1.19,""y"":1.78,""z"":-0.25},{""x"":1.69,""y"":2.6,""z"":-0.25}]","[{""x"":0.69,""y"":0.96,""z"":-0.25},{""x"":1.19,""y"":1.78,""z"":-0.25},{""x"":1.69,""y"":2.6,""z"":-0.25}]","{""collision_free"":true,""min_clearance_m"":0.764,""goal_clearance_m"":0.764,""max_segment_speed"":0.48,""max_segment_accel"":0.0,""monotonic_goal_progress"":true,""smoothness_score"":1.0,""passed"":true,""goal_match"":true,""in_workspace"":true,""nominal_dt_s"":2.0,""failed_constraints"":[],""thresholds"":{""min_clearance_m"":0.4,""max_segment_speed"":1.5,""max_segment_accel"":1.5,""goal_tolerance_m"":0.05,""progress_tolerance_m"":0.001},""feedback_table"":""| Metric | Value | Required | Status |\n|---|---:|---:|---|\n| in_workspace | True | true | PASS |\n| goal_clearance | 0.764 | >= 0.400 | PASS |\n| collision_free | True | true | PASS |\n| min_clearance_m | 0.764 | >= 0.400 | PASS |\n| goal_match | True | true | PASS |\n| monotonic_goal_progress | True | true | PASS |\n| max_segment_speed | 0.480 | <= 1.500 | PASS |\n| max_segment_accel | 0.000 | <= 1.500 | PASS |""}","{""collision_free"":true,""min_clearance_m"":0.764,""goal_clearance_m"":0.764,""max_segment_speed"":0.48,""max_segment_accel"":0.0,""monotonic_goal_progress"":true,""smoothness_score"":1.0,""passed"":true,""goal_match"":true,""in_workspace"":true,""nominal_dt_s"":2.0,""failed_constraints"":[],""thresholds"":{""min_clearance_m"":0.4,""max_segment_speed"":1.5,""max_segment_accel"":1.5,""goal_tolerance_m"":0.05,""progress_tolerance_m"":0.001},""feedback_table"":""| Metric | Value | Required | Status |\n|---|---:|---:|---|\n| in_workspace | True | true | PASS |\n| goal_clearance | 0.764 | >= 0.400 | PASS |\n| collision_free | True | true | PASS |\n| min_clearance_m | 0.764 | >= 0.400 | PASS |\n| goal_match | True | true | PASS |\n| monotonic_goal_progress | True | true | PASS |\n| max_segment_speed | 0.480 | <= 1.500 | PASS |\n| max_segment_accel | 0.000 | <= 1.500 | PASS |""}","{""waypoints"":[{""x"":0.69,""y"":0.96,""z"":-0.25},{""x"":1.19,""y"":1.78,""z"":-0.25},{""x"":1.69,""y"":2.6,""z"":-0.25}],""durations"":[1.9208331525668751,1.9208331525668751],""samples"":[{""t"":0.0,""x"":[0.69,0.96,0.0,0.0],""u"":[0.0,0.0]},{""t"":0.1,""x"":[0.690123,0.960202,0.003692,0.006054],""u"":[0.070597,0.115779]},{""t"":0.2,""x"":[0.69098,0.961607,0.014627,0.023989],""u"":[0.145943,0.239347]},{""t"":0.3,""x"":[0.693277,0.965375,0.032412,0.053155],""u"":[0.223521,0.366574]},{""t"":0.4,""x"":[0.697671,0.97258,0.056438,0.092558],""u"":[0.30098,0.493608]},{""t"":0.5,""x"":[0.704747,0.984185,0.085927,0.14092],""u"":[0.376163,0.616907]},{""t"":0.6,""x"":[0.715008,1.001013,0.119967,0.196746],""u"":[0.447116,0.733269]},{""t"":0.7,""x"":[0.728859,1.023728,0.15755,0.258383],""u"":[0.512104,0.83985]},{""t"":0.8,""x"":[0.7466,1.052824,0.197604,0.324071],""u"":[0.569624,0.934183]},{""t"":0.9,""x"":[0.768425,1.088617,0.239024,0.391999],""u"":[0.618411,1.014195]},{""t"":1.0,""x"":[0.794414,1.131238,0.280702,0.460351],""u"":[0.657449,1.078216]},{""t"":1.1,""x"":[0.824538,1.180642,0.321553,0.527347],""u"":[0.685967,1.124987]},{""t"":1.2,""x"":[0.858662,1.236606,0.360537,0.591281],""u"":[0.70345,1.153658]},{""t"":1.3,""x"":[0.89655,1.298743,0.396683,0.65056],""u"":[0.70963,1.163793]},{""t"":1.4,""x"":[0.937874,1.366514,0.429106,0.703735],""u"":[0.704488,1.15536]},{""t"":1.5,""x"":[0.982221,1.439243,0.457025,0.749521],""u"":[0.688245,1.128722]},{""t"":1.6,""x"":[1.029107,1.516135,0.479774,0.786829],""u"":[0.661356,1.084624]},{""t"":1.7,""x"":[1.077986,1.596297,0.496817,0.814779],""u"":[0.624497,1.024175]},{""t"":1.8,""x"":[1.128267,1.678757,0.507754,0.832717],""u"":[0.578554,0.948829]},{""t"":1.9,""x"":[1.179325,1.762492,0.512332,0.840225],""u"":[0.524606,0.860354]},{""t"":2.020833,""x"":[1.241139,1.863869,0.509238,0.835151],""u"":[0.45054,0.738886]},{""t"":2.120833,""x"":[1.291634,1.94668,0.499609,0.819359],""u"":[0.383577,0.629066]},{""t"":2.220833,""x"":[1.340855,2.027403,0.48381,0.793449],""u"":[0.313148,0.513563]},{""t"":2.320833,""x"":[1.388203,2.105053,0.46221,0.758025],""u"":[0.240919,0.395107]},{""t"":2.420833,""x"":[1.433121,2.178718,0.435318,0.713922],""u"":[0.168629,0.276551]},{""t"":2.520833,""x"":[1.475111,2.247583,0.403773,0.662187],""u"":[0.098056,0.160812]},{""t"":2.620833,""x"":[1.513746,2.310943,0.368332,0.604065],""u"":[0.03099,0.050824]},{""t"":2.720833,""x"":[1.548677,2.36823,0.329862,0.540973],""u"":[-0.030809,-0.050527]},{""t"":2.820833,""x"":[1.579649,2.419024,0.289316,0.474479],""u"":[-0.085646,-0.14046]},{""t"":2.920833,""x"":[1.606505,2.463068,0.247722,0.406264],""u"":[-0.131933,-0.21637]},{""t"":3.020833,""x"":[1.629194,2.500278,0.206157,0.338098],""u"":[-0.16823,-0.275898]},{""t"":3.120833,""x"":[1.647774,2.53075,0.165728,0.271793],""u"":[-0.193293,-0.317001]},{""t"":3.220833,""x"":[1.662414,2.554759,0.12754,0.209165],""u"":[-0.20612,-0.338038]},{""t"":3.320833,""x"":[1.673393,2.572764,0.092675,0.151988],""u"":[-0.206004,-0.337846]},{""t"":3.420833,""x"":[1.681094,2.585395,0.062159,0.101941],""u"":[-0.192581,-0.315832]},{""t"":3.520833,""x"":[1.686001,2.593442,0.036926,0.060558],""u"":[-0.165891,-0.272061]},{""t"":3.620833,""x"":[1.688683,2.59784,0.017785,0.029167],""u"":[-0.126433,-0.207349]},{""t"":3.720833,""x"":[1.689783,2.599644,0.005382,0.008827],""u"":[-0.075224,-0.123367]},{""t"":3.820833,""x"":[1.689999,2.599998,0.000161,0.000264],""u"":[-0.013865,-0.022739]},{""t"":3.841666,""x"":[1.69,2.6,0.0,0.0],""u"":[0.0,0.0]}]}","{""waypoints"":[{""x"":0.69,""y"":0.96,""z"":-0.25},{""x"":1.19,""y"":1.78,""z"":-0.25},{""x"":1.69,""y"":2.6,""z"":-0.25}],""durations"":[1.9208331525668751,1.9208331525668751],""samples"":[{""t"":0.0,""x"":[0.69,0.96,0.0,0.0],""u"":[0.0,0.0]},{""t"":0.1,""x"":[0.690123,0.960202,0.003692,0.006054],""u"":[0.070597,0.115779]},{""t"":0.2,""x"":[0.69098,0.961607,0.014627,0.023989],""u"":[0.145943,0.239347]},{""t"":0.3,""x"":[0.693277,0.965375,0.032412,0.053155],""u"":[0.223521,0.366574]},{""t"":0.4,""x"":[0.697671,0.97258,0.056438,0.092558],""u"":[0.30098,0.493608]},{""t"":0.5,""x"":[0.704747,0.984185,0.085927,0.14092],""u"":[0.376163,0.616907]},{""t"":0.6,""x"":[0.715008,1.001013,0.119967,0.196746],""u"":[0.447116,0.733269]},{""t"":0.7,""x"":[0.728859,1.023728,0.15755,0.258383],""u"":[0.512104,0.83985]},{""t"":0.8,""x"":[0.7466,1.052824,0.197604,0.324071],""u"":[0.569624,0.934183]},{""t"":0.9,""x"":[0.768425,1.088617,0.239024,0.391999],""u"":[0.618411,1.014195]},{""t"":1.0,""x"":[0.794414,1.131238,0.280702,0.460351],""u"":[0.657449,1.078216]},{""t"":1.1,""x"":[0.824538,1.180642,0.321553,0.527347],""u"":[0.685967,1.124987]},{""t"":1.2,""x"":[0.858662,1.236606,0.360537,0.591281],""u"":[0.70345,1.153658]},{""t"":1.3,""x"":[0.89655,1.298743,0.396683,0.65056],""u"":[0.70963,1.163793]},{""t"":1.4,""x"":[0.937874,1.366514,0.429106,0.703735],""u"":[0.704488,1.15536]},{""t"":1.5,""x"":[0.982221,1.439243,0.457025,0.749521],""u"":[0.688245,1.128722]},{""t"":1.6,""x"":[1.029107,1.516135,0.479774,0.786829],""u"":[0.661356,1.084624]},{""t"":1.7,""x"":[1.077986,1.596297,0.496817,0.814779],""u"":[0.624497,1.024175]},{""t"":1.8,""x"":[1.128267,1.678757,0.507754,0.832717],""u"":[0.578554,0.948829]},{""t"":1.9,""x"":[1.179325,1.762492,0.512332,0.840225],""u"":[0.524606,0.860354]},{""t"":2.020833,""x"":[1.241139,1.863869,0.509238,0.835151],""u"":[0.45054,0.738886]},{""t"":2.120833,""x"":[1.291634,1.94668,0.499609,0.819359],""u"":[0.383577,0.629066]},{""t"":2.220833,""x"":[1.340855,2.027403,0.48381,0.793449],""u"":[0.313148,0.513563]},{""t"":2.320833,""x"":[1.388203,2.105053,0.46221,0.758025],""u"":[0.240919,0.395107]},{""t"":2.420833,""x"":[1.433121,2.178718,0.435318,0.713922],""u"":[0.168629,0.276551]},{""t"":2.520833,""x"":[1.475111,2.247583,0.403773,0.662187],""u"":[0.098056,0.160812]},{""t"":2.620833,""x"":[1.513746,2.310943,0.368332,0.604065],""u"":[0.03099,0.050824]},{""t"":2.720833,""x"":[1.548677,2.36823,0.329862,0.540973],""u"":[-0.030809,-0.050527]},{""t"":2.820833,""x"":[1.579649,2.419024,0.289316,0.474479],""u"":[-0.085646,-0.14046]},{""t"":2.920833,""x"":[1.606505,2.463068,0.247722,0.406264],""u"":[-0.131933,-0.21637]},{""t"":3.020833,""x"":[1.629194,2.500278,0.206157,0.338098],""u"":[-0.16823,-0.275898]},{""t"":3.120833,""x"":[1.647774,2.53075,0.165728,0.271793],""u"":[-0.193293,-0.317001]},{""t"":3.220833,""x"":[1.662414,2.554759,0.12754,0.209165],""u"":[-0.20612,-0.338038]},{""t"":3.320833,""x"":[1.673393,2.572764,0.092675,0.151988],""u"":[-0.206004,-0.337846]},{""t"":3.420833,""x"":[1.681094,2.585395,0.062159,0.101941],""u"":[-0.192581,-0.315832]},{""t"":3.520833,""x"":[1.686001,2.593442,0.036926,0.060558],""u"":[-0.165891,-0.272061]},{""t"":3.620833,""x"":[1.688683,2.59784,0.017785,0.029167],""u"":[-0.126433,-0.207349]},{""t"":3.720833,""x"":[1.689783,2.599644,0.005382,0.008827],""u"":[-0.075224,-0.123367]},{""t"":3.820833,""x"":[1.689999,2.599998,0.000161,0.000264],""u"":[-0.013865,-0.022739]},{""t"":3.841666,""x"":[1.69,2.6,0.0,0.0],""u"":[0.0,0.0]}]}",0.0,0.0,1.917664,1.663389,0.05,0.05,True,rrt_planner,http://172.22.224.93:8000/v1,"You are an expert UAV pilot/planner. Generate sparse collision-free 2D routing waypoints for a quadrotor in NED frame assuming it is airborne at the provided start location. A separate module will interpolate them and generate dynamically feasible trajectories, so output only high-level waypoints.
Mission state: the UAV has already taken off and is holding hover at the start position. Use this hover position as the first waypoint/reference for planning. Workspace: x=[0.00,4.00]m, y=[0.00,4.00]m, z=-0.25 fixed. Start: (0.69,0.96,-0.25), Goal: (1.69,2.60,-0.25), distance≈1.92m. Obstacles with x-y spans: 1 obstacle: x=[0.41,1.14], y=[3.13,3.66]. 2 obstacle: x=[3.25,3.53], y=[1.83,2.55].
Constraints:
- all waypoints in NED frame, z must stay -0.25
- final waypoint must be goal coordinates
- maintain >=0.40m clearance from obstacle x-y boxes
- stay within workspace
- no waypoint should be within obstacle boxes, walls, or near corners
- prefer sparse, smooth, monotonic progress through open space
- return only the structured output requested by the response model"
19,"{""x"":2.38,""y"":0.21,""z"":-0.25}","{""x"":1.61,""y"":1.74,""z"":-0.25}","{""x"":[0.0,4.0],""y"":[0.0,4.0],""z"":-0.25}","[{""id"":1,""label"":""box_1"",""shape"":""box"",""min_corner"":[0.47,1.47,-0.75],""max_corner"":[0.77,2.15,0.25],""size"":[0.3,0.68,1.0]}]","[{""x"":2.38,""y"":0.21,""z"":-0.25},{""x"":1.61,""y"":1.74,""z"":-0.25}]","[{""x"":2.38,""y"":0.21,""z"":-0.25},{""x"":1.61,""y"":1.74,""z"":-0.25}]","[{""x"":2.38,""y"":0.21,""z"":-0.25},{""x"":1.995,""y"":0.975,""z"":-0.25},{""x"":1.61,""y"":1.74,""z"":-0.25}]","[{""x"":2.38,""y"":0.21,""z"":-0.25},{""x"":1.995,""y"":0.975,""z"":-0.25},{""x"":1.61,""y"":1.74,""z"":-0.25}]","{""collision_free"":true,""min_clearance_m"":0.84,""goal_clearance_m"":0.84,""max_segment_speed"":0.428,""max_segment_accel"":0.0,""monotonic_goal_progress"":true,""smoothness_score"":1.0,""passed"":true,""goal_match"":true,""in_workspace"":true,""nominal_dt_s"":2.0,""failed_constraints"":[],""thresholds"":{""min_clearance_m"":0.4,""max_segment_speed"":1.5,""max_segment_accel"":1.5,""goal_tolerance_m"":0.05,""progress_tolerance_m"":0.001},""feedback_table"":""| Metric | Value | Required | Status |\n|---|---:|---:|---|\n| in_workspace | True | true | PASS |\n| goal_clearance | 0.840 | >= 0.400 | PASS |\n| collision_free | True | true | PASS |\n| min_clearance_m | 0.840 | >= 0.400 | PASS |\n| goal_match | True | true | PASS |\n| monotonic_goal_progress | True | true | PASS |\n| max_segment_speed | 0.428 | <= 1.500 | PASS |\n| max_segment_accel | 0.000 | <= 1.500 | PASS |""}","{""collision_free"":true,""min_clearance_m"":0.84,""goal_clearance_m"":0.84,""max_segment_speed"":0.428,""max_segment_accel"":0.0,""monotonic_goal_progress"":true,""smoothness_score"":1.0,""passed"":true,""goal_match"":true,""in_workspace"":true,""nominal_dt_s"":2.0,""failed_constraints"":[],""thresholds"":{""min_clearance_m"":0.4,""max_segment_speed"":1.5,""max_segment_accel"":1.5,""goal_tolerance_m"":0.05,""progress_tolerance_m"":0.001},""feedback_table"":""| Metric | Value | Required | Status |\n|---|---:|---:|---|\n| in_workspace | True | true | PASS |\n| goal_clearance | 0.840 | >= 0.400 | PASS |\n| collision_free | True | true | PASS |\n| min_clearance_m | 0.840 | >= 0.400 | PASS |\n| goal_match | True | true | PASS |\n| monotonic_goal_progress | True | true | PASS |\n| max_segment_speed | 0.428 | <= 1.500 | PASS |\n| max_segment_accel | 0.000 | <= 1.500 | PASS |""}","{""waypoints"":[{""x"":2.38,""y"":0.21,""z"":-0.25},{""x"":1.995,""y"":0.975,""z"":-0.25},{""x"":1.61,""y"":1.74,""z"":-0.25}],""durations"":[1.71283390905248,1.7128339090524802],""samples"":[{""t"":0.0,""x"":[2.38,0.21,0.0,0.0],""u"":[0.0,-0.0]},{""t"":0.1,""x"":[2.379866,0.210266,-0.004006,0.007959],""u"":[-0.076542,0.15209]},{""t"":0.2,""x"":[2.378938,0.212111,-0.015834,0.031462],""u"":[-0.15754,0.313034]},{""t"":0.3,""x"":[2.376456,0.217042,-0.034954,0.069454],""u"":[-0.239659,0.476205]},{""t"":0.4,""x"":[2.37173,0.226432,-0.06056,0.120334],""u"":[-0.319866,0.635578]},{""t"":0.5,""x"":[2.364162,0.241471,-0.091631,0.182072],""u"":[-0.395455,0.785774]},{""t"":0.6,""x"":[2.353261,0.26313,-0.126988,0.252326],""u"":[-0.464062,0.922097]},{""t"":0.7,""x"":[2.338664,0.292135,-0.165347,0.328547],""u"":[-0.523684,1.040568]},{""t"":0.8,""x"":[2.320136,0.32895,-0.205371,0.408075],""u"":[-0.572689,1.13794]},{""t"":0.9,""x"":[2.297579,0.373771,-0.24571,0.488229],""u"":[-0.609818,1.211716]},{""t"":1.0,""x"":[2.271028,0.426529,-0.285044,0.566386],""u"":[-0.634194,1.260152]},{""t"":1.1,""x"":[2.240646,0.486898,-0.322119,0.640056],""u"":[-0.645316,1.282252]},{""t"":1.2,""x"":[2.206718,0.554314,-0.355781,0.706942],""u"":[-0.643053,1.277755]},{""t"":1.3,""x"":[2.169638,0.627992,-0.385,0.764999],""u"":[-0.627635,1.247119]},{""t"":1.4,""x"":[2.129896,0.706961,-0.408895,0.812479],""u"":[-0.599636,1.191485]},{""t"":1.5,""x"":[2.08806,0.790088,-0.426756,0.847969],""u"":[-0.55996,1.112648]},{""t"":1.6,""x"":[2.044763,0.876119,-0.438056,0.870423],""u"":[-0.509813,1.013005]},{""t"":1.7,""x"":[2.000679,0.963716,-0.442465,0.879184],""u"":[-0.450677,0.895501]},{""t"":1.812834,""x"":[1.950865,1.062697,-0.439012,0.872323],""u"":[-0.375332,0.74579]},{""t"":1.912834,""x"":[1.907428,1.149006,-0.428582,0.851598],""u"":[-0.303082,0.602228]},{""t"":2.012834,""x"":[1.865369,1.232578,-0.411537,0.81773],""u"":[-0.2279,0.45284]},{""t"":2.112834,""x"":[1.825325,1.312147,-0.388381,0.771718],""u"":[-0.152032,0.30209]},{""t"":2.212834,""x"":[1.787874,1.386562,-0.3598,0.714927],""u"":[-0.077798,0.154585]},{""t"":2.312834,""x"":[1.753517,1.454829,-0.326654,0.649065],""u"":[-0.007534,0.01497]},{""t"":2.412834,""x"":[1.722662,1.516139,-0.289954,0.576142],""u"":[0.056462,-0.112191]},{""t"":2.512834,""x"":[1.695607,1.569898,-0.250841,0.498425],""u"":[0.111991,-0.222528]},{""t"":2.612834,""x"":[1.672533,1.615747,-0.210559,0.418383],""u"":[0.157023,-0.312006]},{""t"":2.712834,""x"":[1.653491,1.653584,-0.170419,0.338625],""u"":[0.189759,-0.377053]},{""t"":2.812834,""x"":[1.638399,1.683571,-0.131771,0.26183],""u"":[0.208713,-0.414716]},{""t"":2.912834,""x"":[1.627042,1.706137,-0.095955,0.190664],""u"":[0.212786,-0.422808]},{""t"":3.012834,""x"":[1.61907,1.721977,-0.064266,0.127697],""u"":[0.201347,-0.40008]},{""t"":3.112834,""x"":[1.614011,1.73203,-0.037897,0.075302],""u"":[0.174325,-0.346387]},{""t"":3.212834,""x"":[1.611279,1.737459,-0.017894,0.035556],""u"":[0.132295,-0.262871]},{""t"":3.312834,""x"":[1.610192,1.739618,-0.005094,0.010122],""u"":[0.076573,-0.152151]},{""t"":3.412834,""x"":[1.61,1.739999,-6.6e-05,0.000132],""u"":[0.009318,-0.018515]},{""t"":3.425668,""x"":[1.61,1.74,0.0,-0.0],""u"":[-0.0,-0.0]}]}","{""waypoints"":[{""x"":2.38,""y"":0.21,""z"":-0.25},{""x"":1.995,""y"":0.975,""z"":-0.25},{""x"":1.61,""y"":1.74,""z"":-0.25}],""durations"":[1.71283390905248,1.7128339090524802],""samples"":[{""t"":0.0,""x"":[2.38,0.21,0.0,0.0],""u"":[0.0,-0.0]},{""t"":0.1,""x"":[2.379866,0.210266,-0.004006,0.007959],""u"":[-0.076542,0.15209]},{""t"":0.2,""x"":[2.378938,0.212111,-0.015834,0.031462],""u"":[-0.15754,0.313034]},{""t"":0.3,""x"":[2.376456,0.217042,-0.034954,0.069454],""u"":[-0.239659,0.476205]},{""t"":0.4,""x"":[2.37173,0.226432,-0.06056,0.120334],""u"":[-0.319866,0.635578]},{""t"":0.5,""x"":[2.364162,0.241471,-0.091631,0.182072],""u"":[-0.395455,0.785774]},{""t"":0.6,""x"":[2.353261,0.26313,-0.126988,0.252326],""u"":[-0.464062,0.922097]},{""t"":0.7,""x"":[2.338664,0.292135,-0.165347,0.328547],""u"":[-0.523684,1.040568]},{""t"":0.8,""x"":[2.320136,0.32895,-0.205371,0.408075],""u"":[-0.572689,1.13794]},{""t"":0.9,""x"":[2.297579,0.373771,-0.24571,0.488229],""u"":[-0.609818,1.211716]},{""t"":1.0,""x"":[2.271028,0.426529,-0.285044,0.566386],""u"":[-0.634194,1.260152]},{""t"":1.1,""x"":[2.240646,0.486898,-0.322119,0.640056],""u"":[-0.645316,1.282252]},{""t"":1.2,""x"":[2.206718,0.554314,-0.355781,0.706942],""u"":[-0.643053,1.277755]},{""t"":1.3,""x"":[2.169638,0.627992,-0.385,0.764999],""u"":[-0.627635,1.247119]},{""t"":1.4,""x"":[2.129896,0.706961,-0.408895,0.812479],""u"":[-0.599636,1.191485]},{""t"":1.5,""x"":[2.08806,0.790088,-0.426756,0.847969],""u"":[-0.55996,1.112648]},{""t"":1.6,""x"":[2.044763,0.876119,-0.438056,0.870423],""u"":[-0.509813,1.013005]},{""t"":1.7,""x"":[2.000679,0.963716,-0.442465,0.879184],""u"":[-0.450677,0.895501]},{""t"":1.812834,""x"":[1.950865,1.062697,-0.439012,0.872323],""u"":[-0.375332,0.74579]},{""t"":1.912834,""x"":[1.907428,1.149006,-0.428582,0.851598],""u"":[-0.303082,0.602228]},{""t"":2.012834,""x"":[1.865369,1.232578,-0.411537,0.81773],""u"":[-0.2279,0.45284]},{""t"":2.112834,""x"":[1.825325,1.312147,-0.388381,0.771718],""u"":[-0.152032,0.30209]},{""t"":2.212834,""x"":[1.787874,1.386562,-0.3598,0.714927],""u"":[-0.077798,0.154585]},{""t"":2.312834,""x"":[1.753517,1.454829,-0.326654,0.649065],""u"":[-0.007534,0.01497]},{""t"":2.412834,""x"":[1.722662,1.516139,-0.289954,0.576142],""u"":[0.056462,-0.112191]},{""t"":2.512834,""x"":[1.695607,1.569898,-0.250841,0.498425],""u"":[0.111991,-0.222528]},{""t"":2.612834,""x"":[1.672533,1.615747,-0.210559,0.418383],""u"":[0.157023,-0.312006]},{""t"":2.712834,""x"":[1.653491,1.653584,-0.170419,0.338625],""u"":[0.189759,-0.377053]},{""t"":2.812834,""x"":[1.638399,1.683571,-0.131771,0.26183],""u"":[0.208713,-0.414716]},{""t"":2.912834,""x"":[1.627042,1.706137,-0.095955,0.190664],""u"":[0.212786,-0.422808]},{""t"":3.012834,""x"":[1.61907,1.721977,-0.064266,0.127697],""u"":[0.201347,-0.40008]},{""t"":3.112834,""x"":[1.614011,1.73203,-0.037897,0.075302],""u"":[0.174325,-0.346387]},{""t"":3.212834,""x"":[1.611279,1.737459,-0.017894,0.035556],""u"":[0.132295,-0.262871]},{""t"":3.312834,""x"":[1.610192,1.739618,-0.005094,0.010122],""u"":[0.076573,-0.152151]},{""t"":3.412834,""x"":[1.61,1.739999,-6.6e-05,0.000132],""u"":[0.009318,-0.018515]},{""t"":3.425668,""x"":[1.61,1.74,0.0,-0.0],""u"":[-0.0,-0.0]}]}",0.0,0.0,1.917664,1.663389,0.05,0.05,True,rrt_planner,http://172.22.224.93:8000/v1,"You are an expert UAV pilot/planner. Generate sparse collision-free 2D routing waypoints for a quadrotor in NED frame assuming it is airborne at the provided start location. A separate module will interpolate them and generate dynamically feasible trajectories, so output only high-level waypoints.
Mission state: the UAV has already taken off and is holding hover at the start position. Use this hover position as the first waypoint/reference for planning. Workspace: x=[0.00,4.00]m, y=[0.00,4.00]m, z=-0.25 fixed. Start: (2.38,0.21,-0.25), Goal: (1.61,1.74,-0.25), distance≈1.71m. Obstacles with x-y spans: 1 obstacle: x=[0.47,0.77], y=[1.47,2.15].
Constraints:
- all waypoints in NED frame, z must stay -0.25
- final waypoint must be goal coordinates
- maintain >=0.40m clearance from obstacle x-y boxes
- stay within workspace
- no waypoint should be within obstacle boxes, walls, or near corners
- prefer sparse, smooth, monotonic progress through open space
- return only the structured output requested by the response model"
20,"{""x"":1.34,""y"":3.78,""z"":-0.25}","{""x"":3.59,""y"":1.44,""z"":-0.25}","{""x"":[0.0,4.0],""y"":[0.0,4.0],""z"":-0.25}","[{""id"":1,""label"":""box_1"",""shape"":""box"",""min_corner"":[2.26,0.77,-0.75],""max_corner"":[2.99,1.12,0.25],""size"":[0.73,0.34,1.0]},{""id"":2,""label"":""box_2"",""shape"":""box"",""min_corner"":[1.02,1.01,-0.75],""max_corner"":[1.74,1.28,0.25],""size"":[0.71,0.27,1.0]}]","[{""x"":1.34,""y"":3.78,""z"":-0.25},{""x"":3.59,""y"":1.44,""z"":-0.25}]","[{""x"":1.34,""y"":3.78,""z"":-0.25},{""x"":3.59,""y"":1.44,""z"":-0.25}]","[{""x"":1.34,""y"":3.78,""z"":-0.25},{""x"":1.9025,""y"":3.195,""z"":-0.25},{""x"":2.465,""y"":2.61,""z"":-0.25},{""x"":3.0275,""y"":2.025,""z"":-0.25},{""x"":3.59,""y"":1.44,""z"":-0.25}]","[{""x"":1.34,""y"":3.78,""z"":-0.25},{""x"":1.9025,""y"":3.195,""z"":-0.25},{""x"":2.465,""y"":2.61,""z"":-0.25},{""x"":3.0275,""y"":2.025,""z"":-0.25},{""x"":3.59,""y"":1.44,""z"":-0.25}]","{""collision_free"":true,""min_clearance_m"":0.68,""goal_clearance_m"":0.68,""max_segment_speed"":0.406,""max_segment_accel"":0.0,""monotonic_goal_progress"":true,""smoothness_score"":1.0,""passed"":true,""goal_match"":true,""in_workspace"":true,""nominal_dt_s"":2.0,""failed_constraints"":[],""thresholds"":{""min_clearance_m"":0.4,""max_segment_speed"":1.5,""max_segment_accel"":1.5,""goal_tolerance_m"":0.05,""progress_tolerance_m"":0.001},""feedback_table"":""| Metric | Value | Required | Status |\n|---|---:|---:|---|\n| in_workspace | True | true | PASS |\n| goal_clearance | 0.680 | >= 0.400 | PASS |\n| collision_free | True | true | PASS |\n| min_clearance_m | 0.680 | >= 0.400 | PASS |\n| goal_match | True | true | PASS |\n| monotonic_goal_progress | True | true | PASS |\n| max_segment_speed | 0.406 | <= 1.500 | PASS |\n| max_segment_accel | 0.000 | <= 1.500 | PASS |""}","{""collision_free"":true,""min_clearance_m"":0.68,""goal_clearance_m"":0.68,""max_segment_speed"":0.406,""max_segment_accel"":0.0,""monotonic_goal_progress"":true,""smoothness_score"":1.0,""passed"":true,""goal_match"":true,""in_workspace"":true,""nominal_dt_s"":2.0,""failed_constraints"":[],""thresholds"":{""min_clearance_m"":0.4,""max_segment_speed"":1.5,""max_segment_accel"":1.5,""goal_tolerance_m"":0.05,""progress_tolerance_m"":0.001},""feedback_table"":""| Metric | Value | Required | Status |\n|---|---:|---:|---|\n| in_workspace | True | true | PASS |\n| goal_clearance | 0.680 | >= 0.400 | PASS |\n| collision_free | True | true | PASS |\n| min_clearance_m | 0.680 | >= 0.400 | PASS |\n| goal_match | True | true | PASS |\n| monotonic_goal_progress | True | true | PASS |\n| max_segment_speed | 0.406 | <= 1.500 | PASS |\n| max_segment_accel | 0.000 | <= 1.500 | PASS |""}","{""waypoints"":[{""x"":1.34,""y"":3.78,""z"":-0.25},{""x"":1.9025,""y"":3.195,""z"":-0.25},{""x"":2.465,""y"":2.61,""z"":-0.25},{""x"":3.0275,""y"":2.025,""z"":-0.25},{""x"":3.59,""y"":1.44,""z"":-0.25}],""durations"":[1.623121991718429,1.6231219917184287,1.623121991718429,1.623121991718429],""samples"":[{""t"":0.0,""x"":[1.34,3.78,0.0,-0.0],""u"":[0.0,-0.0]},{""t"":0.1,""x"":[1.340256,3.779734,0.007657,-0.007964],""u"":[0.146116,-0.151961]},{""t"":0.2,""x"":[1.342027,3.777892,0.030143,-0.031349],""u"":[0.29846,-0.310398]},{""t"":0.3,""x"":[1.346735,3.772996,0.066118,-0.068762],""u"":[0.448822,-0.466774]},{""t"":0.4,""x"":[1.355634,3.763741,0.113581,-0.118124],""u"":[0.590078,-0.613681]},{""t"":0.5,""x"":[1.369752,3.749058,0.17006,-0.176863],""u"":[0.716216,-0.744864]},{""t"":0.6,""x"":[1.389854,3.728152,0.232771,-0.242082],""u"":[0.822342,-0.855236]},{""t"":0.7,""x"":[1.416416,3.700528,0.298771,-0.310722],""u"":[0.90467,-0.940856]},{""t"":0.8,""x"":[1.449618,3.665997,0.365085,-0.379688],""u"":[0.960491,-0.998911]},{""t"":0.9,""x"":[1.489347,3.62468,0.428821,-0.445974],""u"":[0.988133,-1.027658]},{""t"":1.0,""x"":[1.535206,3.576986,0.487267,-0.506758],""u"":[0.986892,-1.026367]},{""t"":1.1,""x"":[1.586542,3.523597,0.537969,-0.559488],""u"":[0.956956,-0.995234]},{""t"":1.2,""x"":[1.64247,3.465431,0.57879,-0.601942],""u"":[0.899304,-0.935276]},{""t"":1.3,""x"":[1.701911,3.403613,0.607954,-0.632272],""u"":[0.815594,-0.848217]},{""t"":1.4,""x"":[1.763625,3.33943,0.624074,-0.649037],""u"":[0.708026,-0.736347]},{""t"":1.5,""x"":[1.826257,3.274293,0.626159,-0.651205],""u"":[0.579194,-0.602362]},{""t"":1.6,""x"":[1.888369,3.209696,0.613603,-0.638147],""u"":[0.431919,-0.449196]},{""t"":1.723122,""x"":[1.962121,3.132994,0.583188,-0.606516],""u"":[0.334719,-0.348108]},{""t"":1.823122,""x"":[2.019011,3.073828,0.554012,-0.576173],""u"":[0.272608,-0.283513]},{""t"":1.923122,""x"":[2.07281,3.017877,0.521447,-0.542305],""u"":[0.211662,-0.220128]},{""t"":2.023122,""x"":[2.123207,2.965464,0.486086,-0.505529],""u"":[0.154076,-0.160239]},{""t"":2.123122,""x"":[2.169959,2.916843,0.448674,-0.466621],""u"":[0.101782,-0.105853]},{""t"":2.223122,""x"":[2.212902,2.872182,0.410068,-0.426471],""u"":[0.056428,-0.058685]},{""t"":2.323122,""x"":[2.251963,2.831558,0.371188,-0.386036],""u"":[0.019375,-0.02015]},{""t"":2.423122,""x"":[2.287163,2.794951,0.332988,-0.346307],""u"":[-0.008311,0.008643]},{""t"":2.523122,""x"":[2.318615,2.76224,0.296415,-0.308271],""u"":[-0.025862,0.026897]},{""t"":2.623122,""x"":[2.34653,2.733208,0.262383,-0.272878],""u"":[-0.032806,0.034118]},{""t"":2.723122,""x"":[2.371205,2.707547,0.231745,-0.241014],""u"":[-0.028962,0.03012]},{""t"":2.823122,""x"":[2.393018,2.684861,0.205267,-0.213478],""u"":[-0.014432,0.015009]},{""t"":2.923122,""x"":[2.412419,2.664684,0.183612,-0.190957],""u"":[0.010412,-0.010828]},{""t"":3.023122,""x"":[2.42992,2.646484,0.167321,-0.174014],""u"":[0.044939,-0.046737]},{""t"":3.123122,""x"":[2.446076,2.629681,0.1568,-0.163072],""u"":[0.088284,-0.091816]},{""t"":3.223122,""x"":[2.461481,2.61366,0.15231,-0.158403],""u"":[0.139365,-0.144939]},{""t"":3.346244,""x"":[2.480317,2.59407,0.155219,-0.161428],""u"":[0.210988,-0.219427]},{""t"":3.446244,""x"":[2.496246,2.577504,0.164364,-0.170939],""u"":[0.274514,-0.285495]},{""t"":3.546244,""x"":[2.513385,2.55968,0.179352,-0.186526],""u"":[0.341141,-0.354787]},{""t"":3.646244,""x"":[2.532299,2.540009,0.19981,-0.207802],""u"":[0.409204,-0.425572]},{""t"":3.746244,""x"":[2.553512,2.517947,0.225227,-0.234236],""u"":[0.476996,-0.496076]},{""t"":3.846244,""x"":[2.577489,2.493012,0.254968,-0.265166],""u"":[0.542812,-0.564525]},{""t"":3.946244,""x"":[2.604625,2.46479,0.288288,-0.299819],""u"":[0.604998,-0.629198]},{""t"":4.046244,""x"":[2.635238,2.432952,0.324353,-0.337327],""u"":[0.661998,-0.688477]},{""t"":4.146244,""x"":[2.669557,2.397261,0.36226,-0.376751],""u"":[0.712413,-0.740909]},{""t"":4.246244,""x"":[2.70772,2.357571,0.401068,-0.417111],""u"":[0.755057,-0.785259]},{""t"":4.346244,""x"":[2.749769,2.31384,0.439821,-0.457414],""u"":[0.789019,-0.82058]},{""t"":4.446244,""x"":[2.795651,2.266123,0.477588,-0.496691],""u"":[0.813726,-0.846275]},{""t"":4.546244,""x"":[2.845224,2.214567,0.513494,-0.534034],""u"":[0.829015,-0.862176]},{""t"":4.646244,""x"":[2.898262,2.159407,0.546765,-0.568636],""u"":[0.835201,-0.86861]},{""t"":4.746244,""x"":[2.954468,2.100953,0.576768,-0.599838],""u"":[0.833157,-0.866483]},{""t"":4.846244,""x"":[3.013492,2.039569,0.603059,-0.627182],""u"":[0.824386,-0.857362]},{""t"":4.969366,""x"":[3.089282,1.960747,0.624571,-0.649554],""u"":[0.702467,-0.730566]},{""t"":5.069366,""x"":[3.151923,1.8956,0.625832,-0.650865],""u"":[0.571637,-0.594503]},{""t"":5.169366,""x"":[3.213974,1.831067,0.612883,-0.637399],""u"":[0.433014,-0.450334]},{""t"":5.269366,""x"":[3.274056,1.768582,0.586626,-0.610091],""u"":[0.291061,-0.302703]},{""t"":5.369366,""x"":[3.330898,1.709466,0.548357,-0.570291],""u"":[0.150676,-0.156703]},{""t"":5.469366,""x"":[3.383382,1.654882,0.499762,-0.519753],""u"":[0.017028,-0.01771]},{""t"":5.569366,""x"":[3.430575,1.605802,0.442899,-0.460615],""u"":[-0.104621,0.108806]},{""t"":5.669366,""x"":[3.471766,1.562964,0.380153,-0.395359],""u"":[-0.209121,0.217486]},{""t"":5.769366,""x"":[3.506498,1.526842,0.314184,-0.326751],""u"":[-0.291642,0.303308]},{""t"":5.869366,""x"":[3.53459,1.497626,0.247849,-0.257762],""u"":[-0.347912,0.361828]},{""t"":5.969366,""x"":[3.556154,1.4752,0.184112,-0.191477],""u"":[-0.374465,0.389443]},{""t"":6.069366,""x"":[3.571598,1.459138,0.125937,-0.130974],""u"":[-0.36891,0.383667]},{""t"":6.169366,""x"":[3.581622,1.448714,0.076155,-0.079201],""u"":[-0.33022,0.343429]},{""t"":6.269366,""x"":[3.587195,1.442918,0.037326,-0.038819],""u"":[-0.259028,0.269389]},{""t"":6.369366,""x"":[3.589523,1.440496,0.011575,-0.012038],""u"":[-0.157954,0.164272]},{""t"":6.469366,""x"":[3.589997,1.440003,0.000412,-0.000428],""u"":[-0.03194,0.033217]},{""t"":6.492488,""x"":[3.59,1.44,0.0,-0.0],""u"":[0.0,-0.0]}]}","{""waypoints"":[{""x"":1.34,""y"":3.78,""z"":-0.25},{""x"":1.9025,""y"":3.195,""z"":-0.25},{""x"":2.465,""y"":2.61,""z"":-0.25},{""x"":3.0275,""y"":2.025,""z"":-0.25},{""x"":3.59,""y"":1.44,""z"":-0.25}],""durations"":[1.623121991718429,1.6231219917184287,1.623121991718429,1.623121991718429],""samples"":[{""t"":0.0,""x"":[1.34,3.78,0.0,-0.0],""u"":[0.0,-0.0]},{""t"":0.1,""x"":[1.340256,3.779734,0.007657,-0.007964],""u"":[0.146116,-0.151961]},{""t"":0.2,""x"":[1.342027,3.777892,0.030143,-0.031349],""u"":[0.29846,-0.310398]},{""t"":0.3,""x"":[1.346735,3.772996,0.066118,-0.068762],""u"":[0.448822,-0.466774]},{""t"":0.4,""x"":[1.355634,3.763741,0.113581,-0.118124],""u"":[0.590078,-0.613681]},{""t"":0.5,""x"":[1.369752,3.749058,0.17006,-0.176863],""u"":[0.716216,-0.744864]},{""t"":0.6,""x"":[1.389854,3.728152,0.232771,-0.242082],""u"":[0.822342,-0.855236]},{""t"":0.7,""x"":[1.416416,3.700528,0.298771,-0.310722],""u"":[0.90467,-0.940856]},{""t"":0.8,""x"":[1.449618,3.665997,0.365085,-0.379688],""u"":[0.960491,-0.998911]},{""t"":0.9,""x"":[1.489347,3.62468,0.428821,-0.445974],""u"":[0.988133,-1.027658]},{""t"":1.0,""x"":[1.535206,3.576986,0.487267,-0.506758],""u"":[0.986892,-1.026367]},{""t"":1.1,""x"":[1.586542,3.523597,0.537969,-0.559488],""u"":[0.956956,-0.995234]},{""t"":1.2,""x"":[1.64247,3.465431,0.57879,-0.601942],""u"":[0.899304,-0.935276]},{""t"":1.3,""x"":[1.701911,3.403613,0.607954,-0.632272],""u"":[0.815594,-0.848217]},{""t"":1.4,""x"":[1.763625,3.33943,0.624074,-0.649037],""u"":[0.708026,-0.736347]},{""t"":1.5,""x"":[1.826257,3.274293,0.626159,-0.651205],""u"":[0.579194,-0.602362]},{""t"":1.6,""x"":[1.888369,3.209696,0.613603,-0.638147],""u"":[0.431919,-0.449196]},{""t"":1.723122,""x"":[1.962121,3.132994,0.583188,-0.606516],""u"":[0.334719,-0.348108]},{""t"":1.823122,""x"":[2.019011,3.073828,0.554012,-0.576173],""u"":[0.272608,-0.283513]},{""t"":1.923122,""x"":[2.07281,3.017877,0.521447,-0.542305],""u"":[0.211662,-0.220128]},{""t"":2.023122,""x"":[2.123207,2.965464,0.486086,-0.505529],""u"":[0.154076,-0.160239]},{""t"":2.123122,""x"":[2.169959,2.916843,0.448674,-0.466621],""u"":[0.101782,-0.105853]},{""t"":2.223122,""x"":[2.212902,2.872182,0.410068,-0.426471],""u"":[0.056428,-0.058685]},{""t"":2.323122,""x"":[2.251963,2.831558,0.371188,-0.386036],""u"":[0.019375,-0.02015]},{""t"":2.423122,""x"":[2.287163,2.794951,0.332988,-0.346307],""u"":[-0.008311,0.008643]},{""t"":2.523122,""x"":[2.318615,2.76224,0.296415,-0.308271],""u"":[-0.025862,0.026897]},{""t"":2.623122,""x"":[2.34653,2.733208,0.262383,-0.272878],""u"":[-0.032806,0.034118]},{""t"":2.723122,""x"":[2.371205,2.707547,0.231745,-0.241014],""u"":[-0.028962,0.03012]},{""t"":2.823122,""x"":[2.393018,2.684861,0.205267,-0.213478],""u"":[-0.014432,0.015009]},{""t"":2.923122,""x"":[2.412419,2.664684,0.183612,-0.190957],""u"":[0.010412,-0.010828]},{""t"":3.023122,""x"":[2.42992,2.646484,0.167321,-0.174014],""u"":[0.044939,-0.046737]},{""t"":3.123122,""x"":[2.446076,2.629681,0.1568,-0.163072],""u"":[0.088284,-0.091816]},{""t"":3.223122,""x"":[2.461481,2.61366,0.15231,-0.158403],""u"":[0.139365,-0.144939]},{""t"":3.346244,""x"":[2.480317,2.59407,0.155219,-0.161428],""u"":[0.210988,-0.219427]},{""t"":3.446244,""x"":[2.496246,2.577504,0.164364,-0.170939],""u"":[0.274514,-0.285495]},{""t"":3.546244,""x"":[2.513385,2.55968,0.179352,-0.186526],""u"":[0.341141,-0.354787]},{""t"":3.646244,""x"":[2.532299,2.540009,0.19981,-0.207802],""u"":[0.409204,-0.425572]},{""t"":3.746244,""x"":[2.553512,2.517947,0.225227,-0.234236],""u"":[0.476996,-0.496076]},{""t"":3.846244,""x"":[2.577489,2.493012,0.254968,-0.265166],""u"":[0.542812,-0.564525]},{""t"":3.946244,""x"":[2.604625,2.46479,0.288288,-0.299819],""u"":[0.604998,-0.629198]},{""t"":4.046244,""x"":[2.635238,2.432952,0.324353,-0.337327],""u"":[0.661998,-0.688477]},{""t"":4.146244,""x"":[2.669557,2.397261,0.36226,-0.376751],""u"":[0.712413,-0.740909]},{""t"":4.246244,""x"":[2.70772,2.357571,0.401068,-0.417111],""u"":[0.755057,-0.785259]},{""t"":4.346244,""x"":[2.749769,2.31384,0.439821,-0.457414],""u"":[0.789019,-0.82058]},{""t"":4.446244,""x"":[2.795651,2.266123,0.477588,-0.496691],""u"":[0.813726,-0.846275]},{""t"":4.546244,""x"":[2.845224,2.214567,0.513494,-0.534034],""u"":[0.829015,-0.862176]},{""t"":4.646244,""x"":[2.898262,2.159407,0.546765,-0.568636],""u"":[0.835201,-0.86861]},{""t"":4.746244,""x"":[2.954468,2.100953,0.576768,-0.599838],""u"":[0.833157,-0.866483]},{""t"":4.846244,""x"":[3.013492,2.039569,0.603059,-0.627182],""u"":[0.824386,-0.857362]},{""t"":4.969366,""x"":[3.089282,1.960747,0.624571,-0.649554],""u"":[0.702467,-0.730566]},{""t"":5.069366,""x"":[3.151923,1.8956,0.625832,-0.650865],""u"":[0.571637,-0.594503]},{""t"":5.169366,""x"":[3.213974,1.831067,0.612883,-0.637399],""u"":[0.433014,-0.450334]},{""t"":5.269366,""x"":[3.274056,1.768582,0.586626,-0.610091],""u"":[0.291061,-0.302703]},{""t"":5.369366,""x"":[3.330898,1.709466,0.548357,-0.570291],""u"":[0.150676,-0.156703]},{""t"":5.469366,""x"":[3.383382,1.654882,0.499762,-0.519753],""u"":[0.017028,-0.01771]},{""t"":5.569366,""x"":[3.430575,1.605802,0.442899,-0.460615],""u"":[-0.104621,0.108806]},{""t"":5.669366,""x"":[3.471766,1.562964,0.380153,-0.395359],""u"":[-0.209121,0.217486]},{""t"":5.769366,""x"":[3.506498,1.526842,0.314184,-0.326751],""u"":[-0.291642,0.303308]},{""t"":5.869366,""x"":[3.53459,1.497626,0.247849,-0.257762],""u"":[-0.347912,0.361828]},{""t"":5.969366,""x"":[3.556154,1.4752,0.184112,-0.191477],""u"":[-0.374465,0.389443]},{""t"":6.069366,""x"":[3.571598,1.459138,0.125937,-0.130974],""u"":[-0.36891,0.383667]},{""t"":6.169366,""x"":[3.581622,1.448714,0.076155,-0.079201],""u"":[-0.33022,0.343429]},{""t"":6.269366,""x"":[3.587195,1.442918,0.037326,-0.038819],""u"":[-0.259028,0.269389]},{""t"":6.369366,""x"":[3.589523,1.440496,0.011575,-0.012038],""u"":[-0.157954,0.164272]},{""t"":6.469366,""x"":[3.589997,1.440003,0.000412,-0.000428],""u"":[-0.03194,0.033217]},{""t"":6.492488,""x"":[3.59,1.44,0.0,-0.0],""u"":[0.0,-0.0]}]}",0.0,0.0,1.917664,1.663389,0.05,0.05,True,rrt_planner,http://172.22.224.93:8000/v1,"You are an expert UAV pilot/planner. Generate sparse collision-free 2D routing waypoints for a quadrotor in NED frame assuming it is airborne at the provided start location. A separate module will interpolate them and generate dynamically feasible trajectories, so output only high-level waypoints.
Mission state: the UAV has already taken off and is holding hover at the start position. Use this hover position as the first waypoint/reference for planning. Workspace: x=[0.00,4.00]m, y=[0.00,4.00]m, z=-0.25 fixed. Start: (1.34,3.78,-0.25), Goal: (3.59,1.44,-0.25), distance≈3.25m. Obstacles with x-y spans: 1 obstacle: x=[2.26,2.99], y=[0.77,1.12]. 2 obstacle: x=[1.02,1.74], y=[1.01,1.28].
Constraints:
- all waypoints in NED frame, z must stay -0.25
- final waypoint must be goal coordinates
- maintain >=0.40m clearance from obstacle x-y boxes
- stay within workspace
- no waypoint should be within obstacle boxes, walls, or near corners
- prefer sparse, smooth, monotonic progress through open space
- return only the structured output requested by the response model"
