sample_id,prompt,completion,messages,nl_env,start,goal,workspace,obstacles,semantic_policy,semantic_cost,waypoints
0,"You are an expert semantic UAV path planner. Return sparse fixed-altitude NED waypoints that minimize path length plus semantic risk while satisfying every hard collision margin.
Mission state: the UAV is holding hover at the start position. Workspace: x=[-3.00,3.00]m, y=[-3.00,3.00]m, z=-0.25 fixed. Start: (-1.74,0.24,-0.25); goal: (2.29,0.83,-0.25); distance=4.07m. Semantic obstacle boxes: 1 stop_sign: x=[-0.28,-0.02], y=[2.64,2.98]; 2 backpack: x=[-0.16,0.23], y=[-1.08,-0.79]. Semantic policy: backpack: hard margin=0.45m, soft radius=0.65m, risk weight=3.0; stop_sign: hard margin=0.50m, soft radius=0.85m, risk weight=5.0.
Constraints:
- first waypoint exactly equals start and final waypoint exactly equals goal
- return between 2 and 8 waypoints, all inside the workspace at the fixed z
- never enter a hard-margin region; prefer lower accumulated soft semantic risk
- return only the structured output requested by the response model","{""reasoning"":""Semantic Theta* selected a hard-safe any-angle route minimizing distance and label-conditioned risk."",""waypoints"":[{""x"":-1.74,""y"":0.24,""z"":-0.25},{""x"":2.29,""y"":0.83,""z"":-0.25}]}","[{""role"":""user"",""content"":""You are an expert semantic UAV path planner. Return sparse fixed-altitude NED waypoints that minimize path length plus semantic risk while satisfying every hard collision margin.\nMission state: the UAV is holding hover at the start position. Workspace: x=[-3.00,3.00]m, y=[-3.00,3.00]m, z=-0.25 fixed. Start: (-1.74,0.24,-0.25); goal: (2.29,0.83,-0.25); distance=4.07m. Semantic obstacle boxes: 1 stop_sign: x=[-0.28,-0.02], y=[2.64,2.98]; 2 backpack: x=[-0.16,0.23], y=[-1.08,-0.79]. Semantic policy: backpack: hard margin=0.45m, soft radius=0.65m, risk weight=3.0; stop_sign: hard margin=0.50m, soft radius=0.85m, risk weight=5.0.\nConstraints:\n- first waypoint exactly equals start and final waypoint exactly equals goal\n- return between 2 and 8 waypoints, all inside the workspace at the fixed z\n- never enter a hard-margin region; prefer lower accumulated soft semantic risk\n- return only the structured output requested by the response model""},{""role"":""assistant"",""content"":""{\""reasoning\"":\""Semantic Theta* selected a hard-safe any-angle route minimizing distance and label-conditioned risk.\"",\""waypoints\"":[{\""x\"":-1.74,\""y\"":0.24,\""z\"":-0.25},{\""x\"":2.29,\""y\"":0.83,\""z\"":-0.25}]}""}]","Mission state: the UAV is holding hover at the start position. Workspace: x=[-3.00,3.00]m, y=[-3.00,3.00]m, z=-0.25 fixed. Start: (-1.74,0.24,-0.25); goal: (2.29,0.83,-0.25); distance=4.07m. Semantic obstacle boxes: 1 stop_sign: x=[-0.28,-0.02], y=[2.64,2.98]; 2 backpack: x=[-0.16,0.23], y=[-1.08,-0.79]. Semantic policy: backpack: hard margin=0.45m, soft radius=0.65m, risk weight=3.0; stop_sign: hard margin=0.50m, soft radius=0.85m, risk weight=5.0.","{""x"":-1.74,""y"":0.24,""z"":-0.25}","{""x"":2.29,""y"":0.83,""z"":-0.25}","{""x"":[-3.0,3.0],""y"":[-3.0,3.0],""z"":-0.25}","[{""id"":""semantic-1"",""label"":""stop_sign"",""shape"":""box"",""min_corner"":[-0.28,2.64,-1.0],""max_corner"":[-0.02,2.98,0.5],""size"":[0.27,0.34,1.5]},{""id"":""semantic-2"",""label"":""backpack"",""shape"":""box"",""min_corner"":[-0.16,-1.08,-0.53],""max_corner"":[0.23,-0.79,0.03],""size"":[0.39,0.28,0.55]}]","{""person"":{""hard_margin_m"":0.65,""soft_radius_m"":1.2,""risk_weight"":8.0},""chair"":{""hard_margin_m"":0.4,""soft_radius_m"":0.55,""risk_weight"":2.0},""backpack"":{""hard_margin_m"":0.45,""soft_radius_m"":0.65,""risk_weight"":3.0},""bottle"":{""hard_margin_m"":0.4,""soft_radius_m"":0.45,""risk_weight"":2.0},""potted_plant"":{""hard_margin_m"":0.45,""soft_radius_m"":0.7,""risk_weight"":3.0},""bench"":{""hard_margin_m"":0.45,""soft_radius_m"":0.7,""risk_weight"":3.0},""stop_sign"":{""hard_margin_m"":0.5,""soft_radius_m"":0.85,""risk_weight"":5.0},""unknown"":{""hard_margin_m"":0.6,""soft_radius_m"":1.0,""risk_weight"":6.0},""default"":{""hard_margin_m"":0.45,""soft_radius_m"":0.7,""risk_weight"":3.0}}",4.07296,"[{""x"":-1.74,""y"":0.24,""z"":-0.25},{""x"":2.29,""y"":0.83,""z"":-0.25}]"
1,"You are an expert semantic UAV path planner. Return sparse fixed-altitude NED waypoints that minimize path length plus semantic risk while satisfying every hard collision margin.
Mission state: the UAV is holding hover at the start position. Workspace: x=[-3.00,3.00]m, y=[-3.00,3.00]m, z=-0.25 fixed. Start: (-0.40,0.43,-0.25); goal: (2.38,1.43,-0.25); distance=2.95m. Semantic obstacle boxes: none. Semantic policy: No semantic risk fields are active.
Constraints:
- first waypoint exactly equals start and final waypoint exactly equals goal
- return between 2 and 8 waypoints, all inside the workspace at the fixed z
- never enter a hard-margin region; prefer lower accumulated soft semantic risk
- return only the structured output requested by the response model","{""reasoning"":""Semantic Theta* selected a hard-safe any-angle route minimizing distance and label-conditioned risk."",""waypoints"":[{""x"":-0.4,""y"":0.43,""z"":-0.25},{""x"":2.38,""y"":1.43,""z"":-0.25}]}","[{""role"":""user"",""content"":""You are an expert semantic UAV path planner. Return sparse fixed-altitude NED waypoints that minimize path length plus semantic risk while satisfying every hard collision margin.\nMission state: the UAV is holding hover at the start position. Workspace: x=[-3.00,3.00]m, y=[-3.00,3.00]m, z=-0.25 fixed. Start: (-0.40,0.43,-0.25); goal: (2.38,1.43,-0.25); distance=2.95m. Semantic obstacle boxes: none. Semantic policy: No semantic risk fields are active.\nConstraints:\n- first waypoint exactly equals start and final waypoint exactly equals goal\n- return between 2 and 8 waypoints, all inside the workspace at the fixed z\n- never enter a hard-margin region; prefer lower accumulated soft semantic risk\n- return only the structured output requested by the response model""},{""role"":""assistant"",""content"":""{\""reasoning\"":\""Semantic Theta* selected a hard-safe any-angle route minimizing distance and label-conditioned risk.\"",\""waypoints\"":[{\""x\"":-0.4,\""y\"":0.43,\""z\"":-0.25},{\""x\"":2.38,\""y\"":1.43,\""z\"":-0.25}]}""}]","Mission state: the UAV is holding hover at the start position. Workspace: x=[-3.00,3.00]m, y=[-3.00,3.00]m, z=-0.25 fixed. Start: (-0.40,0.43,-0.25); goal: (2.38,1.43,-0.25); distance=2.95m. Semantic obstacle boxes: none. Semantic policy: No semantic risk fields are active.","{""x"":-0.4,""y"":0.43,""z"":-0.25}","{""x"":2.38,""y"":1.43,""z"":-0.25}","{""x"":[-3.0,3.0],""y"":[-3.0,3.0],""z"":-0.25}",[],"{""person"":{""hard_margin_m"":0.65,""soft_radius_m"":1.2,""risk_weight"":8.0},""chair"":{""hard_margin_m"":0.4,""soft_radius_m"":0.55,""risk_weight"":2.0},""backpack"":{""hard_margin_m"":0.45,""soft_radius_m"":0.65,""risk_weight"":3.0},""bottle"":{""hard_margin_m"":0.4,""soft_radius_m"":0.45,""risk_weight"":2.0},""potted_plant"":{""hard_margin_m"":0.45,""soft_radius_m"":0.7,""risk_weight"":3.0},""bench"":{""hard_margin_m"":0.45,""soft_radius_m"":0.7,""risk_weight"":3.0},""stop_sign"":{""hard_margin_m"":0.5,""soft_radius_m"":0.85,""risk_weight"":5.0},""unknown"":{""hard_margin_m"":0.6,""soft_radius_m"":1.0,""risk_weight"":6.0},""default"":{""hard_margin_m"":0.45,""soft_radius_m"":0.7,""risk_weight"":3.0}}",2.954387,"[{""x"":-0.4,""y"":0.43,""z"":-0.25},{""x"":2.38,""y"":1.43,""z"":-0.25}]"
2,"You are an expert semantic UAV path planner. Return sparse fixed-altitude NED waypoints that minimize path length plus semantic risk while satisfying every hard collision margin.
Mission state: the UAV is holding hover at the start position. Workspace: x=[-3.00,3.00]m, y=[-3.00,3.00]m, z=-0.25 fixed. Start: (2.76,-0.75,-0.25); goal: (1.65,2.21,-0.25); distance=3.16m. Semantic obstacle boxes: 1 chair: x=[-0.15,0.44], y=[-1.11,-0.37]. Semantic policy: chair: hard margin=0.40m, soft radius=0.55m, risk weight=2.0.
Constraints:
- first waypoint exactly equals start and final waypoint exactly equals goal
- return between 2 and 8 waypoints, all inside the workspace at the fixed z
- never enter a hard-margin region; prefer lower accumulated soft semantic risk
- return only the structured output requested by the response model","{""reasoning"":""Semantic Theta* selected a hard-safe any-angle route minimizing distance and label-conditioned risk."",""waypoints"":[{""x"":2.76,""y"":-0.75,""z"":-0.25},{""x"":1.65,""y"":2.21,""z"":-0.25}]}","[{""role"":""user"",""content"":""You are an expert semantic UAV path planner. Return sparse fixed-altitude NED waypoints that minimize path length plus semantic risk while satisfying every hard collision margin.\nMission state: the UAV is holding hover at the start position. Workspace: x=[-3.00,3.00]m, y=[-3.00,3.00]m, z=-0.25 fixed. Start: (2.76,-0.75,-0.25); goal: (1.65,2.21,-0.25); distance=3.16m. Semantic obstacle boxes: 1 chair: x=[-0.15,0.44], y=[-1.11,-0.37]. Semantic policy: chair: hard margin=0.40m, soft radius=0.55m, risk weight=2.0.\nConstraints:\n- first waypoint exactly equals start and final waypoint exactly equals goal\n- return between 2 and 8 waypoints, all inside the workspace at the fixed z\n- never enter a hard-margin region; prefer lower accumulated soft semantic risk\n- return only the structured output requested by the response model""},{""role"":""assistant"",""content"":""{\""reasoning\"":\""Semantic Theta* selected a hard-safe any-angle route minimizing distance and label-conditioned risk.\"",\""waypoints\"":[{\""x\"":2.76,\""y\"":-0.75,\""z\"":-0.25},{\""x\"":1.65,\""y\"":2.21,\""z\"":-0.25}]}""}]","Mission state: the UAV is holding hover at the start position. Workspace: x=[-3.00,3.00]m, y=[-3.00,3.00]m, z=-0.25 fixed. Start: (2.76,-0.75,-0.25); goal: (1.65,2.21,-0.25); distance=3.16m. Semantic obstacle boxes: 1 chair: x=[-0.15,0.44], y=[-1.11,-0.37]. Semantic policy: chair: hard margin=0.40m, soft radius=0.55m, risk weight=2.0.","{""x"":2.76,""y"":-0.75,""z"":-0.25}","{""x"":1.65,""y"":2.21,""z"":-0.25}","{""x"":[-3.0,3.0],""y"":[-3.0,3.0],""z"":-0.25}","[{""id"":""semantic-1"",""label"":""chair"",""shape"":""box"",""min_corner"":[-0.15,-1.11,-0.7],""max_corner"":[0.44,-0.37,0.2],""size"":[0.59,0.74,0.9]}]","{""person"":{""hard_margin_m"":0.65,""soft_radius_m"":1.2,""risk_weight"":8.0},""chair"":{""hard_margin_m"":0.4,""soft_radius_m"":0.55,""risk_weight"":2.0},""backpack"":{""hard_margin_m"":0.45,""soft_radius_m"":0.65,""risk_weight"":3.0},""bottle"":{""hard_margin_m"":0.4,""soft_radius_m"":0.45,""risk_weight"":2.0},""potted_plant"":{""hard_margin_m"":0.45,""soft_radius_m"":0.7,""risk_weight"":3.0},""bench"":{""hard_margin_m"":0.45,""soft_radius_m"":0.7,""risk_weight"":3.0},""stop_sign"":{""hard_margin_m"":0.5,""soft_radius_m"":0.85,""risk_weight"":5.0},""unknown"":{""hard_margin_m"":0.6,""soft_radius_m"":1.0,""risk_weight"":6.0},""default"":{""hard_margin_m"":0.45,""soft_radius_m"":0.7,""risk_weight"":3.0}}",3.161281,"[{""x"":2.76,""y"":-0.75,""z"":-0.25},{""x"":1.65,""y"":2.21,""z"":-0.25}]"
3,"You are an expert semantic UAV path planner. Return sparse fixed-altitude NED waypoints that minimize path length plus semantic risk while satisfying every hard collision margin.
Mission state: the UAV is holding hover at the start position. Workspace: x=[-3.00,3.00]m, y=[-3.00,3.00]m, z=-0.25 fixed. Start: (-1.40,1.72,-0.25); goal: (-1.84,0.62,-0.25); distance=1.18m. Semantic obstacle boxes: 1 backpack: x=[-1.02,-0.72], y=[-2.02,-1.76]; 2 chair: x=[-1.56,-0.84], y=[-2.95,-2.34]; 3 bench: x=[-0.52,0.24], y=[-2.70,-2.22]; 4 bottle: x=[2.76,2.92], y=[2.34,2.47]. Semantic policy: backpack: hard margin=0.45m, soft radius=0.65m, risk weight=3.0; bench: hard margin=0.45m, soft radius=0.70m, risk weight=3.0; bottle: hard margin=0.40m, soft radius=0.45m, risk weight=2.0; chair: hard margin=0.40m, soft radius=0.55m, risk weight=2.0.
Constraints:
- first waypoint exactly equals start and final waypoint exactly equals goal
- return between 2 and 8 waypoints, all inside the workspace at the fixed z
- never enter a hard-margin region; prefer lower accumulated soft semantic risk
- return only the structured output requested by the response model","{""reasoning"":""Semantic Theta* selected a hard-safe any-angle route minimizing distance and label-conditioned risk."",""waypoints"":[{""x"":-1.4,""y"":1.72,""z"":-0.25},{""x"":-1.84,""y"":0.62,""z"":-0.25}]}","[{""role"":""user"",""content"":""You are an expert semantic UAV path planner. Return sparse fixed-altitude NED waypoints that minimize path length plus semantic risk while satisfying every hard collision margin.\nMission state: the UAV is holding hover at the start position. Workspace: x=[-3.00,3.00]m, y=[-3.00,3.00]m, z=-0.25 fixed. Start: (-1.40,1.72,-0.25); goal: (-1.84,0.62,-0.25); distance=1.18m. Semantic obstacle boxes: 1 backpack: x=[-1.02,-0.72], y=[-2.02,-1.76]; 2 chair: x=[-1.56,-0.84], y=[-2.95,-2.34]; 3 bench: x=[-0.52,0.24], y=[-2.70,-2.22]; 4 bottle: x=[2.76,2.92], y=[2.34,2.47]. Semantic policy: backpack: hard margin=0.45m, soft radius=0.65m, risk weight=3.0; bench: hard margin=0.45m, soft radius=0.70m, risk weight=3.0; bottle: hard margin=0.40m, soft radius=0.45m, risk weight=2.0; chair: hard margin=0.40m, soft radius=0.55m, risk weight=2.0.\nConstraints:\n- first waypoint exactly equals start and final waypoint exactly equals goal\n- return between 2 and 8 waypoints, all inside the workspace at the fixed z\n- never enter a hard-margin region; prefer lower accumulated soft semantic risk\n- return only the structured output requested by the response model""},{""role"":""assistant"",""content"":""{\""reasoning\"":\""Semantic Theta* selected a hard-safe any-angle route minimizing distance and label-conditioned risk.\"",\""waypoints\"":[{\""x\"":-1.4,\""y\"":1.72,\""z\"":-0.25},{\""x\"":-1.84,\""y\"":0.62,\""z\"":-0.25}]}""}]","Mission state: the UAV is holding hover at the start position. Workspace: x=[-3.00,3.00]m, y=[-3.00,3.00]m, z=-0.25 fixed. Start: (-1.40,1.72,-0.25); goal: (-1.84,0.62,-0.25); distance=1.18m. Semantic obstacle boxes: 1 backpack: x=[-1.02,-0.72], y=[-2.02,-1.76]; 2 chair: x=[-1.56,-0.84], y=[-2.95,-2.34]; 3 bench: x=[-0.52,0.24], y=[-2.70,-2.22]; 4 bottle: x=[2.76,2.92], y=[2.34,2.47]. Semantic policy: backpack: hard margin=0.45m, soft radius=0.65m, risk weight=3.0; bench: hard margin=0.45m, soft radius=0.70m, risk weight=3.0; bottle: hard margin=0.40m, soft radius=0.45m, risk weight=2.0; chair: hard margin=0.40m, soft radius=0.55m, risk weight=2.0.","{""x"":-1.4,""y"":1.72,""z"":-0.25}","{""x"":-1.84,""y"":0.62,""z"":-0.25}","{""x"":[-3.0,3.0],""y"":[-3.0,3.0],""z"":-0.25}","[{""id"":""semantic-1"",""label"":""backpack"",""shape"":""box"",""min_corner"":[-1.02,-2.02,-0.53],""max_corner"":[-0.72,-1.76,0.03],""size"":[0.3,0.26,0.55]},{""id"":""semantic-2"",""label"":""chair"",""shape"":""box"",""min_corner"":[-1.56,-2.95,-0.7],""max_corner"":[-0.84,-2.34,0.2],""size"":[0.72,0.6,0.9]},{""id"":""semantic-3"",""label"":""bench"",""shape"":""box"",""min_corner"":[-0.52,-2.7,-0.6],""max_corner"":[0.24,-2.22,0.1],""size"":[0.76,0.49,0.7]},{""id"":""semantic-4"",""label"":""bottle"",""shape"":""box"",""min_corner"":[2.76,2.34,-0.42],""max_corner"":[2.92,2.47,-0.08],""size"":[0.16,0.13,0.35]}]","{""person"":{""hard_margin_m"":0.65,""soft_radius_m"":1.2,""risk_weight"":8.0},""chair"":{""hard_margin_m"":0.4,""soft_radius_m"":0.55,""risk_weight"":2.0},""backpack"":{""hard_margin_m"":0.45,""soft_radius_m"":0.65,""risk_weight"":3.0},""bottle"":{""hard_margin_m"":0.4,""soft_radius_m"":0.45,""risk_weight"":2.0},""potted_plant"":{""hard_margin_m"":0.45,""soft_radius_m"":0.7,""risk_weight"":3.0},""bench"":{""hard_margin_m"":0.45,""soft_radius_m"":0.7,""risk_weight"":3.0},""stop_sign"":{""hard_margin_m"":0.5,""soft_radius_m"":0.85,""risk_weight"":5.0},""unknown"":{""hard_margin_m"":0.6,""soft_radius_m"":1.0,""risk_weight"":6.0},""default"":{""hard_margin_m"":0.45,""soft_radius_m"":0.7,""risk_weight"":3.0}}",1.184736,"[{""x"":-1.4,""y"":1.72,""z"":-0.25},{""x"":-1.84,""y"":0.62,""z"":-0.25}]"
4,"You are an expert semantic UAV path planner. Return sparse fixed-altitude NED waypoints that minimize path length plus semantic risk while satisfying every hard collision margin.
Mission state: the UAV is holding hover at the start position. Workspace: x=[-3.00,3.00]m, y=[-3.00,3.00]m, z=-0.25 fixed. Start: (-2.88,0.39,-0.25); goal: (1.12,-0.58,-0.25); distance=4.12m. Semantic obstacle boxes: 1 stop_sign: x=[2.49,2.78], y=[0.82,1.17]; 2 bottle: x=[-1.21,-1.08], y=[2.12,2.37]; 3 bench: x=[1.52,2.64], y=[-2.47,-2.16]; 4 potted_plant: x=[-0.82,-0.22], y=[-2.59,-2.06]. Semantic policy: bench: hard margin=0.45m, soft radius=0.70m, risk weight=3.0; bottle: hard margin=0.40m, soft radius=0.45m, risk weight=2.0; potted_plant: hard margin=0.45m, soft radius=0.70m, risk weight=3.0; stop_sign: hard margin=0.50m, soft radius=0.85m, risk weight=5.0.
Constraints:
- first waypoint exactly equals start and final waypoint exactly equals goal
- return between 2 and 8 waypoints, all inside the workspace at the fixed z
- never enter a hard-margin region; prefer lower accumulated soft semantic risk
- return only the structured output requested by the response model","{""reasoning"":""Semantic Theta* selected a hard-safe any-angle route minimizing distance and label-conditioned risk."",""waypoints"":[{""x"":-2.88,""y"":0.39,""z"":-0.25},{""x"":1.12,""y"":-0.58,""z"":-0.25}]}","[{""role"":""user"",""content"":""You are an expert semantic UAV path planner. Return sparse fixed-altitude NED waypoints that minimize path length plus semantic risk while satisfying every hard collision margin.\nMission state: the UAV is holding hover at the start position. Workspace: x=[-3.00,3.00]m, y=[-3.00,3.00]m, z=-0.25 fixed. Start: (-2.88,0.39,-0.25); goal: (1.12,-0.58,-0.25); distance=4.12m. Semantic obstacle boxes: 1 stop_sign: x=[2.49,2.78], y=[0.82,1.17]; 2 bottle: x=[-1.21,-1.08], y=[2.12,2.37]; 3 bench: x=[1.52,2.64], y=[-2.47,-2.16]; 4 potted_plant: x=[-0.82,-0.22], y=[-2.59,-2.06]. Semantic policy: bench: hard margin=0.45m, soft radius=0.70m, risk weight=3.0; bottle: hard margin=0.40m, soft radius=0.45m, risk weight=2.0; potted_plant: hard margin=0.45m, soft radius=0.70m, risk weight=3.0; stop_sign: hard margin=0.50m, soft radius=0.85m, risk weight=5.0.\nConstraints:\n- first waypoint exactly equals start and final waypoint exactly equals goal\n- return between 2 and 8 waypoints, all inside the workspace at the fixed z\n- never enter a hard-margin region; prefer lower accumulated soft semantic risk\n- return only the structured output requested by the response model""},{""role"":""assistant"",""content"":""{\""reasoning\"":\""Semantic Theta* selected a hard-safe any-angle route minimizing distance and label-conditioned risk.\"",\""waypoints\"":[{\""x\"":-2.88,\""y\"":0.39,\""z\"":-0.25},{\""x\"":1.12,\""y\"":-0.58,\""z\"":-0.25}]}""}]","Mission state: the UAV is holding hover at the start position. Workspace: x=[-3.00,3.00]m, y=[-3.00,3.00]m, z=-0.25 fixed. Start: (-2.88,0.39,-0.25); goal: (1.12,-0.58,-0.25); distance=4.12m. Semantic obstacle boxes: 1 stop_sign: x=[2.49,2.78], y=[0.82,1.17]; 2 bottle: x=[-1.21,-1.08], y=[2.12,2.37]; 3 bench: x=[1.52,2.64], y=[-2.47,-2.16]; 4 potted_plant: x=[-0.82,-0.22], y=[-2.59,-2.06]. Semantic policy: bench: hard margin=0.45m, soft radius=0.70m, risk weight=3.0; bottle: hard margin=0.40m, soft radius=0.45m, risk weight=2.0; potted_plant: hard margin=0.45m, soft radius=0.70m, risk weight=3.0; stop_sign: hard margin=0.50m, soft radius=0.85m, risk weight=5.0.","{""x"":-2.88,""y"":0.39,""z"":-0.25}","{""x"":1.12,""y"":-0.58,""z"":-0.25}","{""x"":[-3.0,3.0],""y"":[-3.0,3.0],""z"":-0.25}","[{""id"":""semantic-1"",""label"":""stop_sign"",""shape"":""box"",""min_corner"":[2.49,0.82,-1.0],""max_corner"":[2.78,1.17,0.5],""size"":[0.29,0.35,1.5]},{""id"":""semantic-2"",""label"":""bottle"",""shape"":""box"",""min_corner"":[-1.21,2.12,-0.42],""max_corner"":[-1.08,2.37,-0.08],""size"":[0.13,0.25,0.35]},{""id"":""semantic-3"",""label"":""bench"",""shape"":""box"",""min_corner"":[1.52,-2.47,-0.6],""max_corner"":[2.64,-2.16,0.1],""size"":[1.11,0.31,0.7]},{""id"":""semantic-4"",""label"":""potted_plant"",""shape"":""box"",""min_corner"":[-0.82,-2.59,-0.7],""max_corner"":[-0.22,-2.06,0.2],""size"":[0.59,0.53,0.9]}]","{""person"":{""hard_margin_m"":0.65,""soft_radius_m"":1.2,""risk_weight"":8.0},""chair"":{""hard_margin_m"":0.4,""soft_radius_m"":0.55,""risk_weight"":2.0},""backpack"":{""hard_margin_m"":0.45,""soft_radius_m"":0.65,""risk_weight"":3.0},""bottle"":{""hard_margin_m"":0.4,""soft_radius_m"":0.45,""risk_weight"":2.0},""potted_plant"":{""hard_margin_m"":0.45,""soft_radius_m"":0.7,""risk_weight"":3.0},""bench"":{""hard_margin_m"":0.45,""soft_radius_m"":0.7,""risk_weight"":3.0},""stop_sign"":{""hard_margin_m"":0.5,""soft_radius_m"":0.85,""risk_weight"":5.0},""unknown"":{""hard_margin_m"":0.6,""soft_radius_m"":1.0,""risk_weight"":6.0},""default"":{""hard_margin_m"":0.45,""soft_radius_m"":0.7,""risk_weight"":3.0}}",4.115932,"[{""x"":-2.88,""y"":0.39,""z"":-0.25},{""x"":1.12,""y"":-0.58,""z"":-0.25}]"
5,"You are an expert semantic UAV path planner. Return sparse fixed-altitude NED waypoints that minimize path length plus semantic risk while satisfying every hard collision margin.
Mission state: the UAV is holding hover at the start position. Workspace: x=[-3.00,3.00]m, y=[-3.00,3.00]m, z=-0.25 fixed. Start: (-2.49,0.82,-0.25); goal: (-1.55,0.19,-0.25); distance=1.13m. Semantic obstacle boxes: 1 backpack: x=[1.96,2.37], y=[0.40,0.61]; 2 unknown: x=[0.50,0.91], y=[-2.57,-2.07]. Semantic policy: backpack: hard margin=0.45m, soft radius=0.65m, risk weight=3.0; unknown: hard margin=0.60m, soft radius=1.00m, risk weight=6.0.
Constraints:
- first waypoint exactly equals start and final waypoint exactly equals goal
- return between 2 and 8 waypoints, all inside the workspace at the fixed z
- never enter a hard-margin region; prefer lower accumulated soft semantic risk
- return only the structured output requested by the response model","{""reasoning"":""Semantic Theta* selected a hard-safe any-angle route minimizing distance and label-conditioned risk."",""waypoints"":[{""x"":-2.49,""y"":0.82,""z"":-0.25},{""x"":-1.55,""y"":0.19,""z"":-0.25}]}","[{""role"":""user"",""content"":""You are an expert semantic UAV path planner. Return sparse fixed-altitude NED waypoints that minimize path length plus semantic risk while satisfying every hard collision margin.\nMission state: the UAV is holding hover at the start position. Workspace: x=[-3.00,3.00]m, y=[-3.00,3.00]m, z=-0.25 fixed. Start: (-2.49,0.82,-0.25); goal: (-1.55,0.19,-0.25); distance=1.13m. Semantic obstacle boxes: 1 backpack: x=[1.96,2.37], y=[0.40,0.61]; 2 unknown: x=[0.50,0.91], y=[-2.57,-2.07]. Semantic policy: backpack: hard margin=0.45m, soft radius=0.65m, risk weight=3.0; unknown: hard margin=0.60m, soft radius=1.00m, risk weight=6.0.\nConstraints:\n- first waypoint exactly equals start and final waypoint exactly equals goal\n- return between 2 and 8 waypoints, all inside the workspace at the fixed z\n- never enter a hard-margin region; prefer lower accumulated soft semantic risk\n- return only the structured output requested by the response model""},{""role"":""assistant"",""content"":""{\""reasoning\"":\""Semantic Theta* selected a hard-safe any-angle route minimizing distance and label-conditioned risk.\"",\""waypoints\"":[{\""x\"":-2.49,\""y\"":0.82,\""z\"":-0.25},{\""x\"":-1.55,\""y\"":0.19,\""z\"":-0.25}]}""}]","Mission state: the UAV is holding hover at the start position. Workspace: x=[-3.00,3.00]m, y=[-3.00,3.00]m, z=-0.25 fixed. Start: (-2.49,0.82,-0.25); goal: (-1.55,0.19,-0.25); distance=1.13m. Semantic obstacle boxes: 1 backpack: x=[1.96,2.37], y=[0.40,0.61]; 2 unknown: x=[0.50,0.91], y=[-2.57,-2.07]. Semantic policy: backpack: hard margin=0.45m, soft radius=0.65m, risk weight=3.0; unknown: hard margin=0.60m, soft radius=1.00m, risk weight=6.0.","{""x"":-2.49,""y"":0.82,""z"":-0.25}","{""x"":-1.55,""y"":0.19,""z"":-0.25}","{""x"":[-3.0,3.0],""y"":[-3.0,3.0],""z"":-0.25}","[{""id"":""semantic-1"",""label"":""backpack"",""shape"":""box"",""min_corner"":[1.96,0.4,-0.53],""max_corner"":[2.37,0.61,0.03],""size"":[0.41,0.21,0.55]},{""id"":""semantic-2"",""label"":""unknown"",""shape"":""box"",""min_corner"":[0.5,-2.57,-0.75],""max_corner"":[0.91,-2.07,0.25],""size"":[0.41,0.5,1.0]}]","{""person"":{""hard_margin_m"":0.65,""soft_radius_m"":1.2,""risk_weight"":8.0},""chair"":{""hard_margin_m"":0.4,""soft_radius_m"":0.55,""risk_weight"":2.0},""backpack"":{""hard_margin_m"":0.45,""soft_radius_m"":0.65,""risk_weight"":3.0},""bottle"":{""hard_margin_m"":0.4,""soft_radius_m"":0.45,""risk_weight"":2.0},""potted_plant"":{""hard_margin_m"":0.45,""soft_radius_m"":0.7,""risk_weight"":3.0},""bench"":{""hard_margin_m"":0.45,""soft_radius_m"":0.7,""risk_weight"":3.0},""stop_sign"":{""hard_margin_m"":0.5,""soft_radius_m"":0.85,""risk_weight"":5.0},""unknown"":{""hard_margin_m"":0.6,""soft_radius_m"":1.0,""risk_weight"":6.0},""default"":{""hard_margin_m"":0.45,""soft_radius_m"":0.7,""risk_weight"":3.0}}",1.131592,"[{""x"":-2.49,""y"":0.82,""z"":-0.25},{""x"":-1.55,""y"":0.19,""z"":-0.25}]"
6,"You are an expert semantic UAV path planner. Return sparse fixed-altitude NED waypoints that minimize path length plus semantic risk while satisfying every hard collision margin.
Mission state: the UAV is holding hover at the start position. Workspace: x=[-3.00,3.00]m, y=[-3.00,3.00]m, z=-0.25 fixed. Start: (-0.24,-1.69,-0.25); goal: (-0.10,1.92,-0.25); distance=3.61m. Semantic obstacle boxes: 1 person: x=[-2.07,-1.56], y=[2.26,2.81]; 2 bottle: x=[2.79,2.99], y=[1.40,1.57]. Semantic policy: bottle: hard margin=0.40m, soft radius=0.45m, risk weight=2.0; person: hard margin=0.65m, soft radius=1.20m, risk weight=8.0.
Constraints:
- first waypoint exactly equals start and final waypoint exactly equals goal
- return between 2 and 8 waypoints, all inside the workspace at the fixed z
- never enter a hard-margin region; prefer lower accumulated soft semantic risk
- return only the structured output requested by the response model","{""reasoning"":""Semantic Theta* selected a hard-safe any-angle route minimizing distance and label-conditioned risk."",""waypoints"":[{""x"":-0.24,""y"":-1.69,""z"":-0.25},{""x"":-0.1,""y"":1.92,""z"":-0.25}]}","[{""role"":""user"",""content"":""You are an expert semantic UAV path planner. Return sparse fixed-altitude NED waypoints that minimize path length plus semantic risk while satisfying every hard collision margin.\nMission state: the UAV is holding hover at the start position. Workspace: x=[-3.00,3.00]m, y=[-3.00,3.00]m, z=-0.25 fixed. Start: (-0.24,-1.69,-0.25); goal: (-0.10,1.92,-0.25); distance=3.61m. Semantic obstacle boxes: 1 person: x=[-2.07,-1.56], y=[2.26,2.81]; 2 bottle: x=[2.79,2.99], y=[1.40,1.57]. Semantic policy: bottle: hard margin=0.40m, soft radius=0.45m, risk weight=2.0; person: hard margin=0.65m, soft radius=1.20m, risk weight=8.0.\nConstraints:\n- first waypoint exactly equals start and final waypoint exactly equals goal\n- return between 2 and 8 waypoints, all inside the workspace at the fixed z\n- never enter a hard-margin region; prefer lower accumulated soft semantic risk\n- return only the structured output requested by the response model""},{""role"":""assistant"",""content"":""{\""reasoning\"":\""Semantic Theta* selected a hard-safe any-angle route minimizing distance and label-conditioned risk.\"",\""waypoints\"":[{\""x\"":-0.24,\""y\"":-1.69,\""z\"":-0.25},{\""x\"":-0.1,\""y\"":1.92,\""z\"":-0.25}]}""}]","Mission state: the UAV is holding hover at the start position. Workspace: x=[-3.00,3.00]m, y=[-3.00,3.00]m, z=-0.25 fixed. Start: (-0.24,-1.69,-0.25); goal: (-0.10,1.92,-0.25); distance=3.61m. Semantic obstacle boxes: 1 person: x=[-2.07,-1.56], y=[2.26,2.81]; 2 bottle: x=[2.79,2.99], y=[1.40,1.57]. Semantic policy: bottle: hard margin=0.40m, soft radius=0.45m, risk weight=2.0; person: hard margin=0.65m, soft radius=1.20m, risk weight=8.0.","{""x"":-0.24,""y"":-1.69,""z"":-0.25}","{""x"":-0.1,""y"":1.92,""z"":-0.25}","{""x"":[-3.0,3.0],""y"":[-3.0,3.0],""z"":-0.25}","[{""id"":""semantic-1"",""label"":""person"",""shape"":""box"",""min_corner"":[-2.07,2.26,-1.1],""max_corner"":[-1.56,2.81,0.6],""size"":[0.52,0.54,1.7]},{""id"":""semantic-2"",""label"":""bottle"",""shape"":""box"",""min_corner"":[2.79,1.4,-0.42],""max_corner"":[2.99,1.57,-0.08],""size"":[0.2,0.17,0.35]}]","{""person"":{""hard_margin_m"":0.65,""soft_radius_m"":1.2,""risk_weight"":8.0},""chair"":{""hard_margin_m"":0.4,""soft_radius_m"":0.55,""risk_weight"":2.0},""backpack"":{""hard_margin_m"":0.45,""soft_radius_m"":0.65,""risk_weight"":3.0},""bottle"":{""hard_margin_m"":0.4,""soft_radius_m"":0.45,""risk_weight"":2.0},""potted_plant"":{""hard_margin_m"":0.45,""soft_radius_m"":0.7,""risk_weight"":3.0},""bench"":{""hard_margin_m"":0.45,""soft_radius_m"":0.7,""risk_weight"":3.0},""stop_sign"":{""hard_margin_m"":0.5,""soft_radius_m"":0.85,""risk_weight"":5.0},""unknown"":{""hard_margin_m"":0.6,""soft_radius_m"":1.0,""risk_weight"":6.0},""default"":{""hard_margin_m"":0.45,""soft_radius_m"":0.7,""risk_weight"":3.0}}",3.612714,"[{""x"":-0.24,""y"":-1.69,""z"":-0.25},{""x"":-0.1,""y"":1.92,""z"":-0.25}]"
7,"You are an expert semantic UAV path planner. Return sparse fixed-altitude NED waypoints that minimize path length plus semantic risk while satisfying every hard collision margin.
Mission state: the UAV is holding hover at the start position. Workspace: x=[-3.00,3.00]m, y=[-3.00,3.00]m, z=-0.25 fixed. Start: (-1.18,-0.87,-0.25); goal: (0.55,0.11,-0.25); distance=1.99m. Semantic obstacle boxes: 1 person: x=[0.95,1.34], y=[1.23,1.70]; 2 unknown: x=[-2.25,-1.72], y=[-0.10,0.62]; 3 unknown: x=[2.62,2.93], y=[1.60,2.03]; 4 unknown: x=[-2.71,-2.24], y=[-2.45,-1.99]. Semantic policy: person: hard margin=0.65m, soft radius=1.20m, risk weight=8.0; unknown: hard margin=0.60m, soft radius=1.00m, risk weight=6.0.
Constraints:
- first waypoint exactly equals start and final waypoint exactly equals goal
- return between 2 and 8 waypoints, all inside the workspace at the fixed z
- never enter a hard-margin region; prefer lower accumulated soft semantic risk
- return only the structured output requested by the response model","{""reasoning"":""Semantic Theta* selected a hard-safe any-angle route minimizing distance and label-conditioned risk."",""waypoints"":[{""x"":-1.18,""y"":-0.87,""z"":-0.25},{""x"":0.55,""y"":0.11,""z"":-0.25}]}","[{""role"":""user"",""content"":""You are an expert semantic UAV path planner. Return sparse fixed-altitude NED waypoints that minimize path length plus semantic risk while satisfying every hard collision margin.\nMission state: the UAV is holding hover at the start position. Workspace: x=[-3.00,3.00]m, y=[-3.00,3.00]m, z=-0.25 fixed. Start: (-1.18,-0.87,-0.25); goal: (0.55,0.11,-0.25); distance=1.99m. Semantic obstacle boxes: 1 person: x=[0.95,1.34], y=[1.23,1.70]; 2 unknown: x=[-2.25,-1.72], y=[-0.10,0.62]; 3 unknown: x=[2.62,2.93], y=[1.60,2.03]; 4 unknown: x=[-2.71,-2.24], y=[-2.45,-1.99]. Semantic policy: person: hard margin=0.65m, soft radius=1.20m, risk weight=8.0; unknown: hard margin=0.60m, soft radius=1.00m, risk weight=6.0.\nConstraints:\n- first waypoint exactly equals start and final waypoint exactly equals goal\n- return between 2 and 8 waypoints, all inside the workspace at the fixed z\n- never enter a hard-margin region; prefer lower accumulated soft semantic risk\n- return only the structured output requested by the response model""},{""role"":""assistant"",""content"":""{\""reasoning\"":\""Semantic Theta* selected a hard-safe any-angle route minimizing distance and label-conditioned risk.\"",\""waypoints\"":[{\""x\"":-1.18,\""y\"":-0.87,\""z\"":-0.25},{\""x\"":0.55,\""y\"":0.11,\""z\"":-0.25}]}""}]","Mission state: the UAV is holding hover at the start position. Workspace: x=[-3.00,3.00]m, y=[-3.00,3.00]m, z=-0.25 fixed. Start: (-1.18,-0.87,-0.25); goal: (0.55,0.11,-0.25); distance=1.99m. Semantic obstacle boxes: 1 person: x=[0.95,1.34], y=[1.23,1.70]; 2 unknown: x=[-2.25,-1.72], y=[-0.10,0.62]; 3 unknown: x=[2.62,2.93], y=[1.60,2.03]; 4 unknown: x=[-2.71,-2.24], y=[-2.45,-1.99]. Semantic policy: person: hard margin=0.65m, soft radius=1.20m, risk weight=8.0; unknown: hard margin=0.60m, soft radius=1.00m, risk weight=6.0.","{""x"":-1.18,""y"":-0.87,""z"":-0.25}","{""x"":0.55,""y"":0.11,""z"":-0.25}","{""x"":[-3.0,3.0],""y"":[-3.0,3.0],""z"":-0.25}","[{""id"":""semantic-1"",""label"":""person"",""shape"":""box"",""min_corner"":[0.95,1.23,-1.1],""max_corner"":[1.34,1.7,0.6],""size"":[0.39,0.47,1.7]},{""id"":""semantic-2"",""label"":""unknown"",""shape"":""box"",""min_corner"":[-2.25,-0.1,-0.75],""max_corner"":[-1.72,0.62,0.25],""size"":[0.53,0.73,1.0]},{""id"":""semantic-3"",""label"":""unknown"",""shape"":""box"",""min_corner"":[2.62,1.6,-0.75],""max_corner"":[2.93,2.03,0.25],""size"":[0.31,0.43,1.0]},{""id"":""semantic-4"",""label"":""unknown"",""shape"":""box"",""min_corner"":[-2.71,-2.45,-0.75],""max_corner"":[-2.24,-1.99,0.25],""size"":[0.47,0.46,1.0]}]","{""person"":{""hard_margin_m"":0.65,""soft_radius_m"":1.2,""risk_weight"":8.0},""chair"":{""hard_margin_m"":0.4,""soft_radius_m"":0.55,""risk_weight"":2.0},""backpack"":{""hard_margin_m"":0.45,""soft_radius_m"":0.65,""risk_weight"":3.0},""bottle"":{""hard_margin_m"":0.4,""soft_radius_m"":0.45,""risk_weight"":2.0},""potted_plant"":{""hard_margin_m"":0.45,""soft_radius_m"":0.7,""risk_weight"":3.0},""bench"":{""hard_margin_m"":0.45,""soft_radius_m"":0.7,""risk_weight"":3.0},""stop_sign"":{""hard_margin_m"":0.5,""soft_radius_m"":0.85,""risk_weight"":5.0},""unknown"":{""hard_margin_m"":0.6,""soft_radius_m"":1.0,""risk_weight"":6.0},""default"":{""hard_margin_m"":0.45,""soft_radius_m"":0.7,""risk_weight"":3.0}}",1.990685,"[{""x"":-1.18,""y"":-0.87,""z"":-0.25},{""x"":0.55,""y"":0.11,""z"":-0.25}]"
8,"You are an expert semantic UAV path planner. Return sparse fixed-altitude NED waypoints that minimize path length plus semantic risk while satisfying every hard collision margin.
Mission state: the UAV is holding hover at the start position. Workspace: x=[-3.00,3.00]m, y=[-3.00,3.00]m, z=-0.25 fixed. Start: (1.00,-2.91,-0.25); goal: (-2.32,1.26,-0.25); distance=5.33m. Semantic obstacle boxes: 1 bottle: x=[2.23,2.47], y=[1.91,2.05]; 2 person: x=[2.14,2.58], y=[1.76,2.27]. Semantic policy: bottle: hard margin=0.40m, soft radius=0.45m, risk weight=2.0; person: hard margin=0.65m, soft radius=1.20m, risk weight=8.0.
Constraints:
- first waypoint exactly equals start and final waypoint exactly equals goal
- return between 2 and 8 waypoints, all inside the workspace at the fixed z
- never enter a hard-margin region; prefer lower accumulated soft semantic risk
- return only the structured output requested by the response model","{""reasoning"":""Semantic Theta* selected a hard-safe any-angle route minimizing distance and label-conditioned risk."",""waypoints"":[{""x"":1.0,""y"":-2.91,""z"":-0.25},{""x"":-2.32,""y"":1.26,""z"":-0.25}]}","[{""role"":""user"",""content"":""You are an expert semantic UAV path planner. Return sparse fixed-altitude NED waypoints that minimize path length plus semantic risk while satisfying every hard collision margin.\nMission state: the UAV is holding hover at the start position. Workspace: x=[-3.00,3.00]m, y=[-3.00,3.00]m, z=-0.25 fixed. Start: (1.00,-2.91,-0.25); goal: (-2.32,1.26,-0.25); distance=5.33m. Semantic obstacle boxes: 1 bottle: x=[2.23,2.47], y=[1.91,2.05]; 2 person: x=[2.14,2.58], y=[1.76,2.27]. Semantic policy: bottle: hard margin=0.40m, soft radius=0.45m, risk weight=2.0; person: hard margin=0.65m, soft radius=1.20m, risk weight=8.0.\nConstraints:\n- first waypoint exactly equals start and final waypoint exactly equals goal\n- return between 2 and 8 waypoints, all inside the workspace at the fixed z\n- never enter a hard-margin region; prefer lower accumulated soft semantic risk\n- return only the structured output requested by the response model""},{""role"":""assistant"",""content"":""{\""reasoning\"":\""Semantic Theta* selected a hard-safe any-angle route minimizing distance and label-conditioned risk.\"",\""waypoints\"":[{\""x\"":1.0,\""y\"":-2.91,\""z\"":-0.25},{\""x\"":-2.32,\""y\"":1.26,\""z\"":-0.25}]}""}]","Mission state: the UAV is holding hover at the start position. Workspace: x=[-3.00,3.00]m, y=[-3.00,3.00]m, z=-0.25 fixed. Start: (1.00,-2.91,-0.25); goal: (-2.32,1.26,-0.25); distance=5.33m. Semantic obstacle boxes: 1 bottle: x=[2.23,2.47], y=[1.91,2.05]; 2 person: x=[2.14,2.58], y=[1.76,2.27]. Semantic policy: bottle: hard margin=0.40m, soft radius=0.45m, risk weight=2.0; person: hard margin=0.65m, soft radius=1.20m, risk weight=8.0.","{""x"":1.0,""y"":-2.91,""z"":-0.25}","{""x"":-2.32,""y"":1.26,""z"":-0.25}","{""x"":[-3.0,3.0],""y"":[-3.0,3.0],""z"":-0.25}","[{""id"":""semantic-1"",""label"":""bottle"",""shape"":""box"",""min_corner"":[2.23,1.91,-0.42],""max_corner"":[2.47,2.05,-0.08],""size"":[0.25,0.13,0.35]},{""id"":""semantic-2"",""label"":""person"",""shape"":""box"",""min_corner"":[2.14,1.76,-1.1],""max_corner"":[2.58,2.27,0.6],""size"":[0.44,0.51,1.7]}]","{""person"":{""hard_margin_m"":0.65,""soft_radius_m"":1.2,""risk_weight"":8.0},""chair"":{""hard_margin_m"":0.4,""soft_radius_m"":0.55,""risk_weight"":2.0},""backpack"":{""hard_margin_m"":0.45,""soft_radius_m"":0.65,""risk_weight"":3.0},""bottle"":{""hard_margin_m"":0.4,""soft_radius_m"":0.45,""risk_weight"":2.0},""potted_plant"":{""hard_margin_m"":0.45,""soft_radius_m"":0.7,""risk_weight"":3.0},""bench"":{""hard_margin_m"":0.45,""soft_radius_m"":0.7,""risk_weight"":3.0},""stop_sign"":{""hard_margin_m"":0.5,""soft_radius_m"":0.85,""risk_weight"":5.0},""unknown"":{""hard_margin_m"":0.6,""soft_radius_m"":1.0,""risk_weight"":6.0},""default"":{""hard_margin_m"":0.45,""soft_radius_m"":0.7,""risk_weight"":3.0}}",5.330225,"[{""x"":1.0,""y"":-2.91,""z"":-0.25},{""x"":-2.32,""y"":1.26,""z"":-0.25}]"
9,"You are an expert semantic UAV path planner. Return sparse fixed-altitude NED waypoints that minimize path length plus semantic risk while satisfying every hard collision margin.
Mission state: the UAV is holding hover at the start position. Workspace: x=[-3.00,3.00]m, y=[-3.00,3.00]m, z=-0.25 fixed. Start: (-2.82,-0.60,-0.25); goal: (-2.26,2.74,-0.25); distance=3.39m. Semantic obstacle boxes: 1 person: x=[-1.49,-1.10], y=[-1.08,-0.62]; 2 stop_sign: x=[1.25,1.58], y=[-1.03,-0.83]; 3 person: x=[-1.20,-0.73], y=[-2.36,-1.83]; 4 backpack: x=[-0.21,0.15], y=[-1.37,-1.12]. Semantic policy: backpack: hard margin=0.45m, soft radius=0.65m, risk weight=3.0; person: hard margin=0.65m, soft radius=1.20m, risk weight=8.0; stop_sign: hard margin=0.50m, soft radius=0.85m, risk weight=5.0.
Constraints:
- first waypoint exactly equals start and final waypoint exactly equals goal
- return between 2 and 8 waypoints, all inside the workspace at the fixed z
- never enter a hard-margin region; prefer lower accumulated soft semantic risk
- return only the structured output requested by the response model","{""reasoning"":""Semantic Theta* selected a hard-safe any-angle route minimizing distance and label-conditioned risk."",""waypoints"":[{""x"":-2.82,""y"":-0.6,""z"":-0.25},{""x"":-2.26,""y"":2.74,""z"":-0.25}]}","[{""role"":""user"",""content"":""You are an expert semantic UAV path planner. Return sparse fixed-altitude NED waypoints that minimize path length plus semantic risk while satisfying every hard collision margin.\nMission state: the UAV is holding hover at the start position. Workspace: x=[-3.00,3.00]m, y=[-3.00,3.00]m, z=-0.25 fixed. Start: (-2.82,-0.60,-0.25); goal: (-2.26,2.74,-0.25); distance=3.39m. Semantic obstacle boxes: 1 person: x=[-1.49,-1.10], y=[-1.08,-0.62]; 2 stop_sign: x=[1.25,1.58], y=[-1.03,-0.83]; 3 person: x=[-1.20,-0.73], y=[-2.36,-1.83]; 4 backpack: x=[-0.21,0.15], y=[-1.37,-1.12]. Semantic policy: backpack: hard margin=0.45m, soft radius=0.65m, risk weight=3.0; person: hard margin=0.65m, soft radius=1.20m, risk weight=8.0; stop_sign: hard margin=0.50m, soft radius=0.85m, risk weight=5.0.\nConstraints:\n- first waypoint exactly equals start and final waypoint exactly equals goal\n- return between 2 and 8 waypoints, all inside the workspace at the fixed z\n- never enter a hard-margin region; prefer lower accumulated soft semantic risk\n- return only the structured output requested by the response model""},{""role"":""assistant"",""content"":""{\""reasoning\"":\""Semantic Theta* selected a hard-safe any-angle route minimizing distance and label-conditioned risk.\"",\""waypoints\"":[{\""x\"":-2.82,\""y\"":-0.6,\""z\"":-0.25},{\""x\"":-2.26,\""y\"":2.74,\""z\"":-0.25}]}""}]","Mission state: the UAV is holding hover at the start position. Workspace: x=[-3.00,3.00]m, y=[-3.00,3.00]m, z=-0.25 fixed. Start: (-2.82,-0.60,-0.25); goal: (-2.26,2.74,-0.25); distance=3.39m. Semantic obstacle boxes: 1 person: x=[-1.49,-1.10], y=[-1.08,-0.62]; 2 stop_sign: x=[1.25,1.58], y=[-1.03,-0.83]; 3 person: x=[-1.20,-0.73], y=[-2.36,-1.83]; 4 backpack: x=[-0.21,0.15], y=[-1.37,-1.12]. Semantic policy: backpack: hard margin=0.45m, soft radius=0.65m, risk weight=3.0; person: hard margin=0.65m, soft radius=1.20m, risk weight=8.0; stop_sign: hard margin=0.50m, soft radius=0.85m, risk weight=5.0.","{""x"":-2.82,""y"":-0.6,""z"":-0.25}","{""x"":-2.26,""y"":2.74,""z"":-0.25}","{""x"":[-3.0,3.0],""y"":[-3.0,3.0],""z"":-0.25}","[{""id"":""semantic-1"",""label"":""person"",""shape"":""box"",""min_corner"":[-1.49,-1.08,-1.1],""max_corner"":[-1.1,-0.62,0.6],""size"":[0.39,0.46,1.7]},{""id"":""semantic-2"",""label"":""stop_sign"",""shape"":""box"",""min_corner"":[1.25,-1.03,-1.0],""max_corner"":[1.58,-0.83,0.5],""size"":[0.33,0.2,1.5]},{""id"":""semantic-3"",""label"":""person"",""shape"":""box"",""min_corner"":[-1.2,-2.36,-1.1],""max_corner"":[-0.73,-1.83,0.6],""size"":[0.48,0.52,1.7]},{""id"":""semantic-4"",""label"":""backpack"",""shape"":""box"",""min_corner"":[-0.21,-1.37,-0.53],""max_corner"":[0.15,-1.12,0.03],""size"":[0.36,0.25,0.55]}]","{""person"":{""hard_margin_m"":0.65,""soft_radius_m"":1.2,""risk_weight"":8.0},""chair"":{""hard_margin_m"":0.4,""soft_radius_m"":0.55,""risk_weight"":2.0},""backpack"":{""hard_margin_m"":0.45,""soft_radius_m"":0.65,""risk_weight"":3.0},""bottle"":{""hard_margin_m"":0.4,""soft_radius_m"":0.45,""risk_weight"":2.0},""potted_plant"":{""hard_margin_m"":0.45,""soft_radius_m"":0.7,""risk_weight"":3.0},""bench"":{""hard_margin_m"":0.45,""soft_radius_m"":0.7,""risk_weight"":3.0},""stop_sign"":{""hard_margin_m"":0.5,""soft_radius_m"":0.85,""risk_weight"":5.0},""unknown"":{""hard_margin_m"":0.6,""soft_radius_m"":1.0,""risk_weight"":6.0},""default"":{""hard_margin_m"":0.45,""soft_radius_m"":0.7,""risk_weight"":3.0}}",3.386621,"[{""x"":-2.82,""y"":-0.6,""z"":-0.25},{""x"":-2.26,""y"":2.74,""z"":-0.25}]"
10,"You are an expert semantic UAV path planner. Return sparse fixed-altitude NED waypoints that minimize path length plus semantic risk while satisfying every hard collision margin.
Mission state: the UAV is holding hover at the start position. Workspace: x=[-3.00,3.00]m, y=[-3.00,3.00]m, z=-0.25 fixed. Start: (-2.25,-1.50,-0.25); goal: (1.09,-1.14,-0.25); distance=3.36m. Semantic obstacle boxes: 1 unknown: x=[2.43,2.91], y=[1.40,1.81]. Semantic policy: unknown: hard margin=0.60m, soft radius=1.00m, risk weight=6.0.
Constraints:
- first waypoint exactly equals start and final waypoint exactly equals goal
- return between 2 and 8 waypoints, all inside the workspace at the fixed z
- never enter a hard-margin region; prefer lower accumulated soft semantic risk
- return only the structured output requested by the response model","{""reasoning"":""Semantic Theta* selected a hard-safe any-angle route minimizing distance and label-conditioned risk."",""waypoints"":[{""x"":-2.25,""y"":-1.5,""z"":-0.25},{""x"":1.09,""y"":-1.14,""z"":-0.25}]}","[{""role"":""user"",""content"":""You are an expert semantic UAV path planner. Return sparse fixed-altitude NED waypoints that minimize path length plus semantic risk while satisfying every hard collision margin.\nMission state: the UAV is holding hover at the start position. Workspace: x=[-3.00,3.00]m, y=[-3.00,3.00]m, z=-0.25 fixed. Start: (-2.25,-1.50,-0.25); goal: (1.09,-1.14,-0.25); distance=3.36m. Semantic obstacle boxes: 1 unknown: x=[2.43,2.91], y=[1.40,1.81]. Semantic policy: unknown: hard margin=0.60m, soft radius=1.00m, risk weight=6.0.\nConstraints:\n- first waypoint exactly equals start and final waypoint exactly equals goal\n- return between 2 and 8 waypoints, all inside the workspace at the fixed z\n- never enter a hard-margin region; prefer lower accumulated soft semantic risk\n- return only the structured output requested by the response model""},{""role"":""assistant"",""content"":""{\""reasoning\"":\""Semantic Theta* selected a hard-safe any-angle route minimizing distance and label-conditioned risk.\"",\""waypoints\"":[{\""x\"":-2.25,\""y\"":-1.5,\""z\"":-0.25},{\""x\"":1.09,\""y\"":-1.14,\""z\"":-0.25}]}""}]","Mission state: the UAV is holding hover at the start position. Workspace: x=[-3.00,3.00]m, y=[-3.00,3.00]m, z=-0.25 fixed. Start: (-2.25,-1.50,-0.25); goal: (1.09,-1.14,-0.25); distance=3.36m. Semantic obstacle boxes: 1 unknown: x=[2.43,2.91], y=[1.40,1.81]. Semantic policy: unknown: hard margin=0.60m, soft radius=1.00m, risk weight=6.0.","{""x"":-2.25,""y"":-1.5,""z"":-0.25}","{""x"":1.09,""y"":-1.14,""z"":-0.25}","{""x"":[-3.0,3.0],""y"":[-3.0,3.0],""z"":-0.25}","[{""id"":""semantic-1"",""label"":""unknown"",""shape"":""box"",""min_corner"":[2.43,1.4,-0.75],""max_corner"":[2.91,1.81,0.25],""size"":[0.48,0.41,1.0]}]","{""person"":{""hard_margin_m"":0.65,""soft_radius_m"":1.2,""risk_weight"":8.0},""chair"":{""hard_margin_m"":0.4,""soft_radius_m"":0.55,""risk_weight"":2.0},""backpack"":{""hard_margin_m"":0.45,""soft_radius_m"":0.65,""risk_weight"":3.0},""bottle"":{""hard_margin_m"":0.4,""soft_radius_m"":0.45,""risk_weight"":2.0},""potted_plant"":{""hard_margin_m"":0.45,""soft_radius_m"":0.7,""risk_weight"":3.0},""bench"":{""hard_margin_m"":0.45,""soft_radius_m"":0.7,""risk_weight"":3.0},""stop_sign"":{""hard_margin_m"":0.5,""soft_radius_m"":0.85,""risk_weight"":5.0},""unknown"":{""hard_margin_m"":0.6,""soft_radius_m"":1.0,""risk_weight"":6.0},""default"":{""hard_margin_m"":0.45,""soft_radius_m"":0.7,""risk_weight"":3.0}}",3.359345,"[{""x"":-2.25,""y"":-1.5,""z"":-0.25},{""x"":1.09,""y"":-1.14,""z"":-0.25}]"
11,"You are an expert semantic UAV path planner. Return sparse fixed-altitude NED waypoints that minimize path length plus semantic risk while satisfying every hard collision margin.
Mission state: the UAV is holding hover at the start position. Workspace: x=[-3.00,3.00]m, y=[-3.00,3.00]m, z=-0.25 fixed. Start: (-2.09,-1.24,-0.25); goal: (-0.38,0.17,-0.25); distance=2.22m. Semantic obstacle boxes: 1 backpack: x=[0.29,0.68], y=[2.40,2.63]; 2 unknown: x=[2.07,2.77], y=[-0.86,-0.12]; 3 bottle: x=[1.56,1.70], y=[-0.53,-0.32]. Semantic policy: backpack: hard margin=0.45m, soft radius=0.65m, risk weight=3.0; bottle: hard margin=0.40m, soft radius=0.45m, risk weight=2.0; unknown: hard margin=0.60m, soft radius=1.00m, risk weight=6.0.
Constraints:
- first waypoint exactly equals start and final waypoint exactly equals goal
- return between 2 and 8 waypoints, all inside the workspace at the fixed z
- never enter a hard-margin region; prefer lower accumulated soft semantic risk
- return only the structured output requested by the response model","{""reasoning"":""Semantic Theta* selected a hard-safe any-angle route minimizing distance and label-conditioned risk."",""waypoints"":[{""x"":-2.09,""y"":-1.24,""z"":-0.25},{""x"":-0.38,""y"":0.17,""z"":-0.25}]}","[{""role"":""user"",""content"":""You are an expert semantic UAV path planner. Return sparse fixed-altitude NED waypoints that minimize path length plus semantic risk while satisfying every hard collision margin.\nMission state: the UAV is holding hover at the start position. Workspace: x=[-3.00,3.00]m, y=[-3.00,3.00]m, z=-0.25 fixed. Start: (-2.09,-1.24,-0.25); goal: (-0.38,0.17,-0.25); distance=2.22m. Semantic obstacle boxes: 1 backpack: x=[0.29,0.68], y=[2.40,2.63]; 2 unknown: x=[2.07,2.77], y=[-0.86,-0.12]; 3 bottle: x=[1.56,1.70], y=[-0.53,-0.32]. Semantic policy: backpack: hard margin=0.45m, soft radius=0.65m, risk weight=3.0; bottle: hard margin=0.40m, soft radius=0.45m, risk weight=2.0; unknown: hard margin=0.60m, soft radius=1.00m, risk weight=6.0.\nConstraints:\n- first waypoint exactly equals start and final waypoint exactly equals goal\n- return between 2 and 8 waypoints, all inside the workspace at the fixed z\n- never enter a hard-margin region; prefer lower accumulated soft semantic risk\n- return only the structured output requested by the response model""},{""role"":""assistant"",""content"":""{\""reasoning\"":\""Semantic Theta* selected a hard-safe any-angle route minimizing distance and label-conditioned risk.\"",\""waypoints\"":[{\""x\"":-2.09,\""y\"":-1.24,\""z\"":-0.25},{\""x\"":-0.38,\""y\"":0.17,\""z\"":-0.25}]}""}]","Mission state: the UAV is holding hover at the start position. Workspace: x=[-3.00,3.00]m, y=[-3.00,3.00]m, z=-0.25 fixed. Start: (-2.09,-1.24,-0.25); goal: (-0.38,0.17,-0.25); distance=2.22m. Semantic obstacle boxes: 1 backpack: x=[0.29,0.68], y=[2.40,2.63]; 2 unknown: x=[2.07,2.77], y=[-0.86,-0.12]; 3 bottle: x=[1.56,1.70], y=[-0.53,-0.32]. Semantic policy: backpack: hard margin=0.45m, soft radius=0.65m, risk weight=3.0; bottle: hard margin=0.40m, soft radius=0.45m, risk weight=2.0; unknown: hard margin=0.60m, soft radius=1.00m, risk weight=6.0.","{""x"":-2.09,""y"":-1.24,""z"":-0.25}","{""x"":-0.38,""y"":0.17,""z"":-0.25}","{""x"":[-3.0,3.0],""y"":[-3.0,3.0],""z"":-0.25}","[{""id"":""semantic-1"",""label"":""backpack"",""shape"":""box"",""min_corner"":[0.29,2.4,-0.53],""max_corner"":[0.68,2.63,0.03],""size"":[0.38,0.23,0.55]},{""id"":""semantic-2"",""label"":""unknown"",""shape"":""box"",""min_corner"":[2.07,-0.86,-0.75],""max_corner"":[2.77,-0.12,0.25],""size"":[0.7,0.74,1.0]},{""id"":""semantic-3"",""label"":""bottle"",""shape"":""box"",""min_corner"":[1.56,-0.53,-0.42],""max_corner"":[1.7,-0.32,-0.08],""size"":[0.14,0.21,0.35]}]","{""person"":{""hard_margin_m"":0.65,""soft_radius_m"":1.2,""risk_weight"":8.0},""chair"":{""hard_margin_m"":0.4,""soft_radius_m"":0.55,""risk_weight"":2.0},""backpack"":{""hard_margin_m"":0.45,""soft_radius_m"":0.65,""risk_weight"":3.0},""bottle"":{""hard_margin_m"":0.4,""soft_radius_m"":0.45,""risk_weight"":2.0},""potted_plant"":{""hard_margin_m"":0.45,""soft_radius_m"":0.7,""risk_weight"":3.0},""bench"":{""hard_margin_m"":0.45,""soft_radius_m"":0.7,""risk_weight"":3.0},""stop_sign"":{""hard_margin_m"":0.5,""soft_radius_m"":0.85,""risk_weight"":5.0},""unknown"":{""hard_margin_m"":0.6,""soft_radius_m"":1.0,""risk_weight"":6.0},""default"":{""hard_margin_m"":0.45,""soft_radius_m"":0.7,""risk_weight"":3.0}}",2.216348,"[{""x"":-2.09,""y"":-1.24,""z"":-0.25},{""x"":-0.38,""y"":0.17,""z"":-0.25}]"
12,"You are an expert semantic UAV path planner. Return sparse fixed-altitude NED waypoints that minimize path length plus semantic risk while satisfying every hard collision margin.
Mission state: the UAV is holding hover at the start position. Workspace: x=[-3.00,3.00]m, y=[-3.00,3.00]m, z=-0.25 fixed. Start: (-1.07,1.55,-0.25); goal: (1.50,1.80,-0.25); distance=2.58m. Semantic obstacle boxes: 1 bottle: x=[-0.83,-0.65], y=[0.70,0.88]; 2 bench: x=[1.47,2.45], y=[-0.88,-0.48]. Semantic policy: bench: hard margin=0.45m, soft radius=0.70m, risk weight=3.0; bottle: hard margin=0.40m, soft radius=0.45m, risk weight=2.0.
Constraints:
- first waypoint exactly equals start and final waypoint exactly equals goal
- return between 2 and 8 waypoints, all inside the workspace at the fixed z
- never enter a hard-margin region; prefer lower accumulated soft semantic risk
- return only the structured output requested by the response model","{""reasoning"":""Semantic Theta* selected a hard-safe any-angle route minimizing distance and label-conditioned risk."",""waypoints"":[{""x"":-1.07,""y"":1.55,""z"":-0.25},{""x"":1.5,""y"":1.8,""z"":-0.25}]}","[{""role"":""user"",""content"":""You are an expert semantic UAV path planner. Return sparse fixed-altitude NED waypoints that minimize path length plus semantic risk while satisfying every hard collision margin.\nMission state: the UAV is holding hover at the start position. Workspace: x=[-3.00,3.00]m, y=[-3.00,3.00]m, z=-0.25 fixed. Start: (-1.07,1.55,-0.25); goal: (1.50,1.80,-0.25); distance=2.58m. Semantic obstacle boxes: 1 bottle: x=[-0.83,-0.65], y=[0.70,0.88]; 2 bench: x=[1.47,2.45], y=[-0.88,-0.48]. Semantic policy: bench: hard margin=0.45m, soft radius=0.70m, risk weight=3.0; bottle: hard margin=0.40m, soft radius=0.45m, risk weight=2.0.\nConstraints:\n- first waypoint exactly equals start and final waypoint exactly equals goal\n- return between 2 and 8 waypoints, all inside the workspace at the fixed z\n- never enter a hard-margin region; prefer lower accumulated soft semantic risk\n- return only the structured output requested by the response model""},{""role"":""assistant"",""content"":""{\""reasoning\"":\""Semantic Theta* selected a hard-safe any-angle route minimizing distance and label-conditioned risk.\"",\""waypoints\"":[{\""x\"":-1.07,\""y\"":1.55,\""z\"":-0.25},{\""x\"":1.5,\""y\"":1.8,\""z\"":-0.25}]}""}]","Mission state: the UAV is holding hover at the start position. Workspace: x=[-3.00,3.00]m, y=[-3.00,3.00]m, z=-0.25 fixed. Start: (-1.07,1.55,-0.25); goal: (1.50,1.80,-0.25); distance=2.58m. Semantic obstacle boxes: 1 bottle: x=[-0.83,-0.65], y=[0.70,0.88]; 2 bench: x=[1.47,2.45], y=[-0.88,-0.48]. Semantic policy: bench: hard margin=0.45m, soft radius=0.70m, risk weight=3.0; bottle: hard margin=0.40m, soft radius=0.45m, risk weight=2.0.","{""x"":-1.07,""y"":1.55,""z"":-0.25}","{""x"":1.5,""y"":1.8,""z"":-0.25}","{""x"":[-3.0,3.0],""y"":[-3.0,3.0],""z"":-0.25}","[{""id"":""semantic-1"",""label"":""bottle"",""shape"":""box"",""min_corner"":[-0.83,0.7,-0.42],""max_corner"":[-0.65,0.88,-0.08],""size"":[0.18,0.19,0.35]},{""id"":""semantic-2"",""label"":""bench"",""shape"":""box"",""min_corner"":[1.47,-0.88,-0.6],""max_corner"":[2.45,-0.48,0.1],""size"":[0.97,0.41,0.7]}]","{""person"":{""hard_margin_m"":0.65,""soft_radius_m"":1.2,""risk_weight"":8.0},""chair"":{""hard_margin_m"":0.4,""soft_radius_m"":0.55,""risk_weight"":2.0},""backpack"":{""hard_margin_m"":0.45,""soft_radius_m"":0.65,""risk_weight"":3.0},""bottle"":{""hard_margin_m"":0.4,""soft_radius_m"":0.45,""risk_weight"":2.0},""potted_plant"":{""hard_margin_m"":0.45,""soft_radius_m"":0.7,""risk_weight"":3.0},""bench"":{""hard_margin_m"":0.45,""soft_radius_m"":0.7,""risk_weight"":3.0},""stop_sign"":{""hard_margin_m"":0.5,""soft_radius_m"":0.85,""risk_weight"":5.0},""unknown"":{""hard_margin_m"":0.6,""soft_radius_m"":1.0,""risk_weight"":6.0},""default"":{""hard_margin_m"":0.45,""soft_radius_m"":0.7,""risk_weight"":3.0}}",2.582131,"[{""x"":-1.07,""y"":1.55,""z"":-0.25},{""x"":1.5,""y"":1.8,""z"":-0.25}]"
13,"You are an expert semantic UAV path planner. Return sparse fixed-altitude NED waypoints that minimize path length plus semantic risk while satisfying every hard collision margin.
Mission state: the UAV is holding hover at the start position. Workspace: x=[-3.00,3.00]m, y=[-3.00,3.00]m, z=-0.25 fixed. Start: (-1.98,2.59,-0.25); goal: (-2.56,-0.96,-0.25); distance=3.60m. Semantic obstacle boxes: 1 bench: x=[-1.62,-0.80], y=[-0.83,-0.49]; 2 bench: x=[-2.31,-1.14], y=[-2.42,-1.99]; 3 potted_plant: x=[1.87,2.26], y=[1.72,2.10]. Semantic policy: bench: hard margin=0.45m, soft radius=0.70m, risk weight=3.0; potted_plant: hard margin=0.45m, soft radius=0.70m, risk weight=3.0.
Constraints:
- first waypoint exactly equals start and final waypoint exactly equals goal
- return between 2 and 8 waypoints, all inside the workspace at the fixed z
- never enter a hard-margin region; prefer lower accumulated soft semantic risk
- return only the structured output requested by the response model","{""reasoning"":""Semantic Theta* selected a hard-safe any-angle route minimizing distance and label-conditioned risk."",""waypoints"":[{""x"":-1.98,""y"":2.59,""z"":-0.25},{""x"":-2.56,""y"":-0.96,""z"":-0.25}]}","[{""role"":""user"",""content"":""You are an expert semantic UAV path planner. Return sparse fixed-altitude NED waypoints that minimize path length plus semantic risk while satisfying every hard collision margin.\nMission state: the UAV is holding hover at the start position. Workspace: x=[-3.00,3.00]m, y=[-3.00,3.00]m, z=-0.25 fixed. Start: (-1.98,2.59,-0.25); goal: (-2.56,-0.96,-0.25); distance=3.60m. Semantic obstacle boxes: 1 bench: x=[-1.62,-0.80], y=[-0.83,-0.49]; 2 bench: x=[-2.31,-1.14], y=[-2.42,-1.99]; 3 potted_plant: x=[1.87,2.26], y=[1.72,2.10]. Semantic policy: bench: hard margin=0.45m, soft radius=0.70m, risk weight=3.0; potted_plant: hard margin=0.45m, soft radius=0.70m, risk weight=3.0.\nConstraints:\n- first waypoint exactly equals start and final waypoint exactly equals goal\n- return between 2 and 8 waypoints, all inside the workspace at the fixed z\n- never enter a hard-margin region; prefer lower accumulated soft semantic risk\n- return only the structured output requested by the response model""},{""role"":""assistant"",""content"":""{\""reasoning\"":\""Semantic Theta* selected a hard-safe any-angle route minimizing distance and label-conditioned risk.\"",\""waypoints\"":[{\""x\"":-1.98,\""y\"":2.59,\""z\"":-0.25},{\""x\"":-2.56,\""y\"":-0.96,\""z\"":-0.25}]}""}]","Mission state: the UAV is holding hover at the start position. Workspace: x=[-3.00,3.00]m, y=[-3.00,3.00]m, z=-0.25 fixed. Start: (-1.98,2.59,-0.25); goal: (-2.56,-0.96,-0.25); distance=3.60m. Semantic obstacle boxes: 1 bench: x=[-1.62,-0.80], y=[-0.83,-0.49]; 2 bench: x=[-2.31,-1.14], y=[-2.42,-1.99]; 3 potted_plant: x=[1.87,2.26], y=[1.72,2.10]. Semantic policy: bench: hard margin=0.45m, soft radius=0.70m, risk weight=3.0; potted_plant: hard margin=0.45m, soft radius=0.70m, risk weight=3.0.","{""x"":-1.98,""y"":2.59,""z"":-0.25}","{""x"":-2.56,""y"":-0.96,""z"":-0.25}","{""x"":[-3.0,3.0],""y"":[-3.0,3.0],""z"":-0.25}","[{""id"":""semantic-1"",""label"":""bench"",""shape"":""box"",""min_corner"":[-1.62,-0.83,-0.6],""max_corner"":[-0.8,-0.49,0.1],""size"":[0.82,0.34,0.7]},{""id"":""semantic-2"",""label"":""bench"",""shape"":""box"",""min_corner"":[-2.31,-2.42,-0.6],""max_corner"":[-1.14,-1.99,0.1],""size"":[1.16,0.43,0.7]},{""id"":""semantic-3"",""label"":""potted_plant"",""shape"":""box"",""min_corner"":[1.87,1.72,-0.7],""max_corner"":[2.26,2.1,0.2],""size"":[0.38,0.37,0.9]}]","{""person"":{""hard_margin_m"":0.65,""soft_radius_m"":1.2,""risk_weight"":8.0},""chair"":{""hard_margin_m"":0.4,""soft_radius_m"":0.55,""risk_weight"":2.0},""backpack"":{""hard_margin_m"":0.45,""soft_radius_m"":0.65,""risk_weight"":3.0},""bottle"":{""hard_margin_m"":0.4,""soft_radius_m"":0.45,""risk_weight"":2.0},""potted_plant"":{""hard_margin_m"":0.45,""soft_radius_m"":0.7,""risk_weight"":3.0},""bench"":{""hard_margin_m"":0.45,""soft_radius_m"":0.7,""risk_weight"":3.0},""stop_sign"":{""hard_margin_m"":0.5,""soft_radius_m"":0.85,""risk_weight"":5.0},""unknown"":{""hard_margin_m"":0.6,""soft_radius_m"":1.0,""risk_weight"":6.0},""default"":{""hard_margin_m"":0.45,""soft_radius_m"":0.7,""risk_weight"":3.0}}",3.597068,"[{""x"":-1.98,""y"":2.59,""z"":-0.25},{""x"":-2.56,""y"":-0.96,""z"":-0.25}]"
14,"You are an expert semantic UAV path planner. Return sparse fixed-altitude NED waypoints that minimize path length plus semantic risk while satisfying every hard collision margin.
Mission state: the UAV is holding hover at the start position. Workspace: x=[-3.00,3.00]m, y=[-3.00,3.00]m, z=-0.25 fixed. Start: (-0.38,-1.38,-0.25); goal: (-2.53,-0.57,-0.25); distance=2.30m. Semantic obstacle boxes: 1 bench: x=[0.02,1.07], y=[0.86,1.26]. Semantic policy: bench: hard margin=0.45m, soft radius=0.70m, risk weight=3.0.
Constraints:
- first waypoint exactly equals start and final waypoint exactly equals goal
- return between 2 and 8 waypoints, all inside the workspace at the fixed z
- never enter a hard-margin region; prefer lower accumulated soft semantic risk
- return only the structured output requested by the response model","{""reasoning"":""Semantic Theta* selected a hard-safe any-angle route minimizing distance and label-conditioned risk."",""waypoints"":[{""x"":-0.38,""y"":-1.38,""z"":-0.25},{""x"":-2.53,""y"":-0.57,""z"":-0.25}]}","[{""role"":""user"",""content"":""You are an expert semantic UAV path planner. Return sparse fixed-altitude NED waypoints that minimize path length plus semantic risk while satisfying every hard collision margin.\nMission state: the UAV is holding hover at the start position. Workspace: x=[-3.00,3.00]m, y=[-3.00,3.00]m, z=-0.25 fixed. Start: (-0.38,-1.38,-0.25); goal: (-2.53,-0.57,-0.25); distance=2.30m. Semantic obstacle boxes: 1 bench: x=[0.02,1.07], y=[0.86,1.26]. Semantic policy: bench: hard margin=0.45m, soft radius=0.70m, risk weight=3.0.\nConstraints:\n- first waypoint exactly equals start and final waypoint exactly equals goal\n- return between 2 and 8 waypoints, all inside the workspace at the fixed z\n- never enter a hard-margin region; prefer lower accumulated soft semantic risk\n- return only the structured output requested by the response model""},{""role"":""assistant"",""content"":""{\""reasoning\"":\""Semantic Theta* selected a hard-safe any-angle route minimizing distance and label-conditioned risk.\"",\""waypoints\"":[{\""x\"":-0.38,\""y\"":-1.38,\""z\"":-0.25},{\""x\"":-2.53,\""y\"":-0.57,\""z\"":-0.25}]}""}]","Mission state: the UAV is holding hover at the start position. Workspace: x=[-3.00,3.00]m, y=[-3.00,3.00]m, z=-0.25 fixed. Start: (-0.38,-1.38,-0.25); goal: (-2.53,-0.57,-0.25); distance=2.30m. Semantic obstacle boxes: 1 bench: x=[0.02,1.07], y=[0.86,1.26]. Semantic policy: bench: hard margin=0.45m, soft radius=0.70m, risk weight=3.0.","{""x"":-0.38,""y"":-1.38,""z"":-0.25}","{""x"":-2.53,""y"":-0.57,""z"":-0.25}","{""x"":[-3.0,3.0],""y"":[-3.0,3.0],""z"":-0.25}","[{""id"":""semantic-1"",""label"":""bench"",""shape"":""box"",""min_corner"":[0.02,0.86,-0.6],""max_corner"":[1.07,1.26,0.1],""size"":[1.04,0.4,0.7]}]","{""person"":{""hard_margin_m"":0.65,""soft_radius_m"":1.2,""risk_weight"":8.0},""chair"":{""hard_margin_m"":0.4,""soft_radius_m"":0.55,""risk_weight"":2.0},""backpack"":{""hard_margin_m"":0.45,""soft_radius_m"":0.65,""risk_weight"":3.0},""bottle"":{""hard_margin_m"":0.4,""soft_radius_m"":0.45,""risk_weight"":2.0},""potted_plant"":{""hard_margin_m"":0.45,""soft_radius_m"":0.7,""risk_weight"":3.0},""bench"":{""hard_margin_m"":0.45,""soft_radius_m"":0.7,""risk_weight"":3.0},""stop_sign"":{""hard_margin_m"":0.5,""soft_radius_m"":0.85,""risk_weight"":5.0},""unknown"":{""hard_margin_m"":0.6,""soft_radius_m"":1.0,""risk_weight"":6.0},""default"":{""hard_margin_m"":0.45,""soft_radius_m"":0.7,""risk_weight"":3.0}}",2.29752,"[{""x"":-0.38,""y"":-1.38,""z"":-0.25},{""x"":-2.53,""y"":-0.57,""z"":-0.25}]"
15,"You are an expert semantic UAV path planner. Return sparse fixed-altitude NED waypoints that minimize path length plus semantic risk while satisfying every hard collision margin.
Mission state: the UAV is holding hover at the start position. Workspace: x=[-3.00,3.00]m, y=[-3.00,3.00]m, z=-0.25 fixed. Start: (-0.30,1.63,-0.25); goal: (-2.03,-0.51,-0.25); distance=2.75m. Semantic obstacle boxes: 1 bottle: x=[1.08,1.31], y=[-1.87,-1.65]. Semantic policy: bottle: hard margin=0.40m, soft radius=0.45m, risk weight=2.0.
Constraints:
- first waypoint exactly equals start and final waypoint exactly equals goal
- return between 2 and 8 waypoints, all inside the workspace at the fixed z
- never enter a hard-margin region; prefer lower accumulated soft semantic risk
- return only the structured output requested by the response model","{""reasoning"":""Semantic Theta* selected a hard-safe any-angle route minimizing distance and label-conditioned risk."",""waypoints"":[{""x"":-0.3,""y"":1.63,""z"":-0.25},{""x"":-2.03,""y"":-0.51,""z"":-0.25}]}","[{""role"":""user"",""content"":""You are an expert semantic UAV path planner. Return sparse fixed-altitude NED waypoints that minimize path length plus semantic risk while satisfying every hard collision margin.\nMission state: the UAV is holding hover at the start position. Workspace: x=[-3.00,3.00]m, y=[-3.00,3.00]m, z=-0.25 fixed. Start: (-0.30,1.63,-0.25); goal: (-2.03,-0.51,-0.25); distance=2.75m. Semantic obstacle boxes: 1 bottle: x=[1.08,1.31], y=[-1.87,-1.65]. Semantic policy: bottle: hard margin=0.40m, soft radius=0.45m, risk weight=2.0.\nConstraints:\n- first waypoint exactly equals start and final waypoint exactly equals goal\n- return between 2 and 8 waypoints, all inside the workspace at the fixed z\n- never enter a hard-margin region; prefer lower accumulated soft semantic risk\n- return only the structured output requested by the response model""},{""role"":""assistant"",""content"":""{\""reasoning\"":\""Semantic Theta* selected a hard-safe any-angle route minimizing distance and label-conditioned risk.\"",\""waypoints\"":[{\""x\"":-0.3,\""y\"":1.63,\""z\"":-0.25},{\""x\"":-2.03,\""y\"":-0.51,\""z\"":-0.25}]}""}]","Mission state: the UAV is holding hover at the start position. Workspace: x=[-3.00,3.00]m, y=[-3.00,3.00]m, z=-0.25 fixed. Start: (-0.30,1.63,-0.25); goal: (-2.03,-0.51,-0.25); distance=2.75m. Semantic obstacle boxes: 1 bottle: x=[1.08,1.31], y=[-1.87,-1.65]. Semantic policy: bottle: hard margin=0.40m, soft radius=0.45m, risk weight=2.0.","{""x"":-0.3,""y"":1.63,""z"":-0.25}","{""x"":-2.03,""y"":-0.51,""z"":-0.25}","{""x"":[-3.0,3.0],""y"":[-3.0,3.0],""z"":-0.25}","[{""id"":""semantic-1"",""label"":""bottle"",""shape"":""box"",""min_corner"":[1.08,-1.87,-0.42],""max_corner"":[1.31,-1.65,-0.08],""size"":[0.23,0.22,0.35]}]","{""person"":{""hard_margin_m"":0.65,""soft_radius_m"":1.2,""risk_weight"":8.0},""chair"":{""hard_margin_m"":0.4,""soft_radius_m"":0.55,""risk_weight"":2.0},""backpack"":{""hard_margin_m"":0.45,""soft_radius_m"":0.65,""risk_weight"":3.0},""bottle"":{""hard_margin_m"":0.4,""soft_radius_m"":0.45,""risk_weight"":2.0},""potted_plant"":{""hard_margin_m"":0.45,""soft_radius_m"":0.7,""risk_weight"":3.0},""bench"":{""hard_margin_m"":0.45,""soft_radius_m"":0.7,""risk_weight"":3.0},""stop_sign"":{""hard_margin_m"":0.5,""soft_radius_m"":0.85,""risk_weight"":5.0},""unknown"":{""hard_margin_m"":0.6,""soft_radius_m"":1.0,""risk_weight"":6.0},""default"":{""hard_margin_m"":0.45,""soft_radius_m"":0.7,""risk_weight"":3.0}}",2.751818,"[{""x"":-0.3,""y"":1.63,""z"":-0.25},{""x"":-2.03,""y"":-0.51,""z"":-0.25}]"
16,"You are an expert semantic UAV path planner. Return sparse fixed-altitude NED waypoints that minimize path length plus semantic risk while satisfying every hard collision margin.
Mission state: the UAV is holding hover at the start position. Workspace: x=[-3.00,3.00]m, y=[-3.00,3.00]m, z=-0.25 fixed. Start: (1.59,2.05,-0.25); goal: (-2.57,0.95,-0.25); distance=4.30m. Semantic obstacle boxes: 1 backpack: x=[-0.54,-0.11], y=[0.69,0.98]; 2 backpack: x=[-0.75,-0.46], y=[0.92,1.20]. Semantic policy: backpack: hard margin=0.45m, soft radius=0.65m, risk weight=3.0.
Constraints:
- first waypoint exactly equals start and final waypoint exactly equals goal
- return between 2 and 8 waypoints, all inside the workspace at the fixed z
- never enter a hard-margin region; prefer lower accumulated soft semantic risk
- return only the structured output requested by the response model","{""reasoning"":""Semantic Theta* selected a hard-safe any-angle route minimizing distance and label-conditioned risk."",""waypoints"":[{""x"":1.59,""y"":2.05,""z"":-0.25},{""x"":-1.2,""y"":1.8,""z"":-0.25},{""x"":-2.57,""y"":0.95,""z"":-0.25}]}","[{""role"":""user"",""content"":""You are an expert semantic UAV path planner. Return sparse fixed-altitude NED waypoints that minimize path length plus semantic risk while satisfying every hard collision margin.\nMission state: the UAV is holding hover at the start position. Workspace: x=[-3.00,3.00]m, y=[-3.00,3.00]m, z=-0.25 fixed. Start: (1.59,2.05,-0.25); goal: (-2.57,0.95,-0.25); distance=4.30m. Semantic obstacle boxes: 1 backpack: x=[-0.54,-0.11], y=[0.69,0.98]; 2 backpack: x=[-0.75,-0.46], y=[0.92,1.20]. Semantic policy: backpack: hard margin=0.45m, soft radius=0.65m, risk weight=3.0.\nConstraints:\n- first waypoint exactly equals start and final waypoint exactly equals goal\n- return between 2 and 8 waypoints, all inside the workspace at the fixed z\n- never enter a hard-margin region; prefer lower accumulated soft semantic risk\n- return only the structured output requested by the response model""},{""role"":""assistant"",""content"":""{\""reasoning\"":\""Semantic Theta* selected a hard-safe any-angle route minimizing distance and label-conditioned risk.\"",\""waypoints\"":[{\""x\"":1.59,\""y\"":2.05,\""z\"":-0.25},{\""x\"":-1.2,\""y\"":1.8,\""z\"":-0.25},{\""x\"":-2.57,\""y\"":0.95,\""z\"":-0.25}]}""}]","Mission state: the UAV is holding hover at the start position. Workspace: x=[-3.00,3.00]m, y=[-3.00,3.00]m, z=-0.25 fixed. Start: (1.59,2.05,-0.25); goal: (-2.57,0.95,-0.25); distance=4.30m. Semantic obstacle boxes: 1 backpack: x=[-0.54,-0.11], y=[0.69,0.98]; 2 backpack: x=[-0.75,-0.46], y=[0.92,1.20]. Semantic policy: backpack: hard margin=0.45m, soft radius=0.65m, risk weight=3.0.","{""x"":1.59,""y"":2.05,""z"":-0.25}","{""x"":-2.57,""y"":0.95,""z"":-0.25}","{""x"":[-3.0,3.0],""y"":[-3.0,3.0],""z"":-0.25}","[{""id"":""semantic-1"",""label"":""backpack"",""shape"":""box"",""min_corner"":[-0.54,0.69,-0.53],""max_corner"":[-0.11,0.98,0.03],""size"":[0.44,0.3,0.55]},{""id"":""semantic-2"",""label"":""backpack"",""shape"":""box"",""min_corner"":[-0.75,0.92,-0.53],""max_corner"":[-0.46,1.2,0.03],""size"":[0.3,0.29,0.55]}]","{""person"":{""hard_margin_m"":0.65,""soft_radius_m"":1.2,""risk_weight"":8.0},""chair"":{""hard_margin_m"":0.4,""soft_radius_m"":0.55,""risk_weight"":2.0},""backpack"":{""hard_margin_m"":0.45,""soft_radius_m"":0.65,""risk_weight"":3.0},""bottle"":{""hard_margin_m"":0.4,""soft_radius_m"":0.45,""risk_weight"":2.0},""potted_plant"":{""hard_margin_m"":0.45,""soft_radius_m"":0.7,""risk_weight"":3.0},""bench"":{""hard_margin_m"":0.45,""soft_radius_m"":0.7,""risk_weight"":3.0},""stop_sign"":{""hard_margin_m"":0.5,""soft_radius_m"":0.85,""risk_weight"":5.0},""unknown"":{""hard_margin_m"":0.6,""soft_radius_m"":1.0,""risk_weight"":6.0},""default"":{""hard_margin_m"":0.45,""soft_radius_m"":0.7,""risk_weight"":3.0}}",4.413596,"[{""x"":1.59,""y"":2.05,""z"":-0.25},{""x"":-1.2,""y"":1.8,""z"":-0.25},{""x"":-2.57,""y"":0.95,""z"":-0.25}]"
17,"You are an expert semantic UAV path planner. Return sparse fixed-altitude NED waypoints that minimize path length plus semantic risk while satisfying every hard collision margin.
Mission state: the UAV is holding hover at the start position. Workspace: x=[-3.00,3.00]m, y=[-3.00,3.00]m, z=-0.25 fixed. Start: (-0.73,-0.99,-0.25); goal: (2.23,1.77,-0.25); distance=4.05m. Semantic obstacle boxes: 1 stop_sign: x=[-0.26,0.18], y=[-0.32,0.01]; 2 stop_sign: x=[-2.45,-2.02], y=[2.66,2.96]. Semantic policy: stop_sign: hard margin=0.50m, soft radius=0.85m, risk weight=5.0.
Constraints:
- first waypoint exactly equals start and final waypoint exactly equals goal
- return between 2 and 8 waypoints, all inside the workspace at the fixed z
- never enter a hard-margin region; prefer lower accumulated soft semantic risk
- return only the structured output requested by the response model","{""reasoning"":""Semantic Theta* selected a hard-safe any-angle route minimizing distance and label-conditioned risk."",""waypoints"":[{""x"":-0.73,""y"":-0.99,""z"":-0.25},{""x"":0.6,""y"":-1.0,""z"":-0.25},{""x"":2.23,""y"":1.77,""z"":-0.25}]}","[{""role"":""user"",""content"":""You are an expert semantic UAV path planner. Return sparse fixed-altitude NED waypoints that minimize path length plus semantic risk while satisfying every hard collision margin.\nMission state: the UAV is holding hover at the start position. Workspace: x=[-3.00,3.00]m, y=[-3.00,3.00]m, z=-0.25 fixed. Start: (-0.73,-0.99,-0.25); goal: (2.23,1.77,-0.25); distance=4.05m. Semantic obstacle boxes: 1 stop_sign: x=[-0.26,0.18], y=[-0.32,0.01]; 2 stop_sign: x=[-2.45,-2.02], y=[2.66,2.96]. Semantic policy: stop_sign: hard margin=0.50m, soft radius=0.85m, risk weight=5.0.\nConstraints:\n- first waypoint exactly equals start and final waypoint exactly equals goal\n- return between 2 and 8 waypoints, all inside the workspace at the fixed z\n- never enter a hard-margin region; prefer lower accumulated soft semantic risk\n- return only the structured output requested by the response model""},{""role"":""assistant"",""content"":""{\""reasoning\"":\""Semantic Theta* selected a hard-safe any-angle route minimizing distance and label-conditioned risk.\"",\""waypoints\"":[{\""x\"":-0.73,\""y\"":-0.99,\""z\"":-0.25},{\""x\"":0.6,\""y\"":-1.0,\""z\"":-0.25},{\""x\"":2.23,\""y\"":1.77,\""z\"":-0.25}]}""}]","Mission state: the UAV is holding hover at the start position. Workspace: x=[-3.00,3.00]m, y=[-3.00,3.00]m, z=-0.25 fixed. Start: (-0.73,-0.99,-0.25); goal: (2.23,1.77,-0.25); distance=4.05m. Semantic obstacle boxes: 1 stop_sign: x=[-0.26,0.18], y=[-0.32,0.01]; 2 stop_sign: x=[-2.45,-2.02], y=[2.66,2.96]. Semantic policy: stop_sign: hard margin=0.50m, soft radius=0.85m, risk weight=5.0.","{""x"":-0.73,""y"":-0.99,""z"":-0.25}","{""x"":2.23,""y"":1.77,""z"":-0.25}","{""x"":[-3.0,3.0],""y"":[-3.0,3.0],""z"":-0.25}","[{""id"":""semantic-1"",""label"":""stop_sign"",""shape"":""box"",""min_corner"":[-0.26,-0.32,-1.0],""max_corner"":[0.18,0.01,0.5],""size"":[0.44,0.33,1.5]},{""id"":""semantic-2"",""label"":""stop_sign"",""shape"":""box"",""min_corner"":[-2.45,2.66,-1.0],""max_corner"":[-2.02,2.96,0.5],""size"":[0.42,0.3,1.5]}]","{""person"":{""hard_margin_m"":0.65,""soft_radius_m"":1.2,""risk_weight"":8.0},""chair"":{""hard_margin_m"":0.4,""soft_radius_m"":0.55,""risk_weight"":2.0},""backpack"":{""hard_margin_m"":0.45,""soft_radius_m"":0.65,""risk_weight"":3.0},""bottle"":{""hard_margin_m"":0.4,""soft_radius_m"":0.45,""risk_weight"":2.0},""potted_plant"":{""hard_margin_m"":0.45,""soft_radius_m"":0.7,""risk_weight"":3.0},""bench"":{""hard_margin_m"":0.45,""soft_radius_m"":0.7,""risk_weight"":3.0},""stop_sign"":{""hard_margin_m"":0.5,""soft_radius_m"":0.85,""risk_weight"":5.0},""unknown"":{""hard_margin_m"":0.6,""soft_radius_m"":1.0,""risk_weight"":6.0},""default"":{""hard_margin_m"":0.45,""soft_radius_m"":0.7,""risk_weight"":3.0}}",4.818329,"[{""x"":-0.73,""y"":-0.99,""z"":-0.25},{""x"":0.6,""y"":-1.0,""z"":-0.25},{""x"":2.23,""y"":1.77,""z"":-0.25}]"
18,"You are an expert semantic UAV path planner. Return sparse fixed-altitude NED waypoints that minimize path length plus semantic risk while satisfying every hard collision margin.
Mission state: the UAV is holding hover at the start position. Workspace: x=[-3.00,3.00]m, y=[-3.00,3.00]m, z=-0.25 fixed. Start: (-0.02,-1.41,-0.25); goal: (-2.23,-2.06,-0.25); distance=2.30m. Semantic obstacle boxes: 1 person: x=[-2.70,-2.18], y=[2.03,2.44]. Semantic policy: person: hard margin=0.65m, soft radius=1.20m, risk weight=8.0.
Constraints:
- first waypoint exactly equals start and final waypoint exactly equals goal
- return between 2 and 8 waypoints, all inside the workspace at the fixed z
- never enter a hard-margin region; prefer lower accumulated soft semantic risk
- return only the structured output requested by the response model","{""reasoning"":""Semantic Theta* selected a hard-safe any-angle route minimizing distance and label-conditioned risk."",""waypoints"":[{""x"":-0.02,""y"":-1.41,""z"":-0.25},{""x"":-2.23,""y"":-2.06,""z"":-0.25}]}","[{""role"":""user"",""content"":""You are an expert semantic UAV path planner. Return sparse fixed-altitude NED waypoints that minimize path length plus semantic risk while satisfying every hard collision margin.\nMission state: the UAV is holding hover at the start position. Workspace: x=[-3.00,3.00]m, y=[-3.00,3.00]m, z=-0.25 fixed. Start: (-0.02,-1.41,-0.25); goal: (-2.23,-2.06,-0.25); distance=2.30m. Semantic obstacle boxes: 1 person: x=[-2.70,-2.18], y=[2.03,2.44]. Semantic policy: person: hard margin=0.65m, soft radius=1.20m, risk weight=8.0.\nConstraints:\n- first waypoint exactly equals start and final waypoint exactly equals goal\n- return between 2 and 8 waypoints, all inside the workspace at the fixed z\n- never enter a hard-margin region; prefer lower accumulated soft semantic risk\n- return only the structured output requested by the response model""},{""role"":""assistant"",""content"":""{\""reasoning\"":\""Semantic Theta* selected a hard-safe any-angle route minimizing distance and label-conditioned risk.\"",\""waypoints\"":[{\""x\"":-0.02,\""y\"":-1.41,\""z\"":-0.25},{\""x\"":-2.23,\""y\"":-2.06,\""z\"":-0.25}]}""}]","Mission state: the UAV is holding hover at the start position. Workspace: x=[-3.00,3.00]m, y=[-3.00,3.00]m, z=-0.25 fixed. Start: (-0.02,-1.41,-0.25); goal: (-2.23,-2.06,-0.25); distance=2.30m. Semantic obstacle boxes: 1 person: x=[-2.70,-2.18], y=[2.03,2.44]. Semantic policy: person: hard margin=0.65m, soft radius=1.20m, risk weight=8.0.","{""x"":-0.02,""y"":-1.41,""z"":-0.25}","{""x"":-2.23,""y"":-2.06,""z"":-0.25}","{""x"":[-3.0,3.0],""y"":[-3.0,3.0],""z"":-0.25}","[{""id"":""semantic-1"",""label"":""person"",""shape"":""box"",""min_corner"":[-2.7,2.03,-1.1],""max_corner"":[-2.18,2.44,0.6],""size"":[0.52,0.41,1.7]}]","{""person"":{""hard_margin_m"":0.65,""soft_radius_m"":1.2,""risk_weight"":8.0},""chair"":{""hard_margin_m"":0.4,""soft_radius_m"":0.55,""risk_weight"":2.0},""backpack"":{""hard_margin_m"":0.45,""soft_radius_m"":0.65,""risk_weight"":3.0},""bottle"":{""hard_margin_m"":0.4,""soft_radius_m"":0.45,""risk_weight"":2.0},""potted_plant"":{""hard_margin_m"":0.45,""soft_radius_m"":0.7,""risk_weight"":3.0},""bench"":{""hard_margin_m"":0.45,""soft_radius_m"":0.7,""risk_weight"":3.0},""stop_sign"":{""hard_margin_m"":0.5,""soft_radius_m"":0.85,""risk_weight"":5.0},""unknown"":{""hard_margin_m"":0.6,""soft_radius_m"":1.0,""risk_weight"":6.0},""default"":{""hard_margin_m"":0.45,""soft_radius_m"":0.7,""risk_weight"":3.0}}",2.303606,"[{""x"":-0.02,""y"":-1.41,""z"":-0.25},{""x"":-2.23,""y"":-2.06,""z"":-0.25}]"
19,"You are an expert semantic UAV path planner. Return sparse fixed-altitude NED waypoints that minimize path length plus semantic risk while satisfying every hard collision margin.
Mission state: the UAV is holding hover at the start position. Workspace: x=[-3.00,3.00]m, y=[-3.00,3.00]m, z=-0.25 fixed. Start: (2.09,0.88,-0.25); goal: (0.19,0.88,-0.25); distance=1.90m. Semantic obstacle boxes: 1 potted_plant: x=[-2.60,-2.20], y=[-2.70,-2.18]; 2 potted_plant: x=[-0.29,0.05], y=[-1.17,-0.74]; 3 unknown: x=[1.71,2.18], y=[-2.39,-1.69]; 4 chair: x=[-2.39,-1.97], y=[1.06,1.60]. Semantic policy: chair: hard margin=0.40m, soft radius=0.55m, risk weight=2.0; potted_plant: hard margin=0.45m, soft radius=0.70m, risk weight=3.0; unknown: hard margin=0.60m, soft radius=1.00m, risk weight=6.0.
Constraints:
- first waypoint exactly equals start and final waypoint exactly equals goal
- return between 2 and 8 waypoints, all inside the workspace at the fixed z
- never enter a hard-margin region; prefer lower accumulated soft semantic risk
- return only the structured output requested by the response model","{""reasoning"":""Semantic Theta* selected a hard-safe any-angle route minimizing distance and label-conditioned risk."",""waypoints"":[{""x"":2.09,""y"":0.88,""z"":-0.25},{""x"":0.19,""y"":0.88,""z"":-0.25}]}","[{""role"":""user"",""content"":""You are an expert semantic UAV path planner. Return sparse fixed-altitude NED waypoints that minimize path length plus semantic risk while satisfying every hard collision margin.\nMission state: the UAV is holding hover at the start position. Workspace: x=[-3.00,3.00]m, y=[-3.00,3.00]m, z=-0.25 fixed. Start: (2.09,0.88,-0.25); goal: (0.19,0.88,-0.25); distance=1.90m. Semantic obstacle boxes: 1 potted_plant: x=[-2.60,-2.20], y=[-2.70,-2.18]; 2 potted_plant: x=[-0.29,0.05], y=[-1.17,-0.74]; 3 unknown: x=[1.71,2.18], y=[-2.39,-1.69]; 4 chair: x=[-2.39,-1.97], y=[1.06,1.60]. Semantic policy: chair: hard margin=0.40m, soft radius=0.55m, risk weight=2.0; potted_plant: hard margin=0.45m, soft radius=0.70m, risk weight=3.0; unknown: hard margin=0.60m, soft radius=1.00m, risk weight=6.0.\nConstraints:\n- first waypoint exactly equals start and final waypoint exactly equals goal\n- return between 2 and 8 waypoints, all inside the workspace at the fixed z\n- never enter a hard-margin region; prefer lower accumulated soft semantic risk\n- return only the structured output requested by the response model""},{""role"":""assistant"",""content"":""{\""reasoning\"":\""Semantic Theta* selected a hard-safe any-angle route minimizing distance and label-conditioned risk.\"",\""waypoints\"":[{\""x\"":2.09,\""y\"":0.88,\""z\"":-0.25},{\""x\"":0.19,\""y\"":0.88,\""z\"":-0.25}]}""}]","Mission state: the UAV is holding hover at the start position. Workspace: x=[-3.00,3.00]m, y=[-3.00,3.00]m, z=-0.25 fixed. Start: (2.09,0.88,-0.25); goal: (0.19,0.88,-0.25); distance=1.90m. Semantic obstacle boxes: 1 potted_plant: x=[-2.60,-2.20], y=[-2.70,-2.18]; 2 potted_plant: x=[-0.29,0.05], y=[-1.17,-0.74]; 3 unknown: x=[1.71,2.18], y=[-2.39,-1.69]; 4 chair: x=[-2.39,-1.97], y=[1.06,1.60]. Semantic policy: chair: hard margin=0.40m, soft radius=0.55m, risk weight=2.0; potted_plant: hard margin=0.45m, soft radius=0.70m, risk weight=3.0; unknown: hard margin=0.60m, soft radius=1.00m, risk weight=6.0.","{""x"":2.09,""y"":0.88,""z"":-0.25}","{""x"":0.19,""y"":0.88,""z"":-0.25}","{""x"":[-3.0,3.0],""y"":[-3.0,3.0],""z"":-0.25}","[{""id"":""semantic-1"",""label"":""potted_plant"",""shape"":""box"",""min_corner"":[-2.6,-2.7,-0.7],""max_corner"":[-2.2,-2.18,0.2],""size"":[0.4,0.51,0.9]},{""id"":""semantic-2"",""label"":""potted_plant"",""shape"":""box"",""min_corner"":[-0.29,-1.17,-0.7],""max_corner"":[0.05,-0.74,0.2],""size"":[0.34,0.43,0.9]},{""id"":""semantic-3"",""label"":""unknown"",""shape"":""box"",""min_corner"":[1.71,-2.39,-0.75],""max_corner"":[2.18,-1.69,0.25],""size"":[0.47,0.69,1.0]},{""id"":""semantic-4"",""label"":""chair"",""shape"":""box"",""min_corner"":[-2.39,1.06,-0.7],""max_corner"":[-1.97,1.6,0.2],""size"":[0.41,0.54,0.9]}]","{""person"":{""hard_margin_m"":0.65,""soft_radius_m"":1.2,""risk_weight"":8.0},""chair"":{""hard_margin_m"":0.4,""soft_radius_m"":0.55,""risk_weight"":2.0},""backpack"":{""hard_margin_m"":0.45,""soft_radius_m"":0.65,""risk_weight"":3.0},""bottle"":{""hard_margin_m"":0.4,""soft_radius_m"":0.45,""risk_weight"":2.0},""potted_plant"":{""hard_margin_m"":0.45,""soft_radius_m"":0.7,""risk_weight"":3.0},""bench"":{""hard_margin_m"":0.45,""soft_radius_m"":0.7,""risk_weight"":3.0},""stop_sign"":{""hard_margin_m"":0.5,""soft_radius_m"":0.85,""risk_weight"":5.0},""unknown"":{""hard_margin_m"":0.6,""soft_radius_m"":1.0,""risk_weight"":6.0},""default"":{""hard_margin_m"":0.45,""soft_radius_m"":0.7,""risk_weight"":3.0}}",1.9,"[{""x"":2.09,""y"":0.88,""z"":-0.25},{""x"":0.19,""y"":0.88,""z"":-0.25}]"
20,"You are an expert semantic UAV path planner. Return sparse fixed-altitude NED waypoints that minimize path length plus semantic risk while satisfying every hard collision margin.
Mission state: the UAV is holding hover at the start position. Workspace: x=[-3.00,3.00]m, y=[-3.00,3.00]m, z=-0.25 fixed. Start: (-2.14,-1.82,-0.25); goal: (1.85,-2.72,-0.25); distance=4.09m. Semantic obstacle boxes: 1 person: x=[-2.48,-1.93], y=[-0.32,0.05]; 2 potted_plant: x=[0.29,0.86], y=[0.09,0.50]. Semantic policy: person: hard margin=0.65m, soft radius=1.20m, risk weight=8.0; potted_plant: hard margin=0.45m, soft radius=0.70m, risk weight=3.0.
Constraints:
- first waypoint exactly equals start and final waypoint exactly equals goal
- return between 2 and 8 waypoints, all inside the workspace at the fixed z
- never enter a hard-margin region; prefer lower accumulated soft semantic risk
- return only the structured output requested by the response model","{""reasoning"":""Semantic Theta* selected a hard-safe any-angle route minimizing distance and label-conditioned risk."",""waypoints"":[{""x"":-2.14,""y"":-1.82,""z"":-0.25},{""x"":1.85,""y"":-2.72,""z"":-0.25}]}","[{""role"":""user"",""content"":""You are an expert semantic UAV path planner. Return sparse fixed-altitude NED waypoints that minimize path length plus semantic risk while satisfying every hard collision margin.\nMission state: the UAV is holding hover at the start position. Workspace: x=[-3.00,3.00]m, y=[-3.00,3.00]m, z=-0.25 fixed. Start: (-2.14,-1.82,-0.25); goal: (1.85,-2.72,-0.25); distance=4.09m. Semantic obstacle boxes: 1 person: x=[-2.48,-1.93], y=[-0.32,0.05]; 2 potted_plant: x=[0.29,0.86], y=[0.09,0.50]. Semantic policy: person: hard margin=0.65m, soft radius=1.20m, risk weight=8.0; potted_plant: hard margin=0.45m, soft radius=0.70m, risk weight=3.0.\nConstraints:\n- first waypoint exactly equals start and final waypoint exactly equals goal\n- return between 2 and 8 waypoints, all inside the workspace at the fixed z\n- never enter a hard-margin region; prefer lower accumulated soft semantic risk\n- return only the structured output requested by the response model""},{""role"":""assistant"",""content"":""{\""reasoning\"":\""Semantic Theta* selected a hard-safe any-angle route minimizing distance and label-conditioned risk.\"",\""waypoints\"":[{\""x\"":-2.14,\""y\"":-1.82,\""z\"":-0.25},{\""x\"":1.85,\""y\"":-2.72,\""z\"":-0.25}]}""}]","Mission state: the UAV is holding hover at the start position. Workspace: x=[-3.00,3.00]m, y=[-3.00,3.00]m, z=-0.25 fixed. Start: (-2.14,-1.82,-0.25); goal: (1.85,-2.72,-0.25); distance=4.09m. Semantic obstacle boxes: 1 person: x=[-2.48,-1.93], y=[-0.32,0.05]; 2 potted_plant: x=[0.29,0.86], y=[0.09,0.50]. Semantic policy: person: hard margin=0.65m, soft radius=1.20m, risk weight=8.0; potted_plant: hard margin=0.45m, soft radius=0.70m, risk weight=3.0.","{""x"":-2.14,""y"":-1.82,""z"":-0.25}","{""x"":1.85,""y"":-2.72,""z"":-0.25}","{""x"":[-3.0,3.0],""y"":[-3.0,3.0],""z"":-0.25}","[{""id"":""semantic-1"",""label"":""person"",""shape"":""box"",""min_corner"":[-2.48,-0.32,-1.1],""max_corner"":[-1.93,0.05,0.6],""size"":[0.55,0.37,1.7]},{""id"":""semantic-2"",""label"":""potted_plant"",""shape"":""box"",""min_corner"":[0.29,0.09,-0.7],""max_corner"":[0.86,0.5,0.2],""size"":[0.58,0.41,0.9]}]","{""person"":{""hard_margin_m"":0.65,""soft_radius_m"":1.2,""risk_weight"":8.0},""chair"":{""hard_margin_m"":0.4,""soft_radius_m"":0.55,""risk_weight"":2.0},""backpack"":{""hard_margin_m"":0.45,""soft_radius_m"":0.65,""risk_weight"":3.0},""bottle"":{""hard_margin_m"":0.4,""soft_radius_m"":0.45,""risk_weight"":2.0},""potted_plant"":{""hard_margin_m"":0.45,""soft_radius_m"":0.7,""risk_weight"":3.0},""bench"":{""hard_margin_m"":0.45,""soft_radius_m"":0.7,""risk_weight"":3.0},""stop_sign"":{""hard_margin_m"":0.5,""soft_radius_m"":0.85,""risk_weight"":5.0},""unknown"":{""hard_margin_m"":0.6,""soft_radius_m"":1.0,""risk_weight"":6.0},""default"":{""hard_margin_m"":0.45,""soft_radius_m"":0.7,""risk_weight"":3.0}}",4.090244,"[{""x"":-2.14,""y"":-1.82,""z"":-0.25},{""x"":1.85,""y"":-2.72,""z"":-0.25}]"
21,"You are an expert semantic UAV path planner. Return sparse fixed-altitude NED waypoints that minimize path length plus semantic risk while satisfying every hard collision margin.
Mission state: the UAV is holding hover at the start position. Workspace: x=[-3.00,3.00]m, y=[-3.00,3.00]m, z=-0.25 fixed. Start: (-0.38,-0.70,-0.25); goal: (0.81,-2.38,-0.25); distance=2.06m. Semantic obstacle boxes: 1 bench: x=[-2.72,-1.64], y=[-0.34,0.20]; 2 unknown: x=[1.02,1.47], y=[0.09,0.85]. Semantic policy: bench: hard margin=0.45m, soft radius=0.70m, risk weight=3.0; unknown: hard margin=0.60m, soft radius=1.00m, risk weight=6.0.
Constraints:
- first waypoint exactly equals start and final waypoint exactly equals goal
- return between 2 and 8 waypoints, all inside the workspace at the fixed z
- never enter a hard-margin region; prefer lower accumulated soft semantic risk
- return only the structured output requested by the response model","{""reasoning"":""Semantic Theta* selected a hard-safe any-angle route minimizing distance and label-conditioned risk."",""waypoints"":[{""x"":-0.38,""y"":-0.7,""z"":-0.25},{""x"":0.81,""y"":-2.38,""z"":-0.25}]}","[{""role"":""user"",""content"":""You are an expert semantic UAV path planner. Return sparse fixed-altitude NED waypoints that minimize path length plus semantic risk while satisfying every hard collision margin.\nMission state: the UAV is holding hover at the start position. Workspace: x=[-3.00,3.00]m, y=[-3.00,3.00]m, z=-0.25 fixed. Start: (-0.38,-0.70,-0.25); goal: (0.81,-2.38,-0.25); distance=2.06m. Semantic obstacle boxes: 1 bench: x=[-2.72,-1.64], y=[-0.34,0.20]; 2 unknown: x=[1.02,1.47], y=[0.09,0.85]. Semantic policy: bench: hard margin=0.45m, soft radius=0.70m, risk weight=3.0; unknown: hard margin=0.60m, soft radius=1.00m, risk weight=6.0.\nConstraints:\n- first waypoint exactly equals start and final waypoint exactly equals goal\n- return between 2 and 8 waypoints, all inside the workspace at the fixed z\n- never enter a hard-margin region; prefer lower accumulated soft semantic risk\n- return only the structured output requested by the response model""},{""role"":""assistant"",""content"":""{\""reasoning\"":\""Semantic Theta* selected a hard-safe any-angle route minimizing distance and label-conditioned risk.\"",\""waypoints\"":[{\""x\"":-0.38,\""y\"":-0.7,\""z\"":-0.25},{\""x\"":0.81,\""y\"":-2.38,\""z\"":-0.25}]}""}]","Mission state: the UAV is holding hover at the start position. Workspace: x=[-3.00,3.00]m, y=[-3.00,3.00]m, z=-0.25 fixed. Start: (-0.38,-0.70,-0.25); goal: (0.81,-2.38,-0.25); distance=2.06m. Semantic obstacle boxes: 1 bench: x=[-2.72,-1.64], y=[-0.34,0.20]; 2 unknown: x=[1.02,1.47], y=[0.09,0.85]. Semantic policy: bench: hard margin=0.45m, soft radius=0.70m, risk weight=3.0; unknown: hard margin=0.60m, soft radius=1.00m, risk weight=6.0.","{""x"":-0.38,""y"":-0.7,""z"":-0.25}","{""x"":0.81,""y"":-2.38,""z"":-0.25}","{""x"":[-3.0,3.0],""y"":[-3.0,3.0],""z"":-0.25}","[{""id"":""semantic-1"",""label"":""bench"",""shape"":""box"",""min_corner"":[-2.72,-0.34,-0.6],""max_corner"":[-1.64,0.2,0.1],""size"":[1.08,0.53,0.7]},{""id"":""semantic-2"",""label"":""unknown"",""shape"":""box"",""min_corner"":[1.02,0.09,-0.75],""max_corner"":[1.47,0.85,0.25],""size"":[0.45,0.76,1.0]}]","{""person"":{""hard_margin_m"":0.65,""soft_radius_m"":1.2,""risk_weight"":8.0},""chair"":{""hard_margin_m"":0.4,""soft_radius_m"":0.55,""risk_weight"":2.0},""backpack"":{""hard_margin_m"":0.45,""soft_radius_m"":0.65,""risk_weight"":3.0},""bottle"":{""hard_margin_m"":0.4,""soft_radius_m"":0.45,""risk_weight"":2.0},""potted_plant"":{""hard_margin_m"":0.45,""soft_radius_m"":0.7,""risk_weight"":3.0},""bench"":{""hard_margin_m"":0.45,""soft_radius_m"":0.7,""risk_weight"":3.0},""stop_sign"":{""hard_margin_m"":0.5,""soft_radius_m"":0.85,""risk_weight"":5.0},""unknown"":{""hard_margin_m"":0.6,""soft_radius_m"":1.0,""risk_weight"":6.0},""default"":{""hard_margin_m"":0.45,""soft_radius_m"":0.7,""risk_weight"":3.0}}",2.058762,"[{""x"":-0.38,""y"":-0.7,""z"":-0.25},{""x"":0.81,""y"":-2.38,""z"":-0.25}]"
22,"You are an expert semantic UAV path planner. Return sparse fixed-altitude NED waypoints that minimize path length plus semantic risk while satisfying every hard collision margin.
Mission state: the UAV is holding hover at the start position. Workspace: x=[-3.00,3.00]m, y=[-3.00,3.00]m, z=-0.25 fixed. Start: (1.00,1.57,-0.25); goal: (-2.57,-1.07,-0.25); distance=4.44m. Semantic obstacle boxes: none. Semantic policy: No semantic risk fields are active.
Constraints:
- first waypoint exactly equals start and final waypoint exactly equals goal
- return between 2 and 8 waypoints, all inside the workspace at the fixed z
- never enter a hard-margin region; prefer lower accumulated soft semantic risk
- return only the structured output requested by the response model","{""reasoning"":""Semantic Theta* selected a hard-safe any-angle route minimizing distance and label-conditioned risk."",""waypoints"":[{""x"":1.0,""y"":1.57,""z"":-0.25},{""x"":-2.57,""y"":-1.07,""z"":-0.25}]}","[{""role"":""user"",""content"":""You are an expert semantic UAV path planner. Return sparse fixed-altitude NED waypoints that minimize path length plus semantic risk while satisfying every hard collision margin.\nMission state: the UAV is holding hover at the start position. Workspace: x=[-3.00,3.00]m, y=[-3.00,3.00]m, z=-0.25 fixed. Start: (1.00,1.57,-0.25); goal: (-2.57,-1.07,-0.25); distance=4.44m. Semantic obstacle boxes: none. Semantic policy: No semantic risk fields are active.\nConstraints:\n- first waypoint exactly equals start and final waypoint exactly equals goal\n- return between 2 and 8 waypoints, all inside the workspace at the fixed z\n- never enter a hard-margin region; prefer lower accumulated soft semantic risk\n- return only the structured output requested by the response model""},{""role"":""assistant"",""content"":""{\""reasoning\"":\""Semantic Theta* selected a hard-safe any-angle route minimizing distance and label-conditioned risk.\"",\""waypoints\"":[{\""x\"":1.0,\""y\"":1.57,\""z\"":-0.25},{\""x\"":-2.57,\""y\"":-1.07,\""z\"":-0.25}]}""}]","Mission state: the UAV is holding hover at the start position. Workspace: x=[-3.00,3.00]m, y=[-3.00,3.00]m, z=-0.25 fixed. Start: (1.00,1.57,-0.25); goal: (-2.57,-1.07,-0.25); distance=4.44m. Semantic obstacle boxes: none. Semantic policy: No semantic risk fields are active.","{""x"":1.0,""y"":1.57,""z"":-0.25}","{""x"":-2.57,""y"":-1.07,""z"":-0.25}","{""x"":[-3.0,3.0],""y"":[-3.0,3.0],""z"":-0.25}",[],"{""person"":{""hard_margin_m"":0.65,""soft_radius_m"":1.2,""risk_weight"":8.0},""chair"":{""hard_margin_m"":0.4,""soft_radius_m"":0.55,""risk_weight"":2.0},""backpack"":{""hard_margin_m"":0.45,""soft_radius_m"":0.65,""risk_weight"":3.0},""bottle"":{""hard_margin_m"":0.4,""soft_radius_m"":0.45,""risk_weight"":2.0},""potted_plant"":{""hard_margin_m"":0.45,""soft_radius_m"":0.7,""risk_weight"":3.0},""bench"":{""hard_margin_m"":0.45,""soft_radius_m"":0.7,""risk_weight"":3.0},""stop_sign"":{""hard_margin_m"":0.5,""soft_radius_m"":0.85,""risk_weight"":5.0},""unknown"":{""hard_margin_m"":0.6,""soft_radius_m"":1.0,""risk_weight"":6.0},""default"":{""hard_margin_m"":0.45,""soft_radius_m"":0.7,""risk_weight"":3.0}}",4.440101,"[{""x"":1.0,""y"":1.57,""z"":-0.25},{""x"":-2.57,""y"":-1.07,""z"":-0.25}]"
23,"You are an expert semantic UAV path planner. Return sparse fixed-altitude NED waypoints that minimize path length plus semantic risk while satisfying every hard collision margin.
Mission state: the UAV is holding hover at the start position. Workspace: x=[-3.00,3.00]m, y=[-3.00,3.00]m, z=-0.25 fixed. Start: (2.12,2.05,-0.25); goal: (2.72,1.07,-0.25); distance=1.15m. Semantic obstacle boxes: 1 stop_sign: x=[1.51,1.86], y=[0.87,1.13]; 2 bottle: x=[0.50,0.69], y=[1.46,1.68]. Semantic policy: bottle: hard margin=0.40m, soft radius=0.45m, risk weight=2.0; stop_sign: hard margin=0.50m, soft radius=0.85m, risk weight=5.0.
Constraints:
- first waypoint exactly equals start and final waypoint exactly equals goal
- return between 2 and 8 waypoints, all inside the workspace at the fixed z
- never enter a hard-margin region; prefer lower accumulated soft semantic risk
- return only the structured output requested by the response model","{""reasoning"":""Semantic Theta* selected a hard-safe any-angle route minimizing distance and label-conditioned risk."",""waypoints"":[{""x"":2.12,""y"":2.05,""z"":-0.25},{""x"":2.6,""y"":1.4,""z"":-0.25},{""x"":2.72,""y"":1.07,""z"":-0.25}]}","[{""role"":""user"",""content"":""You are an expert semantic UAV path planner. Return sparse fixed-altitude NED waypoints that minimize path length plus semantic risk while satisfying every hard collision margin.\nMission state: the UAV is holding hover at the start position. Workspace: x=[-3.00,3.00]m, y=[-3.00,3.00]m, z=-0.25 fixed. Start: (2.12,2.05,-0.25); goal: (2.72,1.07,-0.25); distance=1.15m. Semantic obstacle boxes: 1 stop_sign: x=[1.51,1.86], y=[0.87,1.13]; 2 bottle: x=[0.50,0.69], y=[1.46,1.68]. Semantic policy: bottle: hard margin=0.40m, soft radius=0.45m, risk weight=2.0; stop_sign: hard margin=0.50m, soft radius=0.85m, risk weight=5.0.\nConstraints:\n- first waypoint exactly equals start and final waypoint exactly equals goal\n- return between 2 and 8 waypoints, all inside the workspace at the fixed z\n- never enter a hard-margin region; prefer lower accumulated soft semantic risk\n- return only the structured output requested by the response model""},{""role"":""assistant"",""content"":""{\""reasoning\"":\""Semantic Theta* selected a hard-safe any-angle route minimizing distance and label-conditioned risk.\"",\""waypoints\"":[{\""x\"":2.12,\""y\"":2.05,\""z\"":-0.25},{\""x\"":2.6,\""y\"":1.4,\""z\"":-0.25},{\""x\"":2.72,\""y\"":1.07,\""z\"":-0.25}]}""}]","Mission state: the UAV is holding hover at the start position. Workspace: x=[-3.00,3.00]m, y=[-3.00,3.00]m, z=-0.25 fixed. Start: (2.12,2.05,-0.25); goal: (2.72,1.07,-0.25); distance=1.15m. Semantic obstacle boxes: 1 stop_sign: x=[1.51,1.86], y=[0.87,1.13]; 2 bottle: x=[0.50,0.69], y=[1.46,1.68]. Semantic policy: bottle: hard margin=0.40m, soft radius=0.45m, risk weight=2.0; stop_sign: hard margin=0.50m, soft radius=0.85m, risk weight=5.0.","{""x"":2.12,""y"":2.05,""z"":-0.25}","{""x"":2.72,""y"":1.07,""z"":-0.25}","{""x"":[-3.0,3.0],""y"":[-3.0,3.0],""z"":-0.25}","[{""id"":""semantic-1"",""label"":""stop_sign"",""shape"":""box"",""min_corner"":[1.51,0.87,-1.0],""max_corner"":[1.86,1.13,0.5],""size"":[0.35,0.26,1.5]},{""id"":""semantic-2"",""label"":""bottle"",""shape"":""box"",""min_corner"":[0.5,1.46,-0.42],""max_corner"":[0.69,1.68,-0.08],""size"":[0.19,0.22,0.35]}]","{""person"":{""hard_margin_m"":0.65,""soft_radius_m"":1.2,""risk_weight"":8.0},""chair"":{""hard_margin_m"":0.4,""soft_radius_m"":0.55,""risk_weight"":2.0},""backpack"":{""hard_margin_m"":0.45,""soft_radius_m"":0.65,""risk_weight"":3.0},""bottle"":{""hard_margin_m"":0.4,""soft_radius_m"":0.45,""risk_weight"":2.0},""potted_plant"":{""hard_margin_m"":0.45,""soft_radius_m"":0.7,""risk_weight"":3.0},""bench"":{""hard_margin_m"":0.45,""soft_radius_m"":0.7,""risk_weight"":3.0},""stop_sign"":{""hard_margin_m"":0.5,""soft_radius_m"":0.85,""risk_weight"":5.0},""unknown"":{""hard_margin_m"":0.6,""soft_radius_m"":1.0,""risk_weight"":6.0},""default"":{""hard_margin_m"":0.45,""soft_radius_m"":0.7,""risk_weight"":3.0}}",1.18722,"[{""x"":2.12,""y"":2.05,""z"":-0.25},{""x"":2.6,""y"":1.4,""z"":-0.25},{""x"":2.72,""y"":1.07,""z"":-0.25}]"
24,"You are an expert semantic UAV path planner. Return sparse fixed-altitude NED waypoints that minimize path length plus semantic risk while satisfying every hard collision margin.
Mission state: the UAV is holding hover at the start position. Workspace: x=[-3.00,3.00]m, y=[-3.00,3.00]m, z=-0.25 fixed. Start: (-1.11,2.62,-0.25); goal: (0.72,2.01,-0.25); distance=1.93m. Semantic obstacle boxes: 1 unknown: x=[1.55,1.95], y=[0.39,0.90]; 2 bottle: x=[-0.53,-0.30], y=[1.12,1.29]; 3 person: x=[1.27,1.63], y=[0.88,1.34]; 4 bench: x=[-2.16,-1.04], y=[1.35,1.82]. Semantic policy: bench: hard margin=0.45m, soft radius=0.70m, risk weight=3.0; bottle: hard margin=0.40m, soft radius=0.45m, risk weight=2.0; person: hard margin=0.65m, soft radius=1.20m, risk weight=8.0; unknown: hard margin=0.60m, soft radius=1.00m, risk weight=6.0.
Constraints:
- first waypoint exactly equals start and final waypoint exactly equals goal
- return between 2 and 8 waypoints, all inside the workspace at the fixed z
- never enter a hard-margin region; prefer lower accumulated soft semantic risk
- return only the structured output requested by the response model","{""reasoning"":""Semantic Theta* selected a hard-safe any-angle route minimizing distance and label-conditioned risk."",""waypoints"":[{""x"":-1.11,""y"":2.62,""z"":-0.25},{""x"":0.72,""y"":2.01,""z"":-0.25}]}","[{""role"":""user"",""content"":""You are an expert semantic UAV path planner. Return sparse fixed-altitude NED waypoints that minimize path length plus semantic risk while satisfying every hard collision margin.\nMission state: the UAV is holding hover at the start position. Workspace: x=[-3.00,3.00]m, y=[-3.00,3.00]m, z=-0.25 fixed. Start: (-1.11,2.62,-0.25); goal: (0.72,2.01,-0.25); distance=1.93m. Semantic obstacle boxes: 1 unknown: x=[1.55,1.95], y=[0.39,0.90]; 2 bottle: x=[-0.53,-0.30], y=[1.12,1.29]; 3 person: x=[1.27,1.63], y=[0.88,1.34]; 4 bench: x=[-2.16,-1.04], y=[1.35,1.82]. Semantic policy: bench: hard margin=0.45m, soft radius=0.70m, risk weight=3.0; bottle: hard margin=0.40m, soft radius=0.45m, risk weight=2.0; person: hard margin=0.65m, soft radius=1.20m, risk weight=8.0; unknown: hard margin=0.60m, soft radius=1.00m, risk weight=6.0.\nConstraints:\n- first waypoint exactly equals start and final waypoint exactly equals goal\n- return between 2 and 8 waypoints, all inside the workspace at the fixed z\n- never enter a hard-margin region; prefer lower accumulated soft semantic risk\n- return only the structured output requested by the response model""},{""role"":""assistant"",""content"":""{\""reasoning\"":\""Semantic Theta* selected a hard-safe any-angle route minimizing distance and label-conditioned risk.\"",\""waypoints\"":[{\""x\"":-1.11,\""y\"":2.62,\""z\"":-0.25},{\""x\"":0.72,\""y\"":2.01,\""z\"":-0.25}]}""}]","Mission state: the UAV is holding hover at the start position. Workspace: x=[-3.00,3.00]m, y=[-3.00,3.00]m, z=-0.25 fixed. Start: (-1.11,2.62,-0.25); goal: (0.72,2.01,-0.25); distance=1.93m. Semantic obstacle boxes: 1 unknown: x=[1.55,1.95], y=[0.39,0.90]; 2 bottle: x=[-0.53,-0.30], y=[1.12,1.29]; 3 person: x=[1.27,1.63], y=[0.88,1.34]; 4 bench: x=[-2.16,-1.04], y=[1.35,1.82]. Semantic policy: bench: hard margin=0.45m, soft radius=0.70m, risk weight=3.0; bottle: hard margin=0.40m, soft radius=0.45m, risk weight=2.0; person: hard margin=0.65m, soft radius=1.20m, risk weight=8.0; unknown: hard margin=0.60m, soft radius=1.00m, risk weight=6.0.","{""x"":-1.11,""y"":2.62,""z"":-0.25}","{""x"":0.72,""y"":2.01,""z"":-0.25}","{""x"":[-3.0,3.0],""y"":[-3.0,3.0],""z"":-0.25}","[{""id"":""semantic-1"",""label"":""unknown"",""shape"":""box"",""min_corner"":[1.55,0.39,-0.75],""max_corner"":[1.95,0.9,0.25],""size"":[0.4,0.52,1.0]},{""id"":""semantic-2"",""label"":""bottle"",""shape"":""box"",""min_corner"":[-0.53,1.12,-0.42],""max_corner"":[-0.3,1.29,-0.08],""size"":[0.23,0.17,0.35]},{""id"":""semantic-3"",""label"":""person"",""shape"":""box"",""min_corner"":[1.27,0.88,-1.1],""max_corner"":[1.63,1.34,0.6],""size"":[0.35,0.46,1.7]},{""id"":""semantic-4"",""label"":""bench"",""shape"":""box"",""min_corner"":[-2.16,1.35,-0.6],""max_corner"":[-1.04,1.82,0.1],""size"":[1.12,0.47,0.7]}]","{""person"":{""hard_margin_m"":0.65,""soft_radius_m"":1.2,""risk_weight"":8.0},""chair"":{""hard_margin_m"":0.4,""soft_radius_m"":0.55,""risk_weight"":2.0},""backpack"":{""hard_margin_m"":0.45,""soft_radius_m"":0.65,""risk_weight"":3.0},""bottle"":{""hard_margin_m"":0.4,""soft_radius_m"":0.45,""risk_weight"":2.0},""potted_plant"":{""hard_margin_m"":0.45,""soft_radius_m"":0.7,""risk_weight"":3.0},""bench"":{""hard_margin_m"":0.45,""soft_radius_m"":0.7,""risk_weight"":3.0},""stop_sign"":{""hard_margin_m"":0.5,""soft_radius_m"":0.85,""risk_weight"":5.0},""unknown"":{""hard_margin_m"":0.6,""soft_radius_m"":1.0,""risk_weight"":6.0},""default"":{""hard_margin_m"":0.45,""soft_radius_m"":0.7,""risk_weight"":3.0}}",2.006295,"[{""x"":-1.11,""y"":2.62,""z"":-0.25},{""x"":0.72,""y"":2.01,""z"":-0.25}]"
25,"You are an expert semantic UAV path planner. Return sparse fixed-altitude NED waypoints that minimize path length plus semantic risk while satisfying every hard collision margin.
Mission state: the UAV is holding hover at the start position. Workspace: x=[-3.00,3.00]m, y=[-3.00,3.00]m, z=-0.25 fixed. Start: (0.43,2.54,-0.25); goal: (-2.34,-2.86,-0.25); distance=6.07m. Semantic obstacle boxes: 1 unknown: x=[2.00,2.55], y=[-2.96,-2.30]. Semantic policy: unknown: hard margin=0.60m, soft radius=1.00m, risk weight=6.0.
Constraints:
- first waypoint exactly equals start and final waypoint exactly equals goal
- return between 2 and 8 waypoints, all inside the workspace at the fixed z
- never enter a hard-margin region; prefer lower accumulated soft semantic risk
- return only the structured output requested by the response model","{""reasoning"":""Semantic Theta* selected a hard-safe any-angle route minimizing distance and label-conditioned risk."",""waypoints"":[{""x"":0.43,""y"":2.54,""z"":-0.25},{""x"":-2.34,""y"":-2.86,""z"":-0.25}]}","[{""role"":""user"",""content"":""You are an expert semantic UAV path planner. Return sparse fixed-altitude NED waypoints that minimize path length plus semantic risk while satisfying every hard collision margin.\nMission state: the UAV is holding hover at the start position. Workspace: x=[-3.00,3.00]m, y=[-3.00,3.00]m, z=-0.25 fixed. Start: (0.43,2.54,-0.25); goal: (-2.34,-2.86,-0.25); distance=6.07m. Semantic obstacle boxes: 1 unknown: x=[2.00,2.55], y=[-2.96,-2.30]. Semantic policy: unknown: hard margin=0.60m, soft radius=1.00m, risk weight=6.0.\nConstraints:\n- first waypoint exactly equals start and final waypoint exactly equals goal\n- return between 2 and 8 waypoints, all inside the workspace at the fixed z\n- never enter a hard-margin region; prefer lower accumulated soft semantic risk\n- return only the structured output requested by the response model""},{""role"":""assistant"",""content"":""{\""reasoning\"":\""Semantic Theta* selected a hard-safe any-angle route minimizing distance and label-conditioned risk.\"",\""waypoints\"":[{\""x\"":0.43,\""y\"":2.54,\""z\"":-0.25},{\""x\"":-2.34,\""y\"":-2.86,\""z\"":-0.25}]}""}]","Mission state: the UAV is holding hover at the start position. Workspace: x=[-3.00,3.00]m, y=[-3.00,3.00]m, z=-0.25 fixed. Start: (0.43,2.54,-0.25); goal: (-2.34,-2.86,-0.25); distance=6.07m. Semantic obstacle boxes: 1 unknown: x=[2.00,2.55], y=[-2.96,-2.30]. Semantic policy: unknown: hard margin=0.60m, soft radius=1.00m, risk weight=6.0.","{""x"":0.43,""y"":2.54,""z"":-0.25}","{""x"":-2.34,""y"":-2.86,""z"":-0.25}","{""x"":[-3.0,3.0],""y"":[-3.0,3.0],""z"":-0.25}","[{""id"":""semantic-1"",""label"":""unknown"",""shape"":""box"",""min_corner"":[2.0,-2.96,-0.75],""max_corner"":[2.55,-2.3,0.25],""size"":[0.55,0.66,1.0]}]","{""person"":{""hard_margin_m"":0.65,""soft_radius_m"":1.2,""risk_weight"":8.0},""chair"":{""hard_margin_m"":0.4,""soft_radius_m"":0.55,""risk_weight"":2.0},""backpack"":{""hard_margin_m"":0.45,""soft_radius_m"":0.65,""risk_weight"":3.0},""bottle"":{""hard_margin_m"":0.4,""soft_radius_m"":0.45,""risk_weight"":2.0},""potted_plant"":{""hard_margin_m"":0.45,""soft_radius_m"":0.7,""risk_weight"":3.0},""bench"":{""hard_margin_m"":0.45,""soft_radius_m"":0.7,""risk_weight"":3.0},""stop_sign"":{""hard_margin_m"":0.5,""soft_radius_m"":0.85,""risk_weight"":5.0},""unknown"":{""hard_margin_m"":0.6,""soft_radius_m"":1.0,""risk_weight"":6.0},""default"":{""hard_margin_m"":0.45,""soft_radius_m"":0.7,""risk_weight"":3.0}}",6.069011,"[{""x"":0.43,""y"":2.54,""z"":-0.25},{""x"":-2.34,""y"":-2.86,""z"":-0.25}]"
26,"You are an expert semantic UAV path planner. Return sparse fixed-altitude NED waypoints that minimize path length plus semantic risk while satisfying every hard collision margin.
Mission state: the UAV is holding hover at the start position. Workspace: x=[-3.00,3.00]m, y=[-3.00,3.00]m, z=-0.25 fixed. Start: (-2.95,-0.70,-0.25); goal: (0.94,-0.61,-0.25); distance=3.89m. Semantic obstacle boxes: 1 bottle: x=[0.55,0.70], y=[2.51,2.73]; 2 bench: x=[-0.81,0.01], y=[-0.96,-0.60]. Semantic policy: bench: hard margin=0.45m, soft radius=0.70m, risk weight=3.0; bottle: hard margin=0.40m, soft radius=0.45m, risk weight=2.0.
Constraints:
- first waypoint exactly equals start and final waypoint exactly equals goal
- return between 2 and 8 waypoints, all inside the workspace at the fixed z
- never enter a hard-margin region; prefer lower accumulated soft semantic risk
- return only the structured output requested by the response model","{""reasoning"":""Semantic Theta* selected a hard-safe any-angle route minimizing distance and label-conditioned risk."",""waypoints"":[{""x"":-2.95,""y"":-0.7,""z"":-0.25},{""x"":-0.8,""y"":0.0,""z"":-0.25},{""x"":0.4,""y"":0.0,""z"":-0.25},{""x"":0.94,""y"":-0.61,""z"":-0.25}]}","[{""role"":""user"",""content"":""You are an expert semantic UAV path planner. Return sparse fixed-altitude NED waypoints that minimize path length plus semantic risk while satisfying every hard collision margin.\nMission state: the UAV is holding hover at the start position. Workspace: x=[-3.00,3.00]m, y=[-3.00,3.00]m, z=-0.25 fixed. Start: (-2.95,-0.70,-0.25); goal: (0.94,-0.61,-0.25); distance=3.89m. Semantic obstacle boxes: 1 bottle: x=[0.55,0.70], y=[2.51,2.73]; 2 bench: x=[-0.81,0.01], y=[-0.96,-0.60]. Semantic policy: bench: hard margin=0.45m, soft radius=0.70m, risk weight=3.0; bottle: hard margin=0.40m, soft radius=0.45m, risk weight=2.0.\nConstraints:\n- first waypoint exactly equals start and final waypoint exactly equals goal\n- return between 2 and 8 waypoints, all inside the workspace at the fixed z\n- never enter a hard-margin region; prefer lower accumulated soft semantic risk\n- return only the structured output requested by the response model""},{""role"":""assistant"",""content"":""{\""reasoning\"":\""Semantic Theta* selected a hard-safe any-angle route minimizing distance and label-conditioned risk.\"",\""waypoints\"":[{\""x\"":-2.95,\""y\"":-0.7,\""z\"":-0.25},{\""x\"":-0.8,\""y\"":0.0,\""z\"":-0.25},{\""x\"":0.4,\""y\"":0.0,\""z\"":-0.25},{\""x\"":0.94,\""y\"":-0.61,\""z\"":-0.25}]}""}]","Mission state: the UAV is holding hover at the start position. Workspace: x=[-3.00,3.00]m, y=[-3.00,3.00]m, z=-0.25 fixed. Start: (-2.95,-0.70,-0.25); goal: (0.94,-0.61,-0.25); distance=3.89m. Semantic obstacle boxes: 1 bottle: x=[0.55,0.70], y=[2.51,2.73]; 2 bench: x=[-0.81,0.01], y=[-0.96,-0.60]. Semantic policy: bench: hard margin=0.45m, soft radius=0.70m, risk weight=3.0; bottle: hard margin=0.40m, soft radius=0.45m, risk weight=2.0.","{""x"":-2.95,""y"":-0.7,""z"":-0.25}","{""x"":0.94,""y"":-0.61,""z"":-0.25}","{""x"":[-3.0,3.0],""y"":[-3.0,3.0],""z"":-0.25}","[{""id"":""semantic-1"",""label"":""bottle"",""shape"":""box"",""min_corner"":[0.55,2.51,-0.42],""max_corner"":[0.7,2.73,-0.08],""size"":[0.15,0.21,0.35]},{""id"":""semantic-2"",""label"":""bench"",""shape"":""box"",""min_corner"":[-0.81,-0.96,-0.6],""max_corner"":[0.01,-0.6,0.1],""size"":[0.82,0.36,0.7]}]","{""person"":{""hard_margin_m"":0.65,""soft_radius_m"":1.2,""risk_weight"":8.0},""chair"":{""hard_margin_m"":0.4,""soft_radius_m"":0.55,""risk_weight"":2.0},""backpack"":{""hard_margin_m"":0.45,""soft_radius_m"":0.65,""risk_weight"":3.0},""bottle"":{""hard_margin_m"":0.4,""soft_radius_m"":0.45,""risk_weight"":2.0},""potted_plant"":{""hard_margin_m"":0.45,""soft_radius_m"":0.7,""risk_weight"":3.0},""bench"":{""hard_margin_m"":0.45,""soft_radius_m"":0.7,""risk_weight"":3.0},""stop_sign"":{""hard_margin_m"":0.5,""soft_radius_m"":0.85,""risk_weight"":5.0},""unknown"":{""hard_margin_m"":0.6,""soft_radius_m"":1.0,""risk_weight"":6.0},""default"":{""hard_margin_m"":0.45,""soft_radius_m"":0.7,""risk_weight"":3.0}}",4.377694,"[{""x"":-2.95,""y"":-0.7,""z"":-0.25},{""x"":-0.8,""y"":0.0,""z"":-0.25},{""x"":0.4,""y"":0.0,""z"":-0.25},{""x"":0.94,""y"":-0.61,""z"":-0.25}]"
27,"You are an expert semantic UAV path planner. Return sparse fixed-altitude NED waypoints that minimize path length plus semantic risk while satisfying every hard collision margin.
Mission state: the UAV is holding hover at the start position. Workspace: x=[-3.00,3.00]m, y=[-3.00,3.00]m, z=-0.25 fixed. Start: (1.26,2.37,-0.25); goal: (-0.18,-1.97,-0.25); distance=4.57m. Semantic obstacle boxes: 1 unknown: x=[-0.11,0.31], y=[0.28,0.63]. Semantic policy: unknown: hard margin=0.60m, soft radius=1.00m, risk weight=6.0.
Constraints:
- first waypoint exactly equals start and final waypoint exactly equals goal
- return between 2 and 8 waypoints, all inside the workspace at the fixed z
- never enter a hard-margin region; prefer lower accumulated soft semantic risk
- return only the structured output requested by the response model","{""reasoning"":""Semantic Theta* selected a hard-safe any-angle route minimizing distance and label-conditioned risk."",""waypoints"":[{""x"":1.26,""y"":2.37,""z"":-0.25},{""x"":1.0,""y"":-0.6,""z"":-0.25},{""x"":-0.18,""y"":-1.97,""z"":-0.25}]}","[{""role"":""user"",""content"":""You are an expert semantic UAV path planner. Return sparse fixed-altitude NED waypoints that minimize path length plus semantic risk while satisfying every hard collision margin.\nMission state: the UAV is holding hover at the start position. Workspace: x=[-3.00,3.00]m, y=[-3.00,3.00]m, z=-0.25 fixed. Start: (1.26,2.37,-0.25); goal: (-0.18,-1.97,-0.25); distance=4.57m. Semantic obstacle boxes: 1 unknown: x=[-0.11,0.31], y=[0.28,0.63]. Semantic policy: unknown: hard margin=0.60m, soft radius=1.00m, risk weight=6.0.\nConstraints:\n- first waypoint exactly equals start and final waypoint exactly equals goal\n- return between 2 and 8 waypoints, all inside the workspace at the fixed z\n- never enter a hard-margin region; prefer lower accumulated soft semantic risk\n- return only the structured output requested by the response model""},{""role"":""assistant"",""content"":""{\""reasoning\"":\""Semantic Theta* selected a hard-safe any-angle route minimizing distance and label-conditioned risk.\"",\""waypoints\"":[{\""x\"":1.26,\""y\"":2.37,\""z\"":-0.25},{\""x\"":1.0,\""y\"":-0.6,\""z\"":-0.25},{\""x\"":-0.18,\""y\"":-1.97,\""z\"":-0.25}]}""}]","Mission state: the UAV is holding hover at the start position. Workspace: x=[-3.00,3.00]m, y=[-3.00,3.00]m, z=-0.25 fixed. Start: (1.26,2.37,-0.25); goal: (-0.18,-1.97,-0.25); distance=4.57m. Semantic obstacle boxes: 1 unknown: x=[-0.11,0.31], y=[0.28,0.63]. Semantic policy: unknown: hard margin=0.60m, soft radius=1.00m, risk weight=6.0.","{""x"":1.26,""y"":2.37,""z"":-0.25}","{""x"":-0.18,""y"":-1.97,""z"":-0.25}","{""x"":[-3.0,3.0],""y"":[-3.0,3.0],""z"":-0.25}","[{""id"":""semantic-1"",""label"":""unknown"",""shape"":""box"",""min_corner"":[-0.11,0.28,-0.75],""max_corner"":[0.31,0.63,0.25],""size"":[0.42,0.35,1.0]}]","{""person"":{""hard_margin_m"":0.65,""soft_radius_m"":1.2,""risk_weight"":8.0},""chair"":{""hard_margin_m"":0.4,""soft_radius_m"":0.55,""risk_weight"":2.0},""backpack"":{""hard_margin_m"":0.45,""soft_radius_m"":0.65,""risk_weight"":3.0},""bottle"":{""hard_margin_m"":0.4,""soft_radius_m"":0.45,""risk_weight"":2.0},""potted_plant"":{""hard_margin_m"":0.45,""soft_radius_m"":0.7,""risk_weight"":3.0},""bench"":{""hard_margin_m"":0.45,""soft_radius_m"":0.7,""risk_weight"":3.0},""stop_sign"":{""hard_margin_m"":0.5,""soft_radius_m"":0.85,""risk_weight"":5.0},""unknown"":{""hard_margin_m"":0.6,""soft_radius_m"":1.0,""risk_weight"":6.0},""default"":{""hard_margin_m"":0.45,""soft_radius_m"":0.7,""risk_weight"":3.0}}",5.083827,"[{""x"":1.26,""y"":2.37,""z"":-0.25},{""x"":1.0,""y"":-0.6,""z"":-0.25},{""x"":-0.18,""y"":-1.97,""z"":-0.25}]"
28,"You are an expert semantic UAV path planner. Return sparse fixed-altitude NED waypoints that minimize path length plus semantic risk while satisfying every hard collision margin.
Mission state: the UAV is holding hover at the start position. Workspace: x=[-3.00,3.00]m, y=[-3.00,3.00]m, z=-0.25 fixed. Start: (-1.06,-1.43,-0.25); goal: (-0.65,-0.28,-0.25); distance=1.22m. Semantic obstacle boxes: 1 backpack: x=[-2.42,-1.98], y=[-0.94,-0.70]; 2 person: x=[-1.72,-1.34], y=[-0.22,0.29]. Semantic policy: backpack: hard margin=0.45m, soft radius=0.65m, risk weight=3.0; person: hard margin=0.65m, soft radius=1.20m, risk weight=8.0.
Constraints:
- first waypoint exactly equals start and final waypoint exactly equals goal
- return between 2 and 8 waypoints, all inside the workspace at the fixed z
- never enter a hard-margin region; prefer lower accumulated soft semantic risk
- return only the structured output requested by the response model","{""reasoning"":""Semantic Theta* selected a hard-safe any-angle route minimizing distance and label-conditioned risk."",""waypoints"":[{""x"":-1.06,""y"":-1.43,""z"":-0.25},{""x"":-0.6,""y"":-0.8,""z"":-0.25},{""x"":-0.65,""y"":-0.28,""z"":-0.25}]}","[{""role"":""user"",""content"":""You are an expert semantic UAV path planner. Return sparse fixed-altitude NED waypoints that minimize path length plus semantic risk while satisfying every hard collision margin.\nMission state: the UAV is holding hover at the start position. Workspace: x=[-3.00,3.00]m, y=[-3.00,3.00]m, z=-0.25 fixed. Start: (-1.06,-1.43,-0.25); goal: (-0.65,-0.28,-0.25); distance=1.22m. Semantic obstacle boxes: 1 backpack: x=[-2.42,-1.98], y=[-0.94,-0.70]; 2 person: x=[-1.72,-1.34], y=[-0.22,0.29]. Semantic policy: backpack: hard margin=0.45m, soft radius=0.65m, risk weight=3.0; person: hard margin=0.65m, soft radius=1.20m, risk weight=8.0.\nConstraints:\n- first waypoint exactly equals start and final waypoint exactly equals goal\n- return between 2 and 8 waypoints, all inside the workspace at the fixed z\n- never enter a hard-margin region; prefer lower accumulated soft semantic risk\n- return only the structured output requested by the response model""},{""role"":""assistant"",""content"":""{\""reasoning\"":\""Semantic Theta* selected a hard-safe any-angle route minimizing distance and label-conditioned risk.\"",\""waypoints\"":[{\""x\"":-1.06,\""y\"":-1.43,\""z\"":-0.25},{\""x\"":-0.6,\""y\"":-0.8,\""z\"":-0.25},{\""x\"":-0.65,\""y\"":-0.28,\""z\"":-0.25}]}""}]","Mission state: the UAV is holding hover at the start position. Workspace: x=[-3.00,3.00]m, y=[-3.00,3.00]m, z=-0.25 fixed. Start: (-1.06,-1.43,-0.25); goal: (-0.65,-0.28,-0.25); distance=1.22m. Semantic obstacle boxes: 1 backpack: x=[-2.42,-1.98], y=[-0.94,-0.70]; 2 person: x=[-1.72,-1.34], y=[-0.22,0.29]. Semantic policy: backpack: hard margin=0.45m, soft radius=0.65m, risk weight=3.0; person: hard margin=0.65m, soft radius=1.20m, risk weight=8.0.","{""x"":-1.06,""y"":-1.43,""z"":-0.25}","{""x"":-0.65,""y"":-0.28,""z"":-0.25}","{""x"":[-3.0,3.0],""y"":[-3.0,3.0],""z"":-0.25}","[{""id"":""semantic-1"",""label"":""backpack"",""shape"":""box"",""min_corner"":[-2.42,-0.94,-0.53],""max_corner"":[-1.98,-0.7,0.03],""size"":[0.44,0.24,0.55]},{""id"":""semantic-2"",""label"":""person"",""shape"":""box"",""min_corner"":[-1.72,-0.22,-1.1],""max_corner"":[-1.34,0.29,0.6],""size"":[0.39,0.5,1.7]}]","{""person"":{""hard_margin_m"":0.65,""soft_radius_m"":1.2,""risk_weight"":8.0},""chair"":{""hard_margin_m"":0.4,""soft_radius_m"":0.55,""risk_weight"":2.0},""backpack"":{""hard_margin_m"":0.45,""soft_radius_m"":0.65,""risk_weight"":3.0},""bottle"":{""hard_margin_m"":0.4,""soft_radius_m"":0.45,""risk_weight"":2.0},""potted_plant"":{""hard_margin_m"":0.45,""soft_radius_m"":0.7,""risk_weight"":3.0},""bench"":{""hard_margin_m"":0.45,""soft_radius_m"":0.7,""risk_weight"":3.0},""stop_sign"":{""hard_margin_m"":0.5,""soft_radius_m"":0.85,""risk_weight"":5.0},""unknown"":{""hard_margin_m"":0.6,""soft_radius_m"":1.0,""risk_weight"":6.0},""default"":{""hard_margin_m"":0.45,""soft_radius_m"":0.7,""risk_weight"":3.0}}",1.92844,"[{""x"":-1.06,""y"":-1.43,""z"":-0.25},{""x"":-0.6,""y"":-0.8,""z"":-0.25},{""x"":-0.65,""y"":-0.28,""z"":-0.25}]"
29,"You are an expert semantic UAV path planner. Return sparse fixed-altitude NED waypoints that minimize path length plus semantic risk while satisfying every hard collision margin.
Mission state: the UAV is holding hover at the start position. Workspace: x=[-3.00,3.00]m, y=[-3.00,3.00]m, z=-0.25 fixed. Start: (-2.02,2.58,-0.25); goal: (2.87,0.71,-0.25); distance=5.24m. Semantic obstacle boxes: 1 person: x=[-0.47,0.02], y=[-0.72,-0.21]; 2 unknown: x=[-2.69,-2.10], y=[-2.53,-1.81]; 3 backpack: x=[-0.82,-0.51], y=[-2.81,-2.49]. Semantic policy: backpack: hard margin=0.45m, soft radius=0.65m, risk weight=3.0; person: hard margin=0.65m, soft radius=1.20m, risk weight=8.0; unknown: hard margin=0.60m, soft radius=1.00m, risk weight=6.0.
Constraints:
- first waypoint exactly equals start and final waypoint exactly equals goal
- return between 2 and 8 waypoints, all inside the workspace at the fixed z
- never enter a hard-margin region; prefer lower accumulated soft semantic risk
- return only the structured output requested by the response model","{""reasoning"":""Semantic Theta* selected a hard-safe any-angle route minimizing distance and label-conditioned risk."",""waypoints"":[{""x"":-2.02,""y"":2.58,""z"":-0.25},{""x"":2.87,""y"":0.71,""z"":-0.25}]}","[{""role"":""user"",""content"":""You are an expert semantic UAV path planner. Return sparse fixed-altitude NED waypoints that minimize path length plus semantic risk while satisfying every hard collision margin.\nMission state: the UAV is holding hover at the start position. Workspace: x=[-3.00,3.00]m, y=[-3.00,3.00]m, z=-0.25 fixed. Start: (-2.02,2.58,-0.25); goal: (2.87,0.71,-0.25); distance=5.24m. Semantic obstacle boxes: 1 person: x=[-0.47,0.02], y=[-0.72,-0.21]; 2 unknown: x=[-2.69,-2.10], y=[-2.53,-1.81]; 3 backpack: x=[-0.82,-0.51], y=[-2.81,-2.49]. Semantic policy: backpack: hard margin=0.45m, soft radius=0.65m, risk weight=3.0; person: hard margin=0.65m, soft radius=1.20m, risk weight=8.0; unknown: hard margin=0.60m, soft radius=1.00m, risk weight=6.0.\nConstraints:\n- first waypoint exactly equals start and final waypoint exactly equals goal\n- return between 2 and 8 waypoints, all inside the workspace at the fixed z\n- never enter a hard-margin region; prefer lower accumulated soft semantic risk\n- return only the structured output requested by the response model""},{""role"":""assistant"",""content"":""{\""reasoning\"":\""Semantic Theta* selected a hard-safe any-angle route minimizing distance and label-conditioned risk.\"",\""waypoints\"":[{\""x\"":-2.02,\""y\"":2.58,\""z\"":-0.25},{\""x\"":2.87,\""y\"":0.71,\""z\"":-0.25}]}""}]","Mission state: the UAV is holding hover at the start position. Workspace: x=[-3.00,3.00]m, y=[-3.00,3.00]m, z=-0.25 fixed. Start: (-2.02,2.58,-0.25); goal: (2.87,0.71,-0.25); distance=5.24m. Semantic obstacle boxes: 1 person: x=[-0.47,0.02], y=[-0.72,-0.21]; 2 unknown: x=[-2.69,-2.10], y=[-2.53,-1.81]; 3 backpack: x=[-0.82,-0.51], y=[-2.81,-2.49]. Semantic policy: backpack: hard margin=0.45m, soft radius=0.65m, risk weight=3.0; person: hard margin=0.65m, soft radius=1.20m, risk weight=8.0; unknown: hard margin=0.60m, soft radius=1.00m, risk weight=6.0.","{""x"":-2.02,""y"":2.58,""z"":-0.25}","{""x"":2.87,""y"":0.71,""z"":-0.25}","{""x"":[-3.0,3.0],""y"":[-3.0,3.0],""z"":-0.25}","[{""id"":""semantic-1"",""label"":""person"",""shape"":""box"",""min_corner"":[-0.47,-0.72,-1.1],""max_corner"":[0.02,-0.21,0.6],""size"":[0.49,0.51,1.7]},{""id"":""semantic-2"",""label"":""unknown"",""shape"":""box"",""min_corner"":[-2.69,-2.53,-0.75],""max_corner"":[-2.1,-1.81,0.25],""size"":[0.59,0.72,1.0]},{""id"":""semantic-3"",""label"":""backpack"",""shape"":""box"",""min_corner"":[-0.82,-2.81,-0.53],""max_corner"":[-0.51,-2.49,0.03],""size"":[0.31,0.32,0.55]}]","{""person"":{""hard_margin_m"":0.65,""soft_radius_m"":1.2,""risk_weight"":8.0},""chair"":{""hard_margin_m"":0.4,""soft_radius_m"":0.55,""risk_weight"":2.0},""backpack"":{""hard_margin_m"":0.45,""soft_radius_m"":0.65,""risk_weight"":3.0},""bottle"":{""hard_margin_m"":0.4,""soft_radius_m"":0.45,""risk_weight"":2.0},""potted_plant"":{""hard_margin_m"":0.45,""soft_radius_m"":0.7,""risk_weight"":3.0},""bench"":{""hard_margin_m"":0.45,""soft_radius_m"":0.7,""risk_weight"":3.0},""stop_sign"":{""hard_margin_m"":0.5,""soft_radius_m"":0.85,""risk_weight"":5.0},""unknown"":{""hard_margin_m"":0.6,""soft_radius_m"":1.0,""risk_weight"":6.0},""default"":{""hard_margin_m"":0.45,""soft_radius_m"":0.7,""risk_weight"":3.0}}",5.235361,"[{""x"":-2.02,""y"":2.58,""z"":-0.25},{""x"":2.87,""y"":0.71,""z"":-0.25}]"
30,"You are an expert semantic UAV path planner. Return sparse fixed-altitude NED waypoints that minimize path length plus semantic risk while satisfying every hard collision margin.
Mission state: the UAV is holding hover at the start position. Workspace: x=[-3.00,3.00]m, y=[-3.00,3.00]m, z=-0.25 fixed. Start: (1.94,-1.88,-0.25); goal: (-1.00,1.46,-0.25); distance=4.45m. Semantic obstacle boxes: 1 bench: x=[1.84,2.81], y=[-1.37,-0.93]; 2 stop_sign: x=[-0.56,-0.27], y=[2.03,2.32]. Semantic policy: bench: hard margin=0.45m, soft radius=0.70m, risk weight=3.0; stop_sign: hard margin=0.50m, soft radius=0.85m, risk weight=5.0.
Constraints:
- first waypoint exactly equals start and final waypoint exactly equals goal
- return between 2 and 8 waypoints, all inside the workspace at the fixed z
- never enter a hard-margin region; prefer lower accumulated soft semantic risk
- return only the structured output requested by the response model","{""reasoning"":""Semantic Theta* selected a hard-safe any-angle route minimizing distance and label-conditioned risk."",""waypoints"":[{""x"":1.94,""y"":-1.88,""z"":-0.25},{""x"":1.2,""y"":-1.8,""z"":-0.25},{""x"":-1.0,""y"":1.46,""z"":-0.25}]}","[{""role"":""user"",""content"":""You are an expert semantic UAV path planner. Return sparse fixed-altitude NED waypoints that minimize path length plus semantic risk while satisfying every hard collision margin.\nMission state: the UAV is holding hover at the start position. Workspace: x=[-3.00,3.00]m, y=[-3.00,3.00]m, z=-0.25 fixed. Start: (1.94,-1.88,-0.25); goal: (-1.00,1.46,-0.25); distance=4.45m. Semantic obstacle boxes: 1 bench: x=[1.84,2.81], y=[-1.37,-0.93]; 2 stop_sign: x=[-0.56,-0.27], y=[2.03,2.32]. Semantic policy: bench: hard margin=0.45m, soft radius=0.70m, risk weight=3.0; stop_sign: hard margin=0.50m, soft radius=0.85m, risk weight=5.0.\nConstraints:\n- first waypoint exactly equals start and final waypoint exactly equals goal\n- return between 2 and 8 waypoints, all inside the workspace at the fixed z\n- never enter a hard-margin region; prefer lower accumulated soft semantic risk\n- return only the structured output requested by the response model""},{""role"":""assistant"",""content"":""{\""reasoning\"":\""Semantic Theta* selected a hard-safe any-angle route minimizing distance and label-conditioned risk.\"",\""waypoints\"":[{\""x\"":1.94,\""y\"":-1.88,\""z\"":-0.25},{\""x\"":1.2,\""y\"":-1.8,\""z\"":-0.25},{\""x\"":-1.0,\""y\"":1.46,\""z\"":-0.25}]}""}]","Mission state: the UAV is holding hover at the start position. Workspace: x=[-3.00,3.00]m, y=[-3.00,3.00]m, z=-0.25 fixed. Start: (1.94,-1.88,-0.25); goal: (-1.00,1.46,-0.25); distance=4.45m. Semantic obstacle boxes: 1 bench: x=[1.84,2.81], y=[-1.37,-0.93]; 2 stop_sign: x=[-0.56,-0.27], y=[2.03,2.32]. Semantic policy: bench: hard margin=0.45m, soft radius=0.70m, risk weight=3.0; stop_sign: hard margin=0.50m, soft radius=0.85m, risk weight=5.0.","{""x"":1.94,""y"":-1.88,""z"":-0.25}","{""x"":-1.0,""y"":1.46,""z"":-0.25}","{""x"":[-3.0,3.0],""y"":[-3.0,3.0],""z"":-0.25}","[{""id"":""semantic-1"",""label"":""bench"",""shape"":""box"",""min_corner"":[1.84,-1.37,-0.6],""max_corner"":[2.81,-0.93,0.1],""size"":[0.97,0.44,0.7]},{""id"":""semantic-2"",""label"":""stop_sign"",""shape"":""box"",""min_corner"":[-0.56,2.03,-1.0],""max_corner"":[-0.27,2.32,0.5],""size"":[0.29,0.29,1.5]}]","{""person"":{""hard_margin_m"":0.65,""soft_radius_m"":1.2,""risk_weight"":8.0},""chair"":{""hard_margin_m"":0.4,""soft_radius_m"":0.55,""risk_weight"":2.0},""backpack"":{""hard_margin_m"":0.45,""soft_radius_m"":0.65,""risk_weight"":3.0},""bottle"":{""hard_margin_m"":0.4,""soft_radius_m"":0.45,""risk_weight"":2.0},""potted_plant"":{""hard_margin_m"":0.45,""soft_radius_m"":0.7,""risk_weight"":3.0},""bench"":{""hard_margin_m"":0.45,""soft_radius_m"":0.7,""risk_weight"":3.0},""stop_sign"":{""hard_margin_m"":0.5,""soft_radius_m"":0.85,""risk_weight"":5.0},""unknown"":{""hard_margin_m"":0.6,""soft_radius_m"":1.0,""risk_weight"":6.0},""default"":{""hard_margin_m"":0.45,""soft_radius_m"":0.7,""risk_weight"":3.0}}",4.790211,"[{""x"":1.94,""y"":-1.88,""z"":-0.25},{""x"":1.2,""y"":-1.8,""z"":-0.25},{""x"":-1.0,""y"":1.46,""z"":-0.25}]"
31,"You are an expert semantic UAV path planner. Return sparse fixed-altitude NED waypoints that minimize path length plus semantic risk while satisfying every hard collision margin.
Mission state: the UAV is holding hover at the start position. Workspace: x=[-3.00,3.00]m, y=[-3.00,3.00]m, z=-0.25 fixed. Start: (-1.14,0.27,-0.25); goal: (0.79,1.23,-0.25); distance=2.16m. Semantic obstacle boxes: 1 bench: x=[-2.81,-2.00], y=[0.99,1.53]; 2 potted_plant: x=[0.18,0.76], y=[-0.16,0.17]; 3 chair: x=[-0.37,0.31], y=[0.27,0.80]; 4 bench: x=[1.00,2.17], y=[-0.39,0.11]. Semantic policy: bench: hard margin=0.45m, soft radius=0.70m, risk weight=3.0; chair: hard margin=0.40m, soft radius=0.55m, risk weight=2.0; potted_plant: hard margin=0.45m, soft radius=0.70m, risk weight=3.0.
Constraints:
- first waypoint exactly equals start and final waypoint exactly equals goal
- return between 2 and 8 waypoints, all inside the workspace at the fixed z
- never enter a hard-margin region; prefer lower accumulated soft semantic risk
- return only the structured output requested by the response model","{""reasoning"":""Semantic Theta* selected a hard-safe any-angle route minimizing distance and label-conditioned risk."",""waypoints"":[{""x"":-1.14,""y"":0.27,""z"":-0.25},{""x"":-0.8,""y"":1.2,""z"":-0.25},{""x"":0.79,""y"":1.23,""z"":-0.25}]}","[{""role"":""user"",""content"":""You are an expert semantic UAV path planner. Return sparse fixed-altitude NED waypoints that minimize path length plus semantic risk while satisfying every hard collision margin.\nMission state: the UAV is holding hover at the start position. Workspace: x=[-3.00,3.00]m, y=[-3.00,3.00]m, z=-0.25 fixed. Start: (-1.14,0.27,-0.25); goal: (0.79,1.23,-0.25); distance=2.16m. Semantic obstacle boxes: 1 bench: x=[-2.81,-2.00], y=[0.99,1.53]; 2 potted_plant: x=[0.18,0.76], y=[-0.16,0.17]; 3 chair: x=[-0.37,0.31], y=[0.27,0.80]; 4 bench: x=[1.00,2.17], y=[-0.39,0.11]. Semantic policy: bench: hard margin=0.45m, soft radius=0.70m, risk weight=3.0; chair: hard margin=0.40m, soft radius=0.55m, risk weight=2.0; potted_plant: hard margin=0.45m, soft radius=0.70m, risk weight=3.0.\nConstraints:\n- first waypoint exactly equals start and final waypoint exactly equals goal\n- return between 2 and 8 waypoints, all inside the workspace at the fixed z\n- never enter a hard-margin region; prefer lower accumulated soft semantic risk\n- return only the structured output requested by the response model""},{""role"":""assistant"",""content"":""{\""reasoning\"":\""Semantic Theta* selected a hard-safe any-angle route minimizing distance and label-conditioned risk.\"",\""waypoints\"":[{\""x\"":-1.14,\""y\"":0.27,\""z\"":-0.25},{\""x\"":-0.8,\""y\"":1.2,\""z\"":-0.25},{\""x\"":0.79,\""y\"":1.23,\""z\"":-0.25}]}""}]","Mission state: the UAV is holding hover at the start position. Workspace: x=[-3.00,3.00]m, y=[-3.00,3.00]m, z=-0.25 fixed. Start: (-1.14,0.27,-0.25); goal: (0.79,1.23,-0.25); distance=2.16m. Semantic obstacle boxes: 1 bench: x=[-2.81,-2.00], y=[0.99,1.53]; 2 potted_plant: x=[0.18,0.76], y=[-0.16,0.17]; 3 chair: x=[-0.37,0.31], y=[0.27,0.80]; 4 bench: x=[1.00,2.17], y=[-0.39,0.11]. Semantic policy: bench: hard margin=0.45m, soft radius=0.70m, risk weight=3.0; chair: hard margin=0.40m, soft radius=0.55m, risk weight=2.0; potted_plant: hard margin=0.45m, soft radius=0.70m, risk weight=3.0.","{""x"":-1.14,""y"":0.27,""z"":-0.25}","{""x"":0.79,""y"":1.23,""z"":-0.25}","{""x"":[-3.0,3.0],""y"":[-3.0,3.0],""z"":-0.25}","[{""id"":""semantic-1"",""label"":""bench"",""shape"":""box"",""min_corner"":[-2.81,0.99,-0.6],""max_corner"":[-2.0,1.53,0.1],""size"":[0.81,0.54,0.7]},{""id"":""semantic-2"",""label"":""potted_plant"",""shape"":""box"",""min_corner"":[0.18,-0.16,-0.7],""max_corner"":[0.76,0.17,0.2],""size"":[0.58,0.33,0.9]},{""id"":""semantic-3"",""label"":""chair"",""shape"":""box"",""min_corner"":[-0.37,0.27,-0.7],""max_corner"":[0.31,0.8,0.2],""size"":[0.68,0.53,0.9]},{""id"":""semantic-4"",""label"":""bench"",""shape"":""box"",""min_corner"":[1.0,-0.39,-0.6],""max_corner"":[2.17,0.11,0.1],""size"":[1.17,0.5,0.7]}]","{""person"":{""hard_margin_m"":0.65,""soft_radius_m"":1.2,""risk_weight"":8.0},""chair"":{""hard_margin_m"":0.4,""soft_radius_m"":0.55,""risk_weight"":2.0},""backpack"":{""hard_margin_m"":0.45,""soft_radius_m"":0.65,""risk_weight"":3.0},""bottle"":{""hard_margin_m"":0.4,""soft_radius_m"":0.45,""risk_weight"":2.0},""potted_plant"":{""hard_margin_m"":0.45,""soft_radius_m"":0.7,""risk_weight"":3.0},""bench"":{""hard_margin_m"":0.45,""soft_radius_m"":0.7,""risk_weight"":3.0},""stop_sign"":{""hard_margin_m"":0.5,""soft_radius_m"":0.85,""risk_weight"":5.0},""unknown"":{""hard_margin_m"":0.6,""soft_radius_m"":1.0,""risk_weight"":6.0},""default"":{""hard_margin_m"":0.45,""soft_radius_m"":0.7,""risk_weight"":3.0}}",2.708313,"[{""x"":-1.14,""y"":0.27,""z"":-0.25},{""x"":-0.8,""y"":1.2,""z"":-0.25},{""x"":0.79,""y"":1.23,""z"":-0.25}]"
32,"You are an expert semantic UAV path planner. Return sparse fixed-altitude NED waypoints that minimize path length plus semantic risk while satisfying every hard collision margin.
Mission state: the UAV is holding hover at the start position. Workspace: x=[-3.00,3.00]m, y=[-3.00,3.00]m, z=-0.25 fixed. Start: (-1.69,-1.64,-0.25); goal: (2.51,-2.82,-0.25); distance=4.36m. Semantic obstacle boxes: 1 bottle: x=[-0.61,-0.39], y=[-1.56,-1.36]. Semantic policy: bottle: hard margin=0.40m, soft radius=0.45m, risk weight=2.0.
Constraints:
- first waypoint exactly equals start and final waypoint exactly equals goal
- return between 2 and 8 waypoints, all inside the workspace at the fixed z
- never enter a hard-margin region; prefer lower accumulated soft semantic risk
- return only the structured output requested by the response model","{""reasoning"":""Semantic Theta* selected a hard-safe any-angle route minimizing distance and label-conditioned risk."",""waypoints"":[{""x"":-1.69,""y"":-1.64,""z"":-0.25},{""x"":-1.0,""y"":-2.0,""z"":-0.25},{""x"":2.51,""y"":-2.82,""z"":-0.25}]}","[{""role"":""user"",""content"":""You are an expert semantic UAV path planner. Return sparse fixed-altitude NED waypoints that minimize path length plus semantic risk while satisfying every hard collision margin.\nMission state: the UAV is holding hover at the start position. Workspace: x=[-3.00,3.00]m, y=[-3.00,3.00]m, z=-0.25 fixed. Start: (-1.69,-1.64,-0.25); goal: (2.51,-2.82,-0.25); distance=4.36m. Semantic obstacle boxes: 1 bottle: x=[-0.61,-0.39], y=[-1.56,-1.36]. Semantic policy: bottle: hard margin=0.40m, soft radius=0.45m, risk weight=2.0.\nConstraints:\n- first waypoint exactly equals start and final waypoint exactly equals goal\n- return between 2 and 8 waypoints, all inside the workspace at the fixed z\n- never enter a hard-margin region; prefer lower accumulated soft semantic risk\n- return only the structured output requested by the response model""},{""role"":""assistant"",""content"":""{\""reasoning\"":\""Semantic Theta* selected a hard-safe any-angle route minimizing distance and label-conditioned risk.\"",\""waypoints\"":[{\""x\"":-1.69,\""y\"":-1.64,\""z\"":-0.25},{\""x\"":-1.0,\""y\"":-2.0,\""z\"":-0.25},{\""x\"":2.51,\""y\"":-2.82,\""z\"":-0.25}]}""}]","Mission state: the UAV is holding hover at the start position. Workspace: x=[-3.00,3.00]m, y=[-3.00,3.00]m, z=-0.25 fixed. Start: (-1.69,-1.64,-0.25); goal: (2.51,-2.82,-0.25); distance=4.36m. Semantic obstacle boxes: 1 bottle: x=[-0.61,-0.39], y=[-1.56,-1.36]. Semantic policy: bottle: hard margin=0.40m, soft radius=0.45m, risk weight=2.0.","{""x"":-1.69,""y"":-1.64,""z"":-0.25}","{""x"":2.51,""y"":-2.82,""z"":-0.25}","{""x"":[-3.0,3.0],""y"":[-3.0,3.0],""z"":-0.25}","[{""id"":""semantic-1"",""label"":""bottle"",""shape"":""box"",""min_corner"":[-0.61,-1.56,-0.42],""max_corner"":[-0.39,-1.36,-0.08],""size"":[0.22,0.2,0.35]}]","{""person"":{""hard_margin_m"":0.65,""soft_radius_m"":1.2,""risk_weight"":8.0},""chair"":{""hard_margin_m"":0.4,""soft_radius_m"":0.55,""risk_weight"":2.0},""backpack"":{""hard_margin_m"":0.45,""soft_radius_m"":0.65,""risk_weight"":3.0},""bottle"":{""hard_margin_m"":0.4,""soft_radius_m"":0.45,""risk_weight"":2.0},""potted_plant"":{""hard_margin_m"":0.45,""soft_radius_m"":0.7,""risk_weight"":3.0},""bench"":{""hard_margin_m"":0.45,""soft_radius_m"":0.7,""risk_weight"":3.0},""stop_sign"":{""hard_margin_m"":0.5,""soft_radius_m"":0.85,""risk_weight"":5.0},""unknown"":{""hard_margin_m"":0.6,""soft_radius_m"":1.0,""risk_weight"":6.0},""default"":{""hard_margin_m"":0.45,""soft_radius_m"":0.7,""risk_weight"":3.0}}",4.382778,"[{""x"":-1.69,""y"":-1.64,""z"":-0.25},{""x"":-1.0,""y"":-2.0,""z"":-0.25},{""x"":2.51,""y"":-2.82,""z"":-0.25}]"
33,"You are an expert semantic UAV path planner. Return sparse fixed-altitude NED waypoints that minimize path length plus semantic risk while satisfying every hard collision margin.
Mission state: the UAV is holding hover at the start position. Workspace: x=[-3.00,3.00]m, y=[-3.00,3.00]m, z=-0.25 fixed. Start: (-1.36,-1.25,-0.25); goal: (-1.96,-0.30,-0.25); distance=1.12m. Semantic obstacle boxes: 1 potted_plant: x=[1.70,2.10], y=[-1.59,-0.95]; 2 unknown: x=[-0.13,0.37], y=[-2.13,-1.49]. Semantic policy: potted_plant: hard margin=0.45m, soft radius=0.70m, risk weight=3.0; unknown: hard margin=0.60m, soft radius=1.00m, risk weight=6.0.
Constraints:
- first waypoint exactly equals start and final waypoint exactly equals goal
- return between 2 and 8 waypoints, all inside the workspace at the fixed z
- never enter a hard-margin region; prefer lower accumulated soft semantic risk
- return only the structured output requested by the response model","{""reasoning"":""Semantic Theta* selected a hard-safe any-angle route minimizing distance and label-conditioned risk."",""waypoints"":[{""x"":-1.36,""y"":-1.25,""z"":-0.25},{""x"":-1.96,""y"":-0.3,""z"":-0.25}]}","[{""role"":""user"",""content"":""You are an expert semantic UAV path planner. Return sparse fixed-altitude NED waypoints that minimize path length plus semantic risk while satisfying every hard collision margin.\nMission state: the UAV is holding hover at the start position. Workspace: x=[-3.00,3.00]m, y=[-3.00,3.00]m, z=-0.25 fixed. Start: (-1.36,-1.25,-0.25); goal: (-1.96,-0.30,-0.25); distance=1.12m. Semantic obstacle boxes: 1 potted_plant: x=[1.70,2.10], y=[-1.59,-0.95]; 2 unknown: x=[-0.13,0.37], y=[-2.13,-1.49]. Semantic policy: potted_plant: hard margin=0.45m, soft radius=0.70m, risk weight=3.0; unknown: hard margin=0.60m, soft radius=1.00m, risk weight=6.0.\nConstraints:\n- first waypoint exactly equals start and final waypoint exactly equals goal\n- return between 2 and 8 waypoints, all inside the workspace at the fixed z\n- never enter a hard-margin region; prefer lower accumulated soft semantic risk\n- return only the structured output requested by the response model""},{""role"":""assistant"",""content"":""{\""reasoning\"":\""Semantic Theta* selected a hard-safe any-angle route minimizing distance and label-conditioned risk.\"",\""waypoints\"":[{\""x\"":-1.36,\""y\"":-1.25,\""z\"":-0.25},{\""x\"":-1.96,\""y\"":-0.3,\""z\"":-0.25}]}""}]","Mission state: the UAV is holding hover at the start position. Workspace: x=[-3.00,3.00]m, y=[-3.00,3.00]m, z=-0.25 fixed. Start: (-1.36,-1.25,-0.25); goal: (-1.96,-0.30,-0.25); distance=1.12m. Semantic obstacle boxes: 1 potted_plant: x=[1.70,2.10], y=[-1.59,-0.95]; 2 unknown: x=[-0.13,0.37], y=[-2.13,-1.49]. Semantic policy: potted_plant: hard margin=0.45m, soft radius=0.70m, risk weight=3.0; unknown: hard margin=0.60m, soft radius=1.00m, risk weight=6.0.","{""x"":-1.36,""y"":-1.25,""z"":-0.25}","{""x"":-1.96,""y"":-0.3,""z"":-0.25}","{""x"":[-3.0,3.0],""y"":[-3.0,3.0],""z"":-0.25}","[{""id"":""semantic-1"",""label"":""potted_plant"",""shape"":""box"",""min_corner"":[1.7,-1.59,-0.7],""max_corner"":[2.1,-0.95,0.2],""size"":[0.4,0.64,0.9]},{""id"":""semantic-2"",""label"":""unknown"",""shape"":""box"",""min_corner"":[-0.13,-2.13,-0.75],""max_corner"":[0.37,-1.49,0.25],""size"":[0.49,0.64,1.0]}]","{""person"":{""hard_margin_m"":0.65,""soft_radius_m"":1.2,""risk_weight"":8.0},""chair"":{""hard_margin_m"":0.4,""soft_radius_m"":0.55,""risk_weight"":2.0},""backpack"":{""hard_margin_m"":0.45,""soft_radius_m"":0.65,""risk_weight"":3.0},""bottle"":{""hard_margin_m"":0.4,""soft_radius_m"":0.45,""risk_weight"":2.0},""potted_plant"":{""hard_margin_m"":0.45,""soft_radius_m"":0.7,""risk_weight"":3.0},""bench"":{""hard_margin_m"":0.45,""soft_radius_m"":0.7,""risk_weight"":3.0},""stop_sign"":{""hard_margin_m"":0.5,""soft_radius_m"":0.85,""risk_weight"":5.0},""unknown"":{""hard_margin_m"":0.6,""soft_radius_m"":1.0,""risk_weight"":6.0},""default"":{""hard_margin_m"":0.45,""soft_radius_m"":0.7,""risk_weight"":3.0}}",1.12361,"[{""x"":-1.36,""y"":-1.25,""z"":-0.25},{""x"":-1.96,""y"":-0.3,""z"":-0.25}]"
34,"You are an expert semantic UAV path planner. Return sparse fixed-altitude NED waypoints that minimize path length plus semantic risk while satisfying every hard collision margin.
Mission state: the UAV is holding hover at the start position. Workspace: x=[-3.00,3.00]m, y=[-3.00,3.00]m, z=-0.25 fixed. Start: (2.94,-0.98,-0.25); goal: (-1.73,1.47,-0.25); distance=5.27m. Semantic obstacle boxes: 1 potted_plant: x=[0.61,0.95], y=[1.91,2.49]; 2 bench: x=[-2.84,-1.77], y=[-2.86,-2.39]; 3 chair: x=[-0.90,-0.23], y=[2.02,2.71]. Semantic policy: bench: hard margin=0.45m, soft radius=0.70m, risk weight=3.0; chair: hard margin=0.40m, soft radius=0.55m, risk weight=2.0; potted_plant: hard margin=0.45m, soft radius=0.70m, risk weight=3.0.
Constraints:
- first waypoint exactly equals start and final waypoint exactly equals goal
- return between 2 and 8 waypoints, all inside the workspace at the fixed z
- never enter a hard-margin region; prefer lower accumulated soft semantic risk
- return only the structured output requested by the response model","{""reasoning"":""Semantic Theta* selected a hard-safe any-angle route minimizing distance and label-conditioned risk."",""waypoints"":[{""x"":2.94,""y"":-0.98,""z"":-0.25},{""x"":-1.73,""y"":1.47,""z"":-0.25}]}","[{""role"":""user"",""content"":""You are an expert semantic UAV path planner. Return sparse fixed-altitude NED waypoints that minimize path length plus semantic risk while satisfying every hard collision margin.\nMission state: the UAV is holding hover at the start position. Workspace: x=[-3.00,3.00]m, y=[-3.00,3.00]m, z=-0.25 fixed. Start: (2.94,-0.98,-0.25); goal: (-1.73,1.47,-0.25); distance=5.27m. Semantic obstacle boxes: 1 potted_plant: x=[0.61,0.95], y=[1.91,2.49]; 2 bench: x=[-2.84,-1.77], y=[-2.86,-2.39]; 3 chair: x=[-0.90,-0.23], y=[2.02,2.71]. Semantic policy: bench: hard margin=0.45m, soft radius=0.70m, risk weight=3.0; chair: hard margin=0.40m, soft radius=0.55m, risk weight=2.0; potted_plant: hard margin=0.45m, soft radius=0.70m, risk weight=3.0.\nConstraints:\n- first waypoint exactly equals start and final waypoint exactly equals goal\n- return between 2 and 8 waypoints, all inside the workspace at the fixed z\n- never enter a hard-margin region; prefer lower accumulated soft semantic risk\n- return only the structured output requested by the response model""},{""role"":""assistant"",""content"":""{\""reasoning\"":\""Semantic Theta* selected a hard-safe any-angle route minimizing distance and label-conditioned risk.\"",\""waypoints\"":[{\""x\"":2.94,\""y\"":-0.98,\""z\"":-0.25},{\""x\"":-1.73,\""y\"":1.47,\""z\"":-0.25}]}""}]","Mission state: the UAV is holding hover at the start position. Workspace: x=[-3.00,3.00]m, y=[-3.00,3.00]m, z=-0.25 fixed. Start: (2.94,-0.98,-0.25); goal: (-1.73,1.47,-0.25); distance=5.27m. Semantic obstacle boxes: 1 potted_plant: x=[0.61,0.95], y=[1.91,2.49]; 2 bench: x=[-2.84,-1.77], y=[-2.86,-2.39]; 3 chair: x=[-0.90,-0.23], y=[2.02,2.71]. Semantic policy: bench: hard margin=0.45m, soft radius=0.70m, risk weight=3.0; chair: hard margin=0.40m, soft radius=0.55m, risk weight=2.0; potted_plant: hard margin=0.45m, soft radius=0.70m, risk weight=3.0.","{""x"":2.94,""y"":-0.98,""z"":-0.25}","{""x"":-1.73,""y"":1.47,""z"":-0.25}","{""x"":[-3.0,3.0],""y"":[-3.0,3.0],""z"":-0.25}","[{""id"":""semantic-1"",""label"":""potted_plant"",""shape"":""box"",""min_corner"":[0.61,1.91,-0.7],""max_corner"":[0.95,2.49,0.2],""size"":[0.34,0.58,0.9]},{""id"":""semantic-2"",""label"":""bench"",""shape"":""box"",""min_corner"":[-2.84,-2.86,-0.6],""max_corner"":[-1.77,-2.39,0.1],""size"":[1.07,0.47,0.7]},{""id"":""semantic-3"",""label"":""chair"",""shape"":""box"",""min_corner"":[-0.9,2.02,-0.7],""max_corner"":[-0.23,2.71,0.2],""size"":[0.66,0.69,0.9]}]","{""person"":{""hard_margin_m"":0.65,""soft_radius_m"":1.2,""risk_weight"":8.0},""chair"":{""hard_margin_m"":0.4,""soft_radius_m"":0.55,""risk_weight"":2.0},""backpack"":{""hard_margin_m"":0.45,""soft_radius_m"":0.65,""risk_weight"":3.0},""bottle"":{""hard_margin_m"":0.4,""soft_radius_m"":0.45,""risk_weight"":2.0},""potted_plant"":{""hard_margin_m"":0.45,""soft_radius_m"":0.7,""risk_weight"":3.0},""bench"":{""hard_margin_m"":0.45,""soft_radius_m"":0.7,""risk_weight"":3.0},""stop_sign"":{""hard_margin_m"":0.5,""soft_radius_m"":0.85,""risk_weight"":5.0},""unknown"":{""hard_margin_m"":0.6,""soft_radius_m"":1.0,""risk_weight"":6.0},""default"":{""hard_margin_m"":0.45,""soft_radius_m"":0.7,""risk_weight"":3.0}}",5.273651,"[{""x"":2.94,""y"":-0.98,""z"":-0.25},{""x"":-1.73,""y"":1.47,""z"":-0.25}]"
35,"You are an expert semantic UAV path planner. Return sparse fixed-altitude NED waypoints that minimize path length plus semantic risk while satisfying every hard collision margin.
Mission state: the UAV is holding hover at the start position. Workspace: x=[-3.00,3.00]m, y=[-3.00,3.00]m, z=-0.25 fixed. Start: (-0.92,2.01,-0.25); goal: (1.88,1.52,-0.25); distance=2.84m. Semantic obstacle boxes: 1 potted_plant: x=[0.19,0.59], y=[-0.06,0.42]; 2 person: x=[1.58,1.93], y=[-2.93,-2.39]; 3 bottle: x=[-0.41,-0.22], y=[2.41,2.54]; 4 bench: x=[-0.10,1.02], y=[-2.81,-2.36]. Semantic policy: bench: hard margin=0.45m, soft radius=0.70m, risk weight=3.0; bottle: hard margin=0.40m, soft radius=0.45m, risk weight=2.0; person: hard margin=0.65m, soft radius=1.20m, risk weight=8.0; potted_plant: hard margin=0.45m, soft radius=0.70m, risk weight=3.0.
Constraints:
- first waypoint exactly equals start and final waypoint exactly equals goal
- return between 2 and 8 waypoints, all inside the workspace at the fixed z
- never enter a hard-margin region; prefer lower accumulated soft semantic risk
- return only the structured output requested by the response model","{""reasoning"":""Semantic Theta* selected a hard-safe any-angle route minimizing distance and label-conditioned risk."",""waypoints"":[{""x"":-0.92,""y"":2.01,""z"":-0.25},{""x"":1.88,""y"":1.52,""z"":-0.25}]}","[{""role"":""user"",""content"":""You are an expert semantic UAV path planner. Return sparse fixed-altitude NED waypoints that minimize path length plus semantic risk while satisfying every hard collision margin.\nMission state: the UAV is holding hover at the start position. Workspace: x=[-3.00,3.00]m, y=[-3.00,3.00]m, z=-0.25 fixed. Start: (-0.92,2.01,-0.25); goal: (1.88,1.52,-0.25); distance=2.84m. Semantic obstacle boxes: 1 potted_plant: x=[0.19,0.59], y=[-0.06,0.42]; 2 person: x=[1.58,1.93], y=[-2.93,-2.39]; 3 bottle: x=[-0.41,-0.22], y=[2.41,2.54]; 4 bench: x=[-0.10,1.02], y=[-2.81,-2.36]. Semantic policy: bench: hard margin=0.45m, soft radius=0.70m, risk weight=3.0; bottle: hard margin=0.40m, soft radius=0.45m, risk weight=2.0; person: hard margin=0.65m, soft radius=1.20m, risk weight=8.0; potted_plant: hard margin=0.45m, soft radius=0.70m, risk weight=3.0.\nConstraints:\n- first waypoint exactly equals start and final waypoint exactly equals goal\n- return between 2 and 8 waypoints, all inside the workspace at the fixed z\n- never enter a hard-margin region; prefer lower accumulated soft semantic risk\n- return only the structured output requested by the response model""},{""role"":""assistant"",""content"":""{\""reasoning\"":\""Semantic Theta* selected a hard-safe any-angle route minimizing distance and label-conditioned risk.\"",\""waypoints\"":[{\""x\"":-0.92,\""y\"":2.01,\""z\"":-0.25},{\""x\"":1.88,\""y\"":1.52,\""z\"":-0.25}]}""}]","Mission state: the UAV is holding hover at the start position. Workspace: x=[-3.00,3.00]m, y=[-3.00,3.00]m, z=-0.25 fixed. Start: (-0.92,2.01,-0.25); goal: (1.88,1.52,-0.25); distance=2.84m. Semantic obstacle boxes: 1 potted_plant: x=[0.19,0.59], y=[-0.06,0.42]; 2 person: x=[1.58,1.93], y=[-2.93,-2.39]; 3 bottle: x=[-0.41,-0.22], y=[2.41,2.54]; 4 bench: x=[-0.10,1.02], y=[-2.81,-2.36]. Semantic policy: bench: hard margin=0.45m, soft radius=0.70m, risk weight=3.0; bottle: hard margin=0.40m, soft radius=0.45m, risk weight=2.0; person: hard margin=0.65m, soft radius=1.20m, risk weight=8.0; potted_plant: hard margin=0.45m, soft radius=0.70m, risk weight=3.0.","{""x"":-0.92,""y"":2.01,""z"":-0.25}","{""x"":1.88,""y"":1.52,""z"":-0.25}","{""x"":[-3.0,3.0],""y"":[-3.0,3.0],""z"":-0.25}","[{""id"":""semantic-1"",""label"":""potted_plant"",""shape"":""box"",""min_corner"":[0.19,-0.06,-0.7],""max_corner"":[0.59,0.42,0.2],""size"":[0.4,0.48,0.9]},{""id"":""semantic-2"",""label"":""person"",""shape"":""box"",""min_corner"":[1.58,-2.93,-1.1],""max_corner"":[1.93,-2.39,0.6],""size"":[0.35,0.54,1.7]},{""id"":""semantic-3"",""label"":""bottle"",""shape"":""box"",""min_corner"":[-0.41,2.41,-0.42],""max_corner"":[-0.22,2.54,-0.08],""size"":[0.19,0.14,0.35]},{""id"":""semantic-4"",""label"":""bench"",""shape"":""box"",""min_corner"":[-0.1,-2.81,-0.6],""max_corner"":[1.02,-2.36,0.1],""size"":[1.11,0.45,0.7]}]","{""person"":{""hard_margin_m"":0.65,""soft_radius_m"":1.2,""risk_weight"":8.0},""chair"":{""hard_margin_m"":0.4,""soft_radius_m"":0.55,""risk_weight"":2.0},""backpack"":{""hard_margin_m"":0.45,""soft_radius_m"":0.65,""risk_weight"":3.0},""bottle"":{""hard_margin_m"":0.4,""soft_radius_m"":0.45,""risk_weight"":2.0},""potted_plant"":{""hard_margin_m"":0.45,""soft_radius_m"":0.7,""risk_weight"":3.0},""bench"":{""hard_margin_m"":0.45,""soft_radius_m"":0.7,""risk_weight"":3.0},""stop_sign"":{""hard_margin_m"":0.5,""soft_radius_m"":0.85,""risk_weight"":5.0},""unknown"":{""hard_margin_m"":0.6,""soft_radius_m"":1.0,""risk_weight"":6.0},""default"":{""hard_margin_m"":0.45,""soft_radius_m"":0.7,""risk_weight"":3.0}}",2.842552,"[{""x"":-0.92,""y"":2.01,""z"":-0.25},{""x"":1.88,""y"":1.52,""z"":-0.25}]"
36,"You are an expert semantic UAV path planner. Return sparse fixed-altitude NED waypoints that minimize path length plus semantic risk while satisfying every hard collision margin.
Mission state: the UAV is holding hover at the start position. Workspace: x=[-3.00,3.00]m, y=[-3.00,3.00]m, z=-0.25 fixed. Start: (0.07,-0.78,-0.25); goal: (-2.43,1.61,-0.25); distance=3.46m. Semantic obstacle boxes: 1 potted_plant: x=[-1.35,-0.85], y=[0.12,0.64]; 2 backpack: x=[1.87,2.21], y=[-2.36,-2.04]; 3 backpack: x=[1.55,1.82], y=[-0.87,-0.63]; 4 potted_plant: x=[2.14,2.61], y=[2.63,2.93]. Semantic policy: backpack: hard margin=0.45m, soft radius=0.65m, risk weight=3.0; potted_plant: hard margin=0.45m, soft radius=0.70m, risk weight=3.0.
Constraints:
- first waypoint exactly equals start and final waypoint exactly equals goal
- return between 2 and 8 waypoints, all inside the workspace at the fixed z
- never enter a hard-margin region; prefer lower accumulated soft semantic risk
- return only the structured output requested by the response model","{""reasoning"":""Semantic Theta* selected a hard-safe any-angle route minimizing distance and label-conditioned risk."",""waypoints"":[{""x"":0.07,""y"":-0.78,""z"":-0.25},{""x"":-1.8,""y"":-0.4,""z"":-0.25},{""x"":-2.43,""y"":1.61,""z"":-0.25}]}","[{""role"":""user"",""content"":""You are an expert semantic UAV path planner. Return sparse fixed-altitude NED waypoints that minimize path length plus semantic risk while satisfying every hard collision margin.\nMission state: the UAV is holding hover at the start position. Workspace: x=[-3.00,3.00]m, y=[-3.00,3.00]m, z=-0.25 fixed. Start: (0.07,-0.78,-0.25); goal: (-2.43,1.61,-0.25); distance=3.46m. Semantic obstacle boxes: 1 potted_plant: x=[-1.35,-0.85], y=[0.12,0.64]; 2 backpack: x=[1.87,2.21], y=[-2.36,-2.04]; 3 backpack: x=[1.55,1.82], y=[-0.87,-0.63]; 4 potted_plant: x=[2.14,2.61], y=[2.63,2.93]. Semantic policy: backpack: hard margin=0.45m, soft radius=0.65m, risk weight=3.0; potted_plant: hard margin=0.45m, soft radius=0.70m, risk weight=3.0.\nConstraints:\n- first waypoint exactly equals start and final waypoint exactly equals goal\n- return between 2 and 8 waypoints, all inside the workspace at the fixed z\n- never enter a hard-margin region; prefer lower accumulated soft semantic risk\n- return only the structured output requested by the response model""},{""role"":""assistant"",""content"":""{\""reasoning\"":\""Semantic Theta* selected a hard-safe any-angle route minimizing distance and label-conditioned risk.\"",\""waypoints\"":[{\""x\"":0.07,\""y\"":-0.78,\""z\"":-0.25},{\""x\"":-1.8,\""y\"":-0.4,\""z\"":-0.25},{\""x\"":-2.43,\""y\"":1.61,\""z\"":-0.25}]}""}]","Mission state: the UAV is holding hover at the start position. Workspace: x=[-3.00,3.00]m, y=[-3.00,3.00]m, z=-0.25 fixed. Start: (0.07,-0.78,-0.25); goal: (-2.43,1.61,-0.25); distance=3.46m. Semantic obstacle boxes: 1 potted_plant: x=[-1.35,-0.85], y=[0.12,0.64]; 2 backpack: x=[1.87,2.21], y=[-2.36,-2.04]; 3 backpack: x=[1.55,1.82], y=[-0.87,-0.63]; 4 potted_plant: x=[2.14,2.61], y=[2.63,2.93]. Semantic policy: backpack: hard margin=0.45m, soft radius=0.65m, risk weight=3.0; potted_plant: hard margin=0.45m, soft radius=0.70m, risk weight=3.0.","{""x"":0.07,""y"":-0.78,""z"":-0.25}","{""x"":-2.43,""y"":1.61,""z"":-0.25}","{""x"":[-3.0,3.0],""y"":[-3.0,3.0],""z"":-0.25}","[{""id"":""semantic-1"",""label"":""potted_plant"",""shape"":""box"",""min_corner"":[-1.35,0.12,-0.7],""max_corner"":[-0.85,0.64,0.2],""size"":[0.5,0.52,0.9]},{""id"":""semantic-2"",""label"":""backpack"",""shape"":""box"",""min_corner"":[1.87,-2.36,-0.53],""max_corner"":[2.21,-2.04,0.03],""size"":[0.34,0.32,0.55]},{""id"":""semantic-3"",""label"":""backpack"",""shape"":""box"",""min_corner"":[1.55,-0.87,-0.53],""max_corner"":[1.82,-0.63,0.03],""size"":[0.27,0.24,0.55]},{""id"":""semantic-4"",""label"":""potted_plant"",""shape"":""box"",""min_corner"":[2.14,2.63,-0.7],""max_corner"":[2.61,2.93,0.2],""size"":[0.47,0.3,0.9]}]","{""person"":{""hard_margin_m"":0.65,""soft_radius_m"":1.2,""risk_weight"":8.0},""chair"":{""hard_margin_m"":0.4,""soft_radius_m"":0.55,""risk_weight"":2.0},""backpack"":{""hard_margin_m"":0.45,""soft_radius_m"":0.65,""risk_weight"":3.0},""bottle"":{""hard_margin_m"":0.4,""soft_radius_m"":0.45,""risk_weight"":2.0},""potted_plant"":{""hard_margin_m"":0.45,""soft_radius_m"":0.7,""risk_weight"":3.0},""bench"":{""hard_margin_m"":0.45,""soft_radius_m"":0.7,""risk_weight"":3.0},""stop_sign"":{""hard_margin_m"":0.5,""soft_radius_m"":0.85,""risk_weight"":5.0},""unknown"":{""hard_margin_m"":0.6,""soft_radius_m"":1.0,""risk_weight"":6.0},""default"":{""hard_margin_m"":0.45,""soft_radius_m"":0.7,""risk_weight"":3.0}}",4.07383,"[{""x"":0.07,""y"":-0.78,""z"":-0.25},{""x"":-1.8,""y"":-0.4,""z"":-0.25},{""x"":-2.43,""y"":1.61,""z"":-0.25}]"
37,"You are an expert semantic UAV path planner. Return sparse fixed-altitude NED waypoints that minimize path length plus semantic risk while satisfying every hard collision margin.
Mission state: the UAV is holding hover at the start position. Workspace: x=[-3.00,3.00]m, y=[-3.00,3.00]m, z=-0.25 fixed. Start: (-0.29,1.29,-0.25); goal: (1.10,-2.39,-0.25); distance=3.93m. Semantic obstacle boxes: 1 unknown: x=[-0.15,0.35], y=[-0.52,0.04]; 2 person: x=[0.45,0.82], y=[1.37,1.78]. Semantic policy: person: hard margin=0.65m, soft radius=1.20m, risk weight=8.0; unknown: hard margin=0.60m, soft radius=1.00m, risk weight=6.0.
Constraints:
- first waypoint exactly equals start and final waypoint exactly equals goal
- return between 2 and 8 waypoints, all inside the workspace at the fixed z
- never enter a hard-margin region; prefer lower accumulated soft semantic risk
- return only the structured output requested by the response model","{""reasoning"":""Semantic Theta* selected a hard-safe any-angle route minimizing distance and label-conditioned risk."",""waypoints"":[{""x"":-0.29,""y"":1.29,""z"":-0.25},{""x"":-1.0,""y"":0.4,""z"":-0.25},{""x"":-0.8,""y"":-1.2,""z"":-0.25},{""x"":1.1,""y"":-2.39,""z"":-0.25}]}","[{""role"":""user"",""content"":""You are an expert semantic UAV path planner. Return sparse fixed-altitude NED waypoints that minimize path length plus semantic risk while satisfying every hard collision margin.\nMission state: the UAV is holding hover at the start position. Workspace: x=[-3.00,3.00]m, y=[-3.00,3.00]m, z=-0.25 fixed. Start: (-0.29,1.29,-0.25); goal: (1.10,-2.39,-0.25); distance=3.93m. Semantic obstacle boxes: 1 unknown: x=[-0.15,0.35], y=[-0.52,0.04]; 2 person: x=[0.45,0.82], y=[1.37,1.78]. Semantic policy: person: hard margin=0.65m, soft radius=1.20m, risk weight=8.0; unknown: hard margin=0.60m, soft radius=1.00m, risk weight=6.0.\nConstraints:\n- first waypoint exactly equals start and final waypoint exactly equals goal\n- return between 2 and 8 waypoints, all inside the workspace at the fixed z\n- never enter a hard-margin region; prefer lower accumulated soft semantic risk\n- return only the structured output requested by the response model""},{""role"":""assistant"",""content"":""{\""reasoning\"":\""Semantic Theta* selected a hard-safe any-angle route minimizing distance and label-conditioned risk.\"",\""waypoints\"":[{\""x\"":-0.29,\""y\"":1.29,\""z\"":-0.25},{\""x\"":-1.0,\""y\"":0.4,\""z\"":-0.25},{\""x\"":-0.8,\""y\"":-1.2,\""z\"":-0.25},{\""x\"":1.1,\""y\"":-2.39,\""z\"":-0.25}]}""}]","Mission state: the UAV is holding hover at the start position. Workspace: x=[-3.00,3.00]m, y=[-3.00,3.00]m, z=-0.25 fixed. Start: (-0.29,1.29,-0.25); goal: (1.10,-2.39,-0.25); distance=3.93m. Semantic obstacle boxes: 1 unknown: x=[-0.15,0.35], y=[-0.52,0.04]; 2 person: x=[0.45,0.82], y=[1.37,1.78]. Semantic policy: person: hard margin=0.65m, soft radius=1.20m, risk weight=8.0; unknown: hard margin=0.60m, soft radius=1.00m, risk weight=6.0.","{""x"":-0.29,""y"":1.29,""z"":-0.25}","{""x"":1.1,""y"":-2.39,""z"":-0.25}","{""x"":[-3.0,3.0],""y"":[-3.0,3.0],""z"":-0.25}","[{""id"":""semantic-1"",""label"":""unknown"",""shape"":""box"",""min_corner"":[-0.15,-0.52,-0.75],""max_corner"":[0.35,0.04,0.25],""size"":[0.5,0.57,1.0]},{""id"":""semantic-2"",""label"":""person"",""shape"":""box"",""min_corner"":[0.45,1.37,-1.1],""max_corner"":[0.82,1.78,0.6],""size"":[0.37,0.4,1.7]}]","{""person"":{""hard_margin_m"":0.65,""soft_radius_m"":1.2,""risk_weight"":8.0},""chair"":{""hard_margin_m"":0.4,""soft_radius_m"":0.55,""risk_weight"":2.0},""backpack"":{""hard_margin_m"":0.45,""soft_radius_m"":0.65,""risk_weight"":3.0},""bottle"":{""hard_margin_m"":0.4,""soft_radius_m"":0.45,""risk_weight"":2.0},""potted_plant"":{""hard_margin_m"":0.45,""soft_radius_m"":0.7,""risk_weight"":3.0},""bench"":{""hard_margin_m"":0.45,""soft_radius_m"":0.7,""risk_weight"":3.0},""stop_sign"":{""hard_margin_m"":0.5,""soft_radius_m"":0.85,""risk_weight"":5.0},""unknown"":{""hard_margin_m"":0.6,""soft_radius_m"":1.0,""risk_weight"":6.0},""default"":{""hard_margin_m"":0.45,""soft_radius_m"":0.7,""risk_weight"":3.0}}",5.686225,"[{""x"":-0.29,""y"":1.29,""z"":-0.25},{""x"":-1.0,""y"":0.4,""z"":-0.25},{""x"":-0.8,""y"":-1.2,""z"":-0.25},{""x"":1.1,""y"":-2.39,""z"":-0.25}]"
38,"You are an expert semantic UAV path planner. Return sparse fixed-altitude NED waypoints that minimize path length plus semantic risk while satisfying every hard collision margin.
Mission state: the UAV is holding hover at the start position. Workspace: x=[-3.00,3.00]m, y=[-3.00,3.00]m, z=-0.25 fixed. Start: (-1.91,2.28,-0.25); goal: (0.45,-1.81,-0.25); distance=4.72m. Semantic obstacle boxes: none. Semantic policy: No semantic risk fields are active.
Constraints:
- first waypoint exactly equals start and final waypoint exactly equals goal
- return between 2 and 8 waypoints, all inside the workspace at the fixed z
- never enter a hard-margin region; prefer lower accumulated soft semantic risk
- return only the structured output requested by the response model","{""reasoning"":""Semantic Theta* selected a hard-safe any-angle route minimizing distance and label-conditioned risk."",""waypoints"":[{""x"":-1.91,""y"":2.28,""z"":-0.25},{""x"":0.45,""y"":-1.81,""z"":-0.25}]}","[{""role"":""user"",""content"":""You are an expert semantic UAV path planner. Return sparse fixed-altitude NED waypoints that minimize path length plus semantic risk while satisfying every hard collision margin.\nMission state: the UAV is holding hover at the start position. Workspace: x=[-3.00,3.00]m, y=[-3.00,3.00]m, z=-0.25 fixed. Start: (-1.91,2.28,-0.25); goal: (0.45,-1.81,-0.25); distance=4.72m. Semantic obstacle boxes: none. Semantic policy: No semantic risk fields are active.\nConstraints:\n- first waypoint exactly equals start and final waypoint exactly equals goal\n- return between 2 and 8 waypoints, all inside the workspace at the fixed z\n- never enter a hard-margin region; prefer lower accumulated soft semantic risk\n- return only the structured output requested by the response model""},{""role"":""assistant"",""content"":""{\""reasoning\"":\""Semantic Theta* selected a hard-safe any-angle route minimizing distance and label-conditioned risk.\"",\""waypoints\"":[{\""x\"":-1.91,\""y\"":2.28,\""z\"":-0.25},{\""x\"":0.45,\""y\"":-1.81,\""z\"":-0.25}]}""}]","Mission state: the UAV is holding hover at the start position. Workspace: x=[-3.00,3.00]m, y=[-3.00,3.00]m, z=-0.25 fixed. Start: (-1.91,2.28,-0.25); goal: (0.45,-1.81,-0.25); distance=4.72m. Semantic obstacle boxes: none. Semantic policy: No semantic risk fields are active.","{""x"":-1.91,""y"":2.28,""z"":-0.25}","{""x"":0.45,""y"":-1.81,""z"":-0.25}","{""x"":[-3.0,3.0],""y"":[-3.0,3.0],""z"":-0.25}",[],"{""person"":{""hard_margin_m"":0.65,""soft_radius_m"":1.2,""risk_weight"":8.0},""chair"":{""hard_margin_m"":0.4,""soft_radius_m"":0.55,""risk_weight"":2.0},""backpack"":{""hard_margin_m"":0.45,""soft_radius_m"":0.65,""risk_weight"":3.0},""bottle"":{""hard_margin_m"":0.4,""soft_radius_m"":0.45,""risk_weight"":2.0},""potted_plant"":{""hard_margin_m"":0.45,""soft_radius_m"":0.7,""risk_weight"":3.0},""bench"":{""hard_margin_m"":0.45,""soft_radius_m"":0.7,""risk_weight"":3.0},""stop_sign"":{""hard_margin_m"":0.5,""soft_radius_m"":0.85,""risk_weight"":5.0},""unknown"":{""hard_margin_m"":0.6,""soft_radius_m"":1.0,""risk_weight"":6.0},""default"":{""hard_margin_m"":0.45,""soft_radius_m"":0.7,""risk_weight"":3.0}}",4.722044,"[{""x"":-1.91,""y"":2.28,""z"":-0.25},{""x"":0.45,""y"":-1.81,""z"":-0.25}]"
39,"You are an expert semantic UAV path planner. Return sparse fixed-altitude NED waypoints that minimize path length plus semantic risk while satisfying every hard collision margin.
Mission state: the UAV is holding hover at the start position. Workspace: x=[-3.00,3.00]m, y=[-3.00,3.00]m, z=-0.25 fixed. Start: (1.99,2.04,-0.25); goal: (0.99,-1.79,-0.25); distance=3.96m. Semantic obstacle boxes: 1 bench: x=[-2.28,-1.29], y=[-0.19,0.34]. Semantic policy: bench: hard margin=0.45m, soft radius=0.70m, risk weight=3.0.
Constraints:
- first waypoint exactly equals start and final waypoint exactly equals goal
- return between 2 and 8 waypoints, all inside the workspace at the fixed z
- never enter a hard-margin region; prefer lower accumulated soft semantic risk
- return only the structured output requested by the response model","{""reasoning"":""Semantic Theta* selected a hard-safe any-angle route minimizing distance and label-conditioned risk."",""waypoints"":[{""x"":1.99,""y"":2.04,""z"":-0.25},{""x"":0.99,""y"":-1.79,""z"":-0.25}]}","[{""role"":""user"",""content"":""You are an expert semantic UAV path planner. Return sparse fixed-altitude NED waypoints that minimize path length plus semantic risk while satisfying every hard collision margin.\nMission state: the UAV is holding hover at the start position. Workspace: x=[-3.00,3.00]m, y=[-3.00,3.00]m, z=-0.25 fixed. Start: (1.99,2.04,-0.25); goal: (0.99,-1.79,-0.25); distance=3.96m. Semantic obstacle boxes: 1 bench: x=[-2.28,-1.29], y=[-0.19,0.34]. Semantic policy: bench: hard margin=0.45m, soft radius=0.70m, risk weight=3.0.\nConstraints:\n- first waypoint exactly equals start and final waypoint exactly equals goal\n- return between 2 and 8 waypoints, all inside the workspace at the fixed z\n- never enter a hard-margin region; prefer lower accumulated soft semantic risk\n- return only the structured output requested by the response model""},{""role"":""assistant"",""content"":""{\""reasoning\"":\""Semantic Theta* selected a hard-safe any-angle route minimizing distance and label-conditioned risk.\"",\""waypoints\"":[{\""x\"":1.99,\""y\"":2.04,\""z\"":-0.25},{\""x\"":0.99,\""y\"":-1.79,\""z\"":-0.25}]}""}]","Mission state: the UAV is holding hover at the start position. Workspace: x=[-3.00,3.00]m, y=[-3.00,3.00]m, z=-0.25 fixed. Start: (1.99,2.04,-0.25); goal: (0.99,-1.79,-0.25); distance=3.96m. Semantic obstacle boxes: 1 bench: x=[-2.28,-1.29], y=[-0.19,0.34]. Semantic policy: bench: hard margin=0.45m, soft radius=0.70m, risk weight=3.0.","{""x"":1.99,""y"":2.04,""z"":-0.25}","{""x"":0.99,""y"":-1.79,""z"":-0.25}","{""x"":[-3.0,3.0],""y"":[-3.0,3.0],""z"":-0.25}","[{""id"":""semantic-1"",""label"":""bench"",""shape"":""box"",""min_corner"":[-2.28,-0.19,-0.6],""max_corner"":[-1.29,0.34,0.1],""size"":[0.99,0.53,0.7]}]","{""person"":{""hard_margin_m"":0.65,""soft_radius_m"":1.2,""risk_weight"":8.0},""chair"":{""hard_margin_m"":0.4,""soft_radius_m"":0.55,""risk_weight"":2.0},""backpack"":{""hard_margin_m"":0.45,""soft_radius_m"":0.65,""risk_weight"":3.0},""bottle"":{""hard_margin_m"":0.4,""soft_radius_m"":0.45,""risk_weight"":2.0},""potted_plant"":{""hard_margin_m"":0.45,""soft_radius_m"":0.7,""risk_weight"":3.0},""bench"":{""hard_margin_m"":0.45,""soft_radius_m"":0.7,""risk_weight"":3.0},""stop_sign"":{""hard_margin_m"":0.5,""soft_radius_m"":0.85,""risk_weight"":5.0},""unknown"":{""hard_margin_m"":0.6,""soft_radius_m"":1.0,""risk_weight"":6.0},""default"":{""hard_margin_m"":0.45,""soft_radius_m"":0.7,""risk_weight"":3.0}}",3.958396,"[{""x"":1.99,""y"":2.04,""z"":-0.25},{""x"":0.99,""y"":-1.79,""z"":-0.25}]"
40,"You are an expert semantic UAV path planner. Return sparse fixed-altitude NED waypoints that minimize path length plus semantic risk while satisfying every hard collision margin.
Mission state: the UAV is holding hover at the start position. Workspace: x=[-3.00,3.00]m, y=[-3.00,3.00]m, z=-0.25 fixed. Start: (-1.41,0.41,-0.25); goal: (-0.94,-2.02,-0.25); distance=2.48m. Semantic obstacle boxes: 1 unknown: x=[-0.28,0.45], y=[-1.23,-0.87]; 2 person: x=[-2.19,-1.79], y=[-1.63,-1.09]; 3 bottle: x=[0.37,0.54], y=[0.63,0.87]; 4 potted_plant: x=[1.97,2.55], y=[0.14,0.68]. Semantic policy: bottle: hard margin=0.40m, soft radius=0.45m, risk weight=2.0; person: hard margin=0.65m, soft radius=1.20m, risk weight=8.0; potted_plant: hard margin=0.45m, soft radius=0.70m, risk weight=3.0; unknown: hard margin=0.60m, soft radius=1.00m, risk weight=6.0.
Constraints:
- first waypoint exactly equals start and final waypoint exactly equals goal
- return between 2 and 8 waypoints, all inside the workspace at the fixed z
- never enter a hard-margin region; prefer lower accumulated soft semantic risk
- return only the structured output requested by the response model","{""reasoning"":""Semantic Theta* selected a hard-safe any-angle route minimizing distance and label-conditioned risk."",""waypoints"":[{""x"":-1.41,""y"":0.41,""z"":-0.25},{""x"":-1.0,""y"":-0.8,""z"":-0.25},{""x"":-0.94,""y"":-2.02,""z"":-0.25}]}","[{""role"":""user"",""content"":""You are an expert semantic UAV path planner. Return sparse fixed-altitude NED waypoints that minimize path length plus semantic risk while satisfying every hard collision margin.\nMission state: the UAV is holding hover at the start position. Workspace: x=[-3.00,3.00]m, y=[-3.00,3.00]m, z=-0.25 fixed. Start: (-1.41,0.41,-0.25); goal: (-0.94,-2.02,-0.25); distance=2.48m. Semantic obstacle boxes: 1 unknown: x=[-0.28,0.45], y=[-1.23,-0.87]; 2 person: x=[-2.19,-1.79], y=[-1.63,-1.09]; 3 bottle: x=[0.37,0.54], y=[0.63,0.87]; 4 potted_plant: x=[1.97,2.55], y=[0.14,0.68]. Semantic policy: bottle: hard margin=0.40m, soft radius=0.45m, risk weight=2.0; person: hard margin=0.65m, soft radius=1.20m, risk weight=8.0; potted_plant: hard margin=0.45m, soft radius=0.70m, risk weight=3.0; unknown: hard margin=0.60m, soft radius=1.00m, risk weight=6.0.\nConstraints:\n- first waypoint exactly equals start and final waypoint exactly equals goal\n- return between 2 and 8 waypoints, all inside the workspace at the fixed z\n- never enter a hard-margin region; prefer lower accumulated soft semantic risk\n- return only the structured output requested by the response model""},{""role"":""assistant"",""content"":""{\""reasoning\"":\""Semantic Theta* selected a hard-safe any-angle route minimizing distance and label-conditioned risk.\"",\""waypoints\"":[{\""x\"":-1.41,\""y\"":0.41,\""z\"":-0.25},{\""x\"":-1.0,\""y\"":-0.8,\""z\"":-0.25},{\""x\"":-0.94,\""y\"":-2.02,\""z\"":-0.25}]}""}]","Mission state: the UAV is holding hover at the start position. Workspace: x=[-3.00,3.00]m, y=[-3.00,3.00]m, z=-0.25 fixed. Start: (-1.41,0.41,-0.25); goal: (-0.94,-2.02,-0.25); distance=2.48m. Semantic obstacle boxes: 1 unknown: x=[-0.28,0.45], y=[-1.23,-0.87]; 2 person: x=[-2.19,-1.79], y=[-1.63,-1.09]; 3 bottle: x=[0.37,0.54], y=[0.63,0.87]; 4 potted_plant: x=[1.97,2.55], y=[0.14,0.68]. Semantic policy: bottle: hard margin=0.40m, soft radius=0.45m, risk weight=2.0; person: hard margin=0.65m, soft radius=1.20m, risk weight=8.0; potted_plant: hard margin=0.45m, soft radius=0.70m, risk weight=3.0; unknown: hard margin=0.60m, soft radius=1.00m, risk weight=6.0.","{""x"":-1.41,""y"":0.41,""z"":-0.25}","{""x"":-0.94,""y"":-2.02,""z"":-0.25}","{""x"":[-3.0,3.0],""y"":[-3.0,3.0],""z"":-0.25}","[{""id"":""semantic-1"",""label"":""unknown"",""shape"":""box"",""min_corner"":[-0.28,-1.23,-0.75],""max_corner"":[0.45,-0.87,0.25],""size"":[0.73,0.36,1.0]},{""id"":""semantic-2"",""label"":""person"",""shape"":""box"",""min_corner"":[-2.19,-1.63,-1.1],""max_corner"":[-1.79,-1.09,0.6],""size"":[0.4,0.54,1.7]},{""id"":""semantic-3"",""label"":""bottle"",""shape"":""box"",""min_corner"":[0.37,0.63,-0.42],""max_corner"":[0.54,0.87,-0.08],""size"":[0.16,0.24,0.35]},{""id"":""semantic-4"",""label"":""potted_plant"",""shape"":""box"",""min_corner"":[1.97,0.14,-0.7],""max_corner"":[2.55,0.68,0.2],""size"":[0.58,0.53,0.9]}]","{""person"":{""hard_margin_m"":0.65,""soft_radius_m"":1.2,""risk_weight"":8.0},""chair"":{""hard_margin_m"":0.4,""soft_radius_m"":0.55,""risk_weight"":2.0},""backpack"":{""hard_margin_m"":0.45,""soft_radius_m"":0.65,""risk_weight"":3.0},""bottle"":{""hard_margin_m"":0.4,""soft_radius_m"":0.45,""risk_weight"":2.0},""potted_plant"":{""hard_margin_m"":0.45,""soft_radius_m"":0.7,""risk_weight"":3.0},""bench"":{""hard_margin_m"":0.45,""soft_radius_m"":0.7,""risk_weight"":3.0},""stop_sign"":{""hard_margin_m"":0.5,""soft_radius_m"":0.85,""risk_weight"":5.0},""unknown"":{""hard_margin_m"":0.6,""soft_radius_m"":1.0,""risk_weight"":6.0},""default"":{""hard_margin_m"":0.45,""soft_radius_m"":0.7,""risk_weight"":3.0}}",4.226967,"[{""x"":-1.41,""y"":0.41,""z"":-0.25},{""x"":-1.0,""y"":-0.8,""z"":-0.25},{""x"":-0.94,""y"":-2.02,""z"":-0.25}]"
41,"You are an expert semantic UAV path planner. Return sparse fixed-altitude NED waypoints that minimize path length plus semantic risk while satisfying every hard collision margin.
Mission state: the UAV is holding hover at the start position. Workspace: x=[-3.00,3.00]m, y=[-3.00,3.00]m, z=-0.25 fixed. Start: (-0.95,1.79,-0.25); goal: (1.20,0.47,-0.25); distance=2.52m. Semantic obstacle boxes: 1 bench: x=[-2.87,-1.96], y=[-0.32,0.22]; 2 backpack: x=[0.91,1.16], y=[-1.73,-1.35]; 3 chair: x=[-2.66,-2.20], y=[-0.44,0.14]; 4 bottle: x=[-2.85,-2.73], y=[0.67,0.80]. Semantic policy: backpack: hard margin=0.45m, soft radius=0.65m, risk weight=3.0; bench: hard margin=0.45m, soft radius=0.70m, risk weight=3.0; bottle: hard margin=0.40m, soft radius=0.45m, risk weight=2.0; chair: hard margin=0.40m, soft radius=0.55m, risk weight=2.0.
Constraints:
- first waypoint exactly equals start and final waypoint exactly equals goal
- return between 2 and 8 waypoints, all inside the workspace at the fixed z
- never enter a hard-margin region; prefer lower accumulated soft semantic risk
- return only the structured output requested by the response model","{""reasoning"":""Semantic Theta* selected a hard-safe any-angle route minimizing distance and label-conditioned risk."",""waypoints"":[{""x"":-0.95,""y"":1.79,""z"":-0.25},{""x"":1.2,""y"":0.47,""z"":-0.25}]}","[{""role"":""user"",""content"":""You are an expert semantic UAV path planner. Return sparse fixed-altitude NED waypoints that minimize path length plus semantic risk while satisfying every hard collision margin.\nMission state: the UAV is holding hover at the start position. Workspace: x=[-3.00,3.00]m, y=[-3.00,3.00]m, z=-0.25 fixed. Start: (-0.95,1.79,-0.25); goal: (1.20,0.47,-0.25); distance=2.52m. Semantic obstacle boxes: 1 bench: x=[-2.87,-1.96], y=[-0.32,0.22]; 2 backpack: x=[0.91,1.16], y=[-1.73,-1.35]; 3 chair: x=[-2.66,-2.20], y=[-0.44,0.14]; 4 bottle: x=[-2.85,-2.73], y=[0.67,0.80]. Semantic policy: backpack: hard margin=0.45m, soft radius=0.65m, risk weight=3.0; bench: hard margin=0.45m, soft radius=0.70m, risk weight=3.0; bottle: hard margin=0.40m, soft radius=0.45m, risk weight=2.0; chair: hard margin=0.40m, soft radius=0.55m, risk weight=2.0.\nConstraints:\n- first waypoint exactly equals start and final waypoint exactly equals goal\n- return between 2 and 8 waypoints, all inside the workspace at the fixed z\n- never enter a hard-margin region; prefer lower accumulated soft semantic risk\n- return only the structured output requested by the response model""},{""role"":""assistant"",""content"":""{\""reasoning\"":\""Semantic Theta* selected a hard-safe any-angle route minimizing distance and label-conditioned risk.\"",\""waypoints\"":[{\""x\"":-0.95,\""y\"":1.79,\""z\"":-0.25},{\""x\"":1.2,\""y\"":0.47,\""z\"":-0.25}]}""}]","Mission state: the UAV is holding hover at the start position. Workspace: x=[-3.00,3.00]m, y=[-3.00,3.00]m, z=-0.25 fixed. Start: (-0.95,1.79,-0.25); goal: (1.20,0.47,-0.25); distance=2.52m. Semantic obstacle boxes: 1 bench: x=[-2.87,-1.96], y=[-0.32,0.22]; 2 backpack: x=[0.91,1.16], y=[-1.73,-1.35]; 3 chair: x=[-2.66,-2.20], y=[-0.44,0.14]; 4 bottle: x=[-2.85,-2.73], y=[0.67,0.80]. Semantic policy: backpack: hard margin=0.45m, soft radius=0.65m, risk weight=3.0; bench: hard margin=0.45m, soft radius=0.70m, risk weight=3.0; bottle: hard margin=0.40m, soft radius=0.45m, risk weight=2.0; chair: hard margin=0.40m, soft radius=0.55m, risk weight=2.0.","{""x"":-0.95,""y"":1.79,""z"":-0.25}","{""x"":1.2,""y"":0.47,""z"":-0.25}","{""x"":[-3.0,3.0],""y"":[-3.0,3.0],""z"":-0.25}","[{""id"":""semantic-1"",""label"":""bench"",""shape"":""box"",""min_corner"":[-2.87,-0.32,-0.6],""max_corner"":[-1.96,0.22,0.1],""size"":[0.91,0.54,0.7]},{""id"":""semantic-2"",""label"":""backpack"",""shape"":""box"",""min_corner"":[0.91,-1.73,-0.53],""max_corner"":[1.16,-1.35,0.03],""size"":[0.25,0.38,0.55]},{""id"":""semantic-3"",""label"":""chair"",""shape"":""box"",""min_corner"":[-2.66,-0.44,-0.7],""max_corner"":[-2.2,0.14,0.2],""size"":[0.46,0.58,0.9]},{""id"":""semantic-4"",""label"":""bottle"",""shape"":""box"",""min_corner"":[-2.85,0.67,-0.42],""max_corner"":[-2.73,0.8,-0.08],""size"":[0.13,0.13,0.35]}]","{""person"":{""hard_margin_m"":0.65,""soft_radius_m"":1.2,""risk_weight"":8.0},""chair"":{""hard_margin_m"":0.4,""soft_radius_m"":0.55,""risk_weight"":2.0},""backpack"":{""hard_margin_m"":0.45,""soft_radius_m"":0.65,""risk_weight"":3.0},""bottle"":{""hard_margin_m"":0.4,""soft_radius_m"":0.45,""risk_weight"":2.0},""potted_plant"":{""hard_margin_m"":0.45,""soft_radius_m"":0.7,""risk_weight"":3.0},""bench"":{""hard_margin_m"":0.45,""soft_radius_m"":0.7,""risk_weight"":3.0},""stop_sign"":{""hard_margin_m"":0.5,""soft_radius_m"":0.85,""risk_weight"":5.0},""unknown"":{""hard_margin_m"":0.6,""soft_radius_m"":1.0,""risk_weight"":6.0},""default"":{""hard_margin_m"":0.45,""soft_radius_m"":0.7,""risk_weight"":3.0}}",2.522875,"[{""x"":-0.95,""y"":1.79,""z"":-0.25},{""x"":1.2,""y"":0.47,""z"":-0.25}]"
42,"You are an expert semantic UAV path planner. Return sparse fixed-altitude NED waypoints that minimize path length plus semantic risk while satisfying every hard collision margin.
Mission state: the UAV is holding hover at the start position. Workspace: x=[-3.00,3.00]m, y=[-3.00,3.00]m, z=-0.25 fixed. Start: (2.45,0.52,-0.25); goal: (0.46,-0.94,-0.25); distance=2.47m. Semantic obstacle boxes: 1 bench: x=[1.71,2.84], y=[2.24,2.72]. Semantic policy: bench: hard margin=0.45m, soft radius=0.70m, risk weight=3.0.
Constraints:
- first waypoint exactly equals start and final waypoint exactly equals goal
- return between 2 and 8 waypoints, all inside the workspace at the fixed z
- never enter a hard-margin region; prefer lower accumulated soft semantic risk
- return only the structured output requested by the response model","{""reasoning"":""Semantic Theta* selected a hard-safe any-angle route minimizing distance and label-conditioned risk."",""waypoints"":[{""x"":2.45,""y"":0.52,""z"":-0.25},{""x"":0.46,""y"":-0.94,""z"":-0.25}]}","[{""role"":""user"",""content"":""You are an expert semantic UAV path planner. Return sparse fixed-altitude NED waypoints that minimize path length plus semantic risk while satisfying every hard collision margin.\nMission state: the UAV is holding hover at the start position. Workspace: x=[-3.00,3.00]m, y=[-3.00,3.00]m, z=-0.25 fixed. Start: (2.45,0.52,-0.25); goal: (0.46,-0.94,-0.25); distance=2.47m. Semantic obstacle boxes: 1 bench: x=[1.71,2.84], y=[2.24,2.72]. Semantic policy: bench: hard margin=0.45m, soft radius=0.70m, risk weight=3.0.\nConstraints:\n- first waypoint exactly equals start and final waypoint exactly equals goal\n- return between 2 and 8 waypoints, all inside the workspace at the fixed z\n- never enter a hard-margin region; prefer lower accumulated soft semantic risk\n- return only the structured output requested by the response model""},{""role"":""assistant"",""content"":""{\""reasoning\"":\""Semantic Theta* selected a hard-safe any-angle route minimizing distance and label-conditioned risk.\"",\""waypoints\"":[{\""x\"":2.45,\""y\"":0.52,\""z\"":-0.25},{\""x\"":0.46,\""y\"":-0.94,\""z\"":-0.25}]}""}]","Mission state: the UAV is holding hover at the start position. Workspace: x=[-3.00,3.00]m, y=[-3.00,3.00]m, z=-0.25 fixed. Start: (2.45,0.52,-0.25); goal: (0.46,-0.94,-0.25); distance=2.47m. Semantic obstacle boxes: 1 bench: x=[1.71,2.84], y=[2.24,2.72]. Semantic policy: bench: hard margin=0.45m, soft radius=0.70m, risk weight=3.0.","{""x"":2.45,""y"":0.52,""z"":-0.25}","{""x"":0.46,""y"":-0.94,""z"":-0.25}","{""x"":[-3.0,3.0],""y"":[-3.0,3.0],""z"":-0.25}","[{""id"":""semantic-1"",""label"":""bench"",""shape"":""box"",""min_corner"":[1.71,2.24,-0.6],""max_corner"":[2.84,2.72,0.1],""size"":[1.12,0.48,0.7]}]","{""person"":{""hard_margin_m"":0.65,""soft_radius_m"":1.2,""risk_weight"":8.0},""chair"":{""hard_margin_m"":0.4,""soft_radius_m"":0.55,""risk_weight"":2.0},""backpack"":{""hard_margin_m"":0.45,""soft_radius_m"":0.65,""risk_weight"":3.0},""bottle"":{""hard_margin_m"":0.4,""soft_radius_m"":0.45,""risk_weight"":2.0},""potted_plant"":{""hard_margin_m"":0.45,""soft_radius_m"":0.7,""risk_weight"":3.0},""bench"":{""hard_margin_m"":0.45,""soft_radius_m"":0.7,""risk_weight"":3.0},""stop_sign"":{""hard_margin_m"":0.5,""soft_radius_m"":0.85,""risk_weight"":5.0},""unknown"":{""hard_margin_m"":0.6,""soft_radius_m"":1.0,""risk_weight"":6.0},""default"":{""hard_margin_m"":0.45,""soft_radius_m"":0.7,""risk_weight"":3.0}}",2.468137,"[{""x"":2.45,""y"":0.52,""z"":-0.25},{""x"":0.46,""y"":-0.94,""z"":-0.25}]"
43,"You are an expert semantic UAV path planner. Return sparse fixed-altitude NED waypoints that minimize path length plus semantic risk while satisfying every hard collision margin.
Mission state: the UAV is holding hover at the start position. Workspace: x=[-3.00,3.00]m, y=[-3.00,3.00]m, z=-0.25 fixed. Start: (0.61,-2.23,-0.25); goal: (2.11,2.12,-0.25); distance=4.60m. Semantic obstacle boxes: 1 chair: x=[-1.18,-0.60], y=[-1.78,-1.13]; 2 bench: x=[-0.48,0.36], y=[0.47,0.99]; 3 bottle: x=[-0.38,-0.19], y=[-2.21,-2.07]. Semantic policy: bench: hard margin=0.45m, soft radius=0.70m, risk weight=3.0; bottle: hard margin=0.40m, soft radius=0.45m, risk weight=2.0; chair: hard margin=0.40m, soft radius=0.55m, risk weight=2.0.
Constraints:
- first waypoint exactly equals start and final waypoint exactly equals goal
- return between 2 and 8 waypoints, all inside the workspace at the fixed z
- never enter a hard-margin region; prefer lower accumulated soft semantic risk
- return only the structured output requested by the response model","{""reasoning"":""Semantic Theta* selected a hard-safe any-angle route minimizing distance and label-conditioned risk."",""waypoints"":[{""x"":0.61,""y"":-2.23,""z"":-0.25},{""x"":2.11,""y"":2.12,""z"":-0.25}]}","[{""role"":""user"",""content"":""You are an expert semantic UAV path planner. Return sparse fixed-altitude NED waypoints that minimize path length plus semantic risk while satisfying every hard collision margin.\nMission state: the UAV is holding hover at the start position. Workspace: x=[-3.00,3.00]m, y=[-3.00,3.00]m, z=-0.25 fixed. Start: (0.61,-2.23,-0.25); goal: (2.11,2.12,-0.25); distance=4.60m. Semantic obstacle boxes: 1 chair: x=[-1.18,-0.60], y=[-1.78,-1.13]; 2 bench: x=[-0.48,0.36], y=[0.47,0.99]; 3 bottle: x=[-0.38,-0.19], y=[-2.21,-2.07]. Semantic policy: bench: hard margin=0.45m, soft radius=0.70m, risk weight=3.0; bottle: hard margin=0.40m, soft radius=0.45m, risk weight=2.0; chair: hard margin=0.40m, soft radius=0.55m, risk weight=2.0.\nConstraints:\n- first waypoint exactly equals start and final waypoint exactly equals goal\n- return between 2 and 8 waypoints, all inside the workspace at the fixed z\n- never enter a hard-margin region; prefer lower accumulated soft semantic risk\n- return only the structured output requested by the response model""},{""role"":""assistant"",""content"":""{\""reasoning\"":\""Semantic Theta* selected a hard-safe any-angle route minimizing distance and label-conditioned risk.\"",\""waypoints\"":[{\""x\"":0.61,\""y\"":-2.23,\""z\"":-0.25},{\""x\"":2.11,\""y\"":2.12,\""z\"":-0.25}]}""}]","Mission state: the UAV is holding hover at the start position. Workspace: x=[-3.00,3.00]m, y=[-3.00,3.00]m, z=-0.25 fixed. Start: (0.61,-2.23,-0.25); goal: (2.11,2.12,-0.25); distance=4.60m. Semantic obstacle boxes: 1 chair: x=[-1.18,-0.60], y=[-1.78,-1.13]; 2 bench: x=[-0.48,0.36], y=[0.47,0.99]; 3 bottle: x=[-0.38,-0.19], y=[-2.21,-2.07]. Semantic policy: bench: hard margin=0.45m, soft radius=0.70m, risk weight=3.0; bottle: hard margin=0.40m, soft radius=0.45m, risk weight=2.0; chair: hard margin=0.40m, soft radius=0.55m, risk weight=2.0.","{""x"":0.61,""y"":-2.23,""z"":-0.25}","{""x"":2.11,""y"":2.12,""z"":-0.25}","{""x"":[-3.0,3.0],""y"":[-3.0,3.0],""z"":-0.25}","[{""id"":""semantic-1"",""label"":""chair"",""shape"":""box"",""min_corner"":[-1.18,-1.78,-0.7],""max_corner"":[-0.6,-1.13,0.2],""size"":[0.58,0.65,0.9]},{""id"":""semantic-2"",""label"":""bench"",""shape"":""box"",""min_corner"":[-0.48,0.47,-0.6],""max_corner"":[0.36,0.99,0.1],""size"":[0.84,0.52,0.7]},{""id"":""semantic-3"",""label"":""bottle"",""shape"":""box"",""min_corner"":[-0.38,-2.21,-0.42],""max_corner"":[-0.19,-2.07,-0.08],""size"":[0.19,0.15,0.35]}]","{""person"":{""hard_margin_m"":0.65,""soft_radius_m"":1.2,""risk_weight"":8.0},""chair"":{""hard_margin_m"":0.4,""soft_radius_m"":0.55,""risk_weight"":2.0},""backpack"":{""hard_margin_m"":0.45,""soft_radius_m"":0.65,""risk_weight"":3.0},""bottle"":{""hard_margin_m"":0.4,""soft_radius_m"":0.45,""risk_weight"":2.0},""potted_plant"":{""hard_margin_m"":0.45,""soft_radius_m"":0.7,""risk_weight"":3.0},""bench"":{""hard_margin_m"":0.45,""soft_radius_m"":0.7,""risk_weight"":3.0},""stop_sign"":{""hard_margin_m"":0.5,""soft_radius_m"":0.85,""risk_weight"":5.0},""unknown"":{""hard_margin_m"":0.6,""soft_radius_m"":1.0,""risk_weight"":6.0},""default"":{""hard_margin_m"":0.45,""soft_radius_m"":0.7,""risk_weight"":3.0}}",4.601358,"[{""x"":0.61,""y"":-2.23,""z"":-0.25},{""x"":2.11,""y"":2.12,""z"":-0.25}]"
44,"You are an expert semantic UAV path planner. Return sparse fixed-altitude NED waypoints that minimize path length plus semantic risk while satisfying every hard collision margin.
Mission state: the UAV is holding hover at the start position. Workspace: x=[-3.00,3.00]m, y=[-3.00,3.00]m, z=-0.25 fixed. Start: (-0.26,-0.03,-0.25); goal: (-2.40,1.16,-0.25); distance=2.45m. Semantic obstacle boxes: none. Semantic policy: No semantic risk fields are active.
Constraints:
- first waypoint exactly equals start and final waypoint exactly equals goal
- return between 2 and 8 waypoints, all inside the workspace at the fixed z
- never enter a hard-margin region; prefer lower accumulated soft semantic risk
- return only the structured output requested by the response model","{""reasoning"":""Semantic Theta* selected a hard-safe any-angle route minimizing distance and label-conditioned risk."",""waypoints"":[{""x"":-0.26,""y"":-0.03,""z"":-0.25},{""x"":-2.4,""y"":1.16,""z"":-0.25}]}","[{""role"":""user"",""content"":""You are an expert semantic UAV path planner. Return sparse fixed-altitude NED waypoints that minimize path length plus semantic risk while satisfying every hard collision margin.\nMission state: the UAV is holding hover at the start position. Workspace: x=[-3.00,3.00]m, y=[-3.00,3.00]m, z=-0.25 fixed. Start: (-0.26,-0.03,-0.25); goal: (-2.40,1.16,-0.25); distance=2.45m. Semantic obstacle boxes: none. Semantic policy: No semantic risk fields are active.\nConstraints:\n- first waypoint exactly equals start and final waypoint exactly equals goal\n- return between 2 and 8 waypoints, all inside the workspace at the fixed z\n- never enter a hard-margin region; prefer lower accumulated soft semantic risk\n- return only the structured output requested by the response model""},{""role"":""assistant"",""content"":""{\""reasoning\"":\""Semantic Theta* selected a hard-safe any-angle route minimizing distance and label-conditioned risk.\"",\""waypoints\"":[{\""x\"":-0.26,\""y\"":-0.03,\""z\"":-0.25},{\""x\"":-2.4,\""y\"":1.16,\""z\"":-0.25}]}""}]","Mission state: the UAV is holding hover at the start position. Workspace: x=[-3.00,3.00]m, y=[-3.00,3.00]m, z=-0.25 fixed. Start: (-0.26,-0.03,-0.25); goal: (-2.40,1.16,-0.25); distance=2.45m. Semantic obstacle boxes: none. Semantic policy: No semantic risk fields are active.","{""x"":-0.26,""y"":-0.03,""z"":-0.25}","{""x"":-2.4,""y"":1.16,""z"":-0.25}","{""x"":[-3.0,3.0],""y"":[-3.0,3.0],""z"":-0.25}",[],"{""person"":{""hard_margin_m"":0.65,""soft_radius_m"":1.2,""risk_weight"":8.0},""chair"":{""hard_margin_m"":0.4,""soft_radius_m"":0.55,""risk_weight"":2.0},""backpack"":{""hard_margin_m"":0.45,""soft_radius_m"":0.65,""risk_weight"":3.0},""bottle"":{""hard_margin_m"":0.4,""soft_radius_m"":0.45,""risk_weight"":2.0},""potted_plant"":{""hard_margin_m"":0.45,""soft_radius_m"":0.7,""risk_weight"":3.0},""bench"":{""hard_margin_m"":0.45,""soft_radius_m"":0.7,""risk_weight"":3.0},""stop_sign"":{""hard_margin_m"":0.5,""soft_radius_m"":0.85,""risk_weight"":5.0},""unknown"":{""hard_margin_m"":0.6,""soft_radius_m"":1.0,""risk_weight"":6.0},""default"":{""hard_margin_m"":0.45,""soft_radius_m"":0.7,""risk_weight"":3.0}}",2.448612,"[{""x"":-0.26,""y"":-0.03,""z"":-0.25},{""x"":-2.4,""y"":1.16,""z"":-0.25}]"
45,"You are an expert semantic UAV path planner. Return sparse fixed-altitude NED waypoints that minimize path length plus semantic risk while satisfying every hard collision margin.
Mission state: the UAV is holding hover at the start position. Workspace: x=[-3.00,3.00]m, y=[-3.00,3.00]m, z=-0.25 fixed. Start: (0.81,-1.97,-0.25); goal: (0.92,1.08,-0.25); distance=3.05m. Semantic obstacle boxes: 1 potted_plant: x=[0.94,1.28], y=[2.21,2.53]; 2 person: x=[-2.00,-1.48], y=[-2.22,-1.84]. Semantic policy: person: hard margin=0.65m, soft radius=1.20m, risk weight=8.0; potted_plant: hard margin=0.45m, soft radius=0.70m, risk weight=3.0.
Constraints:
- first waypoint exactly equals start and final waypoint exactly equals goal
- return between 2 and 8 waypoints, all inside the workspace at the fixed z
- never enter a hard-margin region; prefer lower accumulated soft semantic risk
- return only the structured output requested by the response model","{""reasoning"":""Semantic Theta* selected a hard-safe any-angle route minimizing distance and label-conditioned risk."",""waypoints"":[{""x"":0.81,""y"":-1.97,""z"":-0.25},{""x"":0.92,""y"":1.08,""z"":-0.25}]}","[{""role"":""user"",""content"":""You are an expert semantic UAV path planner. Return sparse fixed-altitude NED waypoints that minimize path length plus semantic risk while satisfying every hard collision margin.\nMission state: the UAV is holding hover at the start position. Workspace: x=[-3.00,3.00]m, y=[-3.00,3.00]m, z=-0.25 fixed. Start: (0.81,-1.97,-0.25); goal: (0.92,1.08,-0.25); distance=3.05m. Semantic obstacle boxes: 1 potted_plant: x=[0.94,1.28], y=[2.21,2.53]; 2 person: x=[-2.00,-1.48], y=[-2.22,-1.84]. Semantic policy: person: hard margin=0.65m, soft radius=1.20m, risk weight=8.0; potted_plant: hard margin=0.45m, soft radius=0.70m, risk weight=3.0.\nConstraints:\n- first waypoint exactly equals start and final waypoint exactly equals goal\n- return between 2 and 8 waypoints, all inside the workspace at the fixed z\n- never enter a hard-margin region; prefer lower accumulated soft semantic risk\n- return only the structured output requested by the response model""},{""role"":""assistant"",""content"":""{\""reasoning\"":\""Semantic Theta* selected a hard-safe any-angle route minimizing distance and label-conditioned risk.\"",\""waypoints\"":[{\""x\"":0.81,\""y\"":-1.97,\""z\"":-0.25},{\""x\"":0.92,\""y\"":1.08,\""z\"":-0.25}]}""}]","Mission state: the UAV is holding hover at the start position. Workspace: x=[-3.00,3.00]m, y=[-3.00,3.00]m, z=-0.25 fixed. Start: (0.81,-1.97,-0.25); goal: (0.92,1.08,-0.25); distance=3.05m. Semantic obstacle boxes: 1 potted_plant: x=[0.94,1.28], y=[2.21,2.53]; 2 person: x=[-2.00,-1.48], y=[-2.22,-1.84]. Semantic policy: person: hard margin=0.65m, soft radius=1.20m, risk weight=8.0; potted_plant: hard margin=0.45m, soft radius=0.70m, risk weight=3.0.","{""x"":0.81,""y"":-1.97,""z"":-0.25}","{""x"":0.92,""y"":1.08,""z"":-0.25}","{""x"":[-3.0,3.0],""y"":[-3.0,3.0],""z"":-0.25}","[{""id"":""semantic-1"",""label"":""potted_plant"",""shape"":""box"",""min_corner"":[0.94,2.21,-0.7],""max_corner"":[1.28,2.53,0.2],""size"":[0.34,0.32,0.9]},{""id"":""semantic-2"",""label"":""person"",""shape"":""box"",""min_corner"":[-2.0,-2.22,-1.1],""max_corner"":[-1.48,-1.84,0.6],""size"":[0.52,0.38,1.7]}]","{""person"":{""hard_margin_m"":0.65,""soft_radius_m"":1.2,""risk_weight"":8.0},""chair"":{""hard_margin_m"":0.4,""soft_radius_m"":0.55,""risk_weight"":2.0},""backpack"":{""hard_margin_m"":0.45,""soft_radius_m"":0.65,""risk_weight"":3.0},""bottle"":{""hard_margin_m"":0.4,""soft_radius_m"":0.45,""risk_weight"":2.0},""potted_plant"":{""hard_margin_m"":0.45,""soft_radius_m"":0.7,""risk_weight"":3.0},""bench"":{""hard_margin_m"":0.45,""soft_radius_m"":0.7,""risk_weight"":3.0},""stop_sign"":{""hard_margin_m"":0.5,""soft_radius_m"":0.85,""risk_weight"":5.0},""unknown"":{""hard_margin_m"":0.6,""soft_radius_m"":1.0,""risk_weight"":6.0},""default"":{""hard_margin_m"":0.45,""soft_radius_m"":0.7,""risk_weight"":3.0}}",3.051983,"[{""x"":0.81,""y"":-1.97,""z"":-0.25},{""x"":0.92,""y"":1.08,""z"":-0.25}]"
46,"You are an expert semantic UAV path planner. Return sparse fixed-altitude NED waypoints that minimize path length plus semantic risk while satisfying every hard collision margin.
Mission state: the UAV is holding hover at the start position. Workspace: x=[-3.00,3.00]m, y=[-3.00,3.00]m, z=-0.25 fixed. Start: (0.76,2.49,-0.25); goal: (-2.81,0.82,-0.25); distance=3.94m. Semantic obstacle boxes: 1 unknown: x=[0.93,1.38], y=[-1.62,-1.23]; 2 chair: x=[2.09,2.77], y=[1.53,2.14]; 3 bench: x=[-2.11,-1.06], y=[-1.63,-1.22]; 4 unknown: x=[-1.61,-0.87], y=[-2.53,-2.21]. Semantic policy: bench: hard margin=0.45m, soft radius=0.70m, risk weight=3.0; chair: hard margin=0.40m, soft radius=0.55m, risk weight=2.0; unknown: hard margin=0.60m, soft radius=1.00m, risk weight=6.0.
Constraints:
- first waypoint exactly equals start and final waypoint exactly equals goal
- return between 2 and 8 waypoints, all inside the workspace at the fixed z
- never enter a hard-margin region; prefer lower accumulated soft semantic risk
- return only the structured output requested by the response model","{""reasoning"":""Semantic Theta* selected a hard-safe any-angle route minimizing distance and label-conditioned risk."",""waypoints"":[{""x"":0.76,""y"":2.49,""z"":-0.25},{""x"":-2.81,""y"":0.82,""z"":-0.25}]}","[{""role"":""user"",""content"":""You are an expert semantic UAV path planner. Return sparse fixed-altitude NED waypoints that minimize path length plus semantic risk while satisfying every hard collision margin.\nMission state: the UAV is holding hover at the start position. Workspace: x=[-3.00,3.00]m, y=[-3.00,3.00]m, z=-0.25 fixed. Start: (0.76,2.49,-0.25); goal: (-2.81,0.82,-0.25); distance=3.94m. Semantic obstacle boxes: 1 unknown: x=[0.93,1.38], y=[-1.62,-1.23]; 2 chair: x=[2.09,2.77], y=[1.53,2.14]; 3 bench: x=[-2.11,-1.06], y=[-1.63,-1.22]; 4 unknown: x=[-1.61,-0.87], y=[-2.53,-2.21]. Semantic policy: bench: hard margin=0.45m, soft radius=0.70m, risk weight=3.0; chair: hard margin=0.40m, soft radius=0.55m, risk weight=2.0; unknown: hard margin=0.60m, soft radius=1.00m, risk weight=6.0.\nConstraints:\n- first waypoint exactly equals start and final waypoint exactly equals goal\n- return between 2 and 8 waypoints, all inside the workspace at the fixed z\n- never enter a hard-margin region; prefer lower accumulated soft semantic risk\n- return only the structured output requested by the response model""},{""role"":""assistant"",""content"":""{\""reasoning\"":\""Semantic Theta* selected a hard-safe any-angle route minimizing distance and label-conditioned risk.\"",\""waypoints\"":[{\""x\"":0.76,\""y\"":2.49,\""z\"":-0.25},{\""x\"":-2.81,\""y\"":0.82,\""z\"":-0.25}]}""}]","Mission state: the UAV is holding hover at the start position. Workspace: x=[-3.00,3.00]m, y=[-3.00,3.00]m, z=-0.25 fixed. Start: (0.76,2.49,-0.25); goal: (-2.81,0.82,-0.25); distance=3.94m. Semantic obstacle boxes: 1 unknown: x=[0.93,1.38], y=[-1.62,-1.23]; 2 chair: x=[2.09,2.77], y=[1.53,2.14]; 3 bench: x=[-2.11,-1.06], y=[-1.63,-1.22]; 4 unknown: x=[-1.61,-0.87], y=[-2.53,-2.21]. Semantic policy: bench: hard margin=0.45m, soft radius=0.70m, risk weight=3.0; chair: hard margin=0.40m, soft radius=0.55m, risk weight=2.0; unknown: hard margin=0.60m, soft radius=1.00m, risk weight=6.0.","{""x"":0.76,""y"":2.49,""z"":-0.25}","{""x"":-2.81,""y"":0.82,""z"":-0.25}","{""x"":[-3.0,3.0],""y"":[-3.0,3.0],""z"":-0.25}","[{""id"":""semantic-1"",""label"":""unknown"",""shape"":""box"",""min_corner"":[0.93,-1.62,-0.75],""max_corner"":[1.38,-1.23,0.25],""size"":[0.45,0.39,1.0]},{""id"":""semantic-2"",""label"":""chair"",""shape"":""box"",""min_corner"":[2.09,1.53,-0.7],""max_corner"":[2.77,2.14,0.2],""size"":[0.68,0.6,0.9]},{""id"":""semantic-3"",""label"":""bench"",""shape"":""box"",""min_corner"":[-2.11,-1.63,-0.6],""max_corner"":[-1.06,-1.22,0.1],""size"":[1.04,0.41,0.7]},{""id"":""semantic-4"",""label"":""unknown"",""shape"":""box"",""min_corner"":[-1.61,-2.53,-0.75],""max_corner"":[-0.87,-2.21,0.25],""size"":[0.74,0.32,1.0]}]","{""person"":{""hard_margin_m"":0.65,""soft_radius_m"":1.2,""risk_weight"":8.0},""chair"":{""hard_margin_m"":0.4,""soft_radius_m"":0.55,""risk_weight"":2.0},""backpack"":{""hard_margin_m"":0.45,""soft_radius_m"":0.65,""risk_weight"":3.0},""bottle"":{""hard_margin_m"":0.4,""soft_radius_m"":0.45,""risk_weight"":2.0},""potted_plant"":{""hard_margin_m"":0.45,""soft_radius_m"":0.7,""risk_weight"":3.0},""bench"":{""hard_margin_m"":0.45,""soft_radius_m"":0.7,""risk_weight"":3.0},""stop_sign"":{""hard_margin_m"":0.5,""soft_radius_m"":0.85,""risk_weight"":5.0},""unknown"":{""hard_margin_m"":0.6,""soft_radius_m"":1.0,""risk_weight"":6.0},""default"":{""hard_margin_m"":0.45,""soft_radius_m"":0.7,""risk_weight"":3.0}}",3.941294,"[{""x"":0.76,""y"":2.49,""z"":-0.25},{""x"":-2.81,""y"":0.82,""z"":-0.25}]"
47,"You are an expert semantic UAV path planner. Return sparse fixed-altitude NED waypoints that minimize path length plus semantic risk while satisfying every hard collision margin.
Mission state: the UAV is holding hover at the start position. Workspace: x=[-3.00,3.00]m, y=[-3.00,3.00]m, z=-0.25 fixed. Start: (0.33,-0.75,-0.25); goal: (2.71,0.91,-0.25); distance=2.90m. Semantic obstacle boxes: none. Semantic policy: No semantic risk fields are active.
Constraints:
- first waypoint exactly equals start and final waypoint exactly equals goal
- return between 2 and 8 waypoints, all inside the workspace at the fixed z
- never enter a hard-margin region; prefer lower accumulated soft semantic risk
- return only the structured output requested by the response model","{""reasoning"":""Semantic Theta* selected a hard-safe any-angle route minimizing distance and label-conditioned risk."",""waypoints"":[{""x"":0.33,""y"":-0.75,""z"":-0.25},{""x"":2.71,""y"":0.91,""z"":-0.25}]}","[{""role"":""user"",""content"":""You are an expert semantic UAV path planner. Return sparse fixed-altitude NED waypoints that minimize path length plus semantic risk while satisfying every hard collision margin.\nMission state: the UAV is holding hover at the start position. Workspace: x=[-3.00,3.00]m, y=[-3.00,3.00]m, z=-0.25 fixed. Start: (0.33,-0.75,-0.25); goal: (2.71,0.91,-0.25); distance=2.90m. Semantic obstacle boxes: none. Semantic policy: No semantic risk fields are active.\nConstraints:\n- first waypoint exactly equals start and final waypoint exactly equals goal\n- return between 2 and 8 waypoints, all inside the workspace at the fixed z\n- never enter a hard-margin region; prefer lower accumulated soft semantic risk\n- return only the structured output requested by the response model""},{""role"":""assistant"",""content"":""{\""reasoning\"":\""Semantic Theta* selected a hard-safe any-angle route minimizing distance and label-conditioned risk.\"",\""waypoints\"":[{\""x\"":0.33,\""y\"":-0.75,\""z\"":-0.25},{\""x\"":2.71,\""y\"":0.91,\""z\"":-0.25}]}""}]","Mission state: the UAV is holding hover at the start position. Workspace: x=[-3.00,3.00]m, y=[-3.00,3.00]m, z=-0.25 fixed. Start: (0.33,-0.75,-0.25); goal: (2.71,0.91,-0.25); distance=2.90m. Semantic obstacle boxes: none. Semantic policy: No semantic risk fields are active.","{""x"":0.33,""y"":-0.75,""z"":-0.25}","{""x"":2.71,""y"":0.91,""z"":-0.25}","{""x"":[-3.0,3.0],""y"":[-3.0,3.0],""z"":-0.25}",[],"{""person"":{""hard_margin_m"":0.65,""soft_radius_m"":1.2,""risk_weight"":8.0},""chair"":{""hard_margin_m"":0.4,""soft_radius_m"":0.55,""risk_weight"":2.0},""backpack"":{""hard_margin_m"":0.45,""soft_radius_m"":0.65,""risk_weight"":3.0},""bottle"":{""hard_margin_m"":0.4,""soft_radius_m"":0.45,""risk_weight"":2.0},""potted_plant"":{""hard_margin_m"":0.45,""soft_radius_m"":0.7,""risk_weight"":3.0},""bench"":{""hard_margin_m"":0.45,""soft_radius_m"":0.7,""risk_weight"":3.0},""stop_sign"":{""hard_margin_m"":0.5,""soft_radius_m"":0.85,""risk_weight"":5.0},""unknown"":{""hard_margin_m"":0.6,""soft_radius_m"":1.0,""risk_weight"":6.0},""default"":{""hard_margin_m"":0.45,""soft_radius_m"":0.7,""risk_weight"":3.0}}",2.901724,"[{""x"":0.33,""y"":-0.75,""z"":-0.25},{""x"":2.71,""y"":0.91,""z"":-0.25}]"
48,"You are an expert semantic UAV path planner. Return sparse fixed-altitude NED waypoints that minimize path length plus semantic risk while satisfying every hard collision margin.
Mission state: the UAV is holding hover at the start position. Workspace: x=[-3.00,3.00]m, y=[-3.00,3.00]m, z=-0.25 fixed. Start: (-2.32,2.49,-0.25); goal: (-0.24,-1.75,-0.25); distance=4.72m. Semantic obstacle boxes: none. Semantic policy: No semantic risk fields are active.
Constraints:
- first waypoint exactly equals start and final waypoint exactly equals goal
- return between 2 and 8 waypoints, all inside the workspace at the fixed z
- never enter a hard-margin region; prefer lower accumulated soft semantic risk
- return only the structured output requested by the response model","{""reasoning"":""Semantic Theta* selected a hard-safe any-angle route minimizing distance and label-conditioned risk."",""waypoints"":[{""x"":-2.32,""y"":2.49,""z"":-0.25},{""x"":-0.24,""y"":-1.75,""z"":-0.25}]}","[{""role"":""user"",""content"":""You are an expert semantic UAV path planner. Return sparse fixed-altitude NED waypoints that minimize path length plus semantic risk while satisfying every hard collision margin.\nMission state: the UAV is holding hover at the start position. Workspace: x=[-3.00,3.00]m, y=[-3.00,3.00]m, z=-0.25 fixed. Start: (-2.32,2.49,-0.25); goal: (-0.24,-1.75,-0.25); distance=4.72m. Semantic obstacle boxes: none. Semantic policy: No semantic risk fields are active.\nConstraints:\n- first waypoint exactly equals start and final waypoint exactly equals goal\n- return between 2 and 8 waypoints, all inside the workspace at the fixed z\n- never enter a hard-margin region; prefer lower accumulated soft semantic risk\n- return only the structured output requested by the response model""},{""role"":""assistant"",""content"":""{\""reasoning\"":\""Semantic Theta* selected a hard-safe any-angle route minimizing distance and label-conditioned risk.\"",\""waypoints\"":[{\""x\"":-2.32,\""y\"":2.49,\""z\"":-0.25},{\""x\"":-0.24,\""y\"":-1.75,\""z\"":-0.25}]}""}]","Mission state: the UAV is holding hover at the start position. Workspace: x=[-3.00,3.00]m, y=[-3.00,3.00]m, z=-0.25 fixed. Start: (-2.32,2.49,-0.25); goal: (-0.24,-1.75,-0.25); distance=4.72m. Semantic obstacle boxes: none. Semantic policy: No semantic risk fields are active.","{""x"":-2.32,""y"":2.49,""z"":-0.25}","{""x"":-0.24,""y"":-1.75,""z"":-0.25}","{""x"":[-3.0,3.0],""y"":[-3.0,3.0],""z"":-0.25}",[],"{""person"":{""hard_margin_m"":0.65,""soft_radius_m"":1.2,""risk_weight"":8.0},""chair"":{""hard_margin_m"":0.4,""soft_radius_m"":0.55,""risk_weight"":2.0},""backpack"":{""hard_margin_m"":0.45,""soft_radius_m"":0.65,""risk_weight"":3.0},""bottle"":{""hard_margin_m"":0.4,""soft_radius_m"":0.45,""risk_weight"":2.0},""potted_plant"":{""hard_margin_m"":0.45,""soft_radius_m"":0.7,""risk_weight"":3.0},""bench"":{""hard_margin_m"":0.45,""soft_radius_m"":0.7,""risk_weight"":3.0},""stop_sign"":{""hard_margin_m"":0.5,""soft_radius_m"":0.85,""risk_weight"":5.0},""unknown"":{""hard_margin_m"":0.6,""soft_radius_m"":1.0,""risk_weight"":6.0},""default"":{""hard_margin_m"":0.45,""soft_radius_m"":0.7,""risk_weight"":3.0}}",4.722711,"[{""x"":-2.32,""y"":2.49,""z"":-0.25},{""x"":-0.24,""y"":-1.75,""z"":-0.25}]"
49,"You are an expert semantic UAV path planner. Return sparse fixed-altitude NED waypoints that minimize path length plus semantic risk while satisfying every hard collision margin.
Mission state: the UAV is holding hover at the start position. Workspace: x=[-3.00,3.00]m, y=[-3.00,3.00]m, z=-0.25 fixed. Start: (0.15,-0.38,-0.25); goal: (-1.44,-2.91,-0.25); distance=2.99m. Semantic obstacle boxes: 1 unknown: x=[-2.99,-2.36], y=[1.57,2.26]; 2 stop_sign: x=[-2.29,-1.97], y=[-1.57,-1.25]. Semantic policy: stop_sign: hard margin=0.50m, soft radius=0.85m, risk weight=5.0; unknown: hard margin=0.60m, soft radius=1.00m, risk weight=6.0.
Constraints:
- first waypoint exactly equals start and final waypoint exactly equals goal
- return between 2 and 8 waypoints, all inside the workspace at the fixed z
- never enter a hard-margin region; prefer lower accumulated soft semantic risk
- return only the structured output requested by the response model","{""reasoning"":""Semantic Theta* selected a hard-safe any-angle route minimizing distance and label-conditioned risk."",""waypoints"":[{""x"":0.15,""y"":-0.38,""z"":-0.25},{""x"":-1.44,""y"":-2.91,""z"":-0.25}]}","[{""role"":""user"",""content"":""You are an expert semantic UAV path planner. Return sparse fixed-altitude NED waypoints that minimize path length plus semantic risk while satisfying every hard collision margin.\nMission state: the UAV is holding hover at the start position. Workspace: x=[-3.00,3.00]m, y=[-3.00,3.00]m, z=-0.25 fixed. Start: (0.15,-0.38,-0.25); goal: (-1.44,-2.91,-0.25); distance=2.99m. Semantic obstacle boxes: 1 unknown: x=[-2.99,-2.36], y=[1.57,2.26]; 2 stop_sign: x=[-2.29,-1.97], y=[-1.57,-1.25]. Semantic policy: stop_sign: hard margin=0.50m, soft radius=0.85m, risk weight=5.0; unknown: hard margin=0.60m, soft radius=1.00m, risk weight=6.0.\nConstraints:\n- first waypoint exactly equals start and final waypoint exactly equals goal\n- return between 2 and 8 waypoints, all inside the workspace at the fixed z\n- never enter a hard-margin region; prefer lower accumulated soft semantic risk\n- return only the structured output requested by the response model""},{""role"":""assistant"",""content"":""{\""reasoning\"":\""Semantic Theta* selected a hard-safe any-angle route minimizing distance and label-conditioned risk.\"",\""waypoints\"":[{\""x\"":0.15,\""y\"":-0.38,\""z\"":-0.25},{\""x\"":-1.44,\""y\"":-2.91,\""z\"":-0.25}]}""}]","Mission state: the UAV is holding hover at the start position. Workspace: x=[-3.00,3.00]m, y=[-3.00,3.00]m, z=-0.25 fixed. Start: (0.15,-0.38,-0.25); goal: (-1.44,-2.91,-0.25); distance=2.99m. Semantic obstacle boxes: 1 unknown: x=[-2.99,-2.36], y=[1.57,2.26]; 2 stop_sign: x=[-2.29,-1.97], y=[-1.57,-1.25]. Semantic policy: stop_sign: hard margin=0.50m, soft radius=0.85m, risk weight=5.0; unknown: hard margin=0.60m, soft radius=1.00m, risk weight=6.0.","{""x"":0.15,""y"":-0.38,""z"":-0.25}","{""x"":-1.44,""y"":-2.91,""z"":-0.25}","{""x"":[-3.0,3.0],""y"":[-3.0,3.0],""z"":-0.25}","[{""id"":""semantic-1"",""label"":""unknown"",""shape"":""box"",""min_corner"":[-2.99,1.57,-0.75],""max_corner"":[-2.36,2.26,0.25],""size"":[0.62,0.69,1.0]},{""id"":""semantic-2"",""label"":""stop_sign"",""shape"":""box"",""min_corner"":[-2.29,-1.57,-1.0],""max_corner"":[-1.97,-1.25,0.5],""size"":[0.33,0.32,1.5]}]","{""person"":{""hard_margin_m"":0.65,""soft_radius_m"":1.2,""risk_weight"":8.0},""chair"":{""hard_margin_m"":0.4,""soft_radius_m"":0.55,""risk_weight"":2.0},""backpack"":{""hard_margin_m"":0.45,""soft_radius_m"":0.65,""risk_weight"":3.0},""bottle"":{""hard_margin_m"":0.4,""soft_radius_m"":0.45,""risk_weight"":2.0},""potted_plant"":{""hard_margin_m"":0.45,""soft_radius_m"":0.7,""risk_weight"":3.0},""bench"":{""hard_margin_m"":0.45,""soft_radius_m"":0.7,""risk_weight"":3.0},""stop_sign"":{""hard_margin_m"":0.5,""soft_radius_m"":0.85,""risk_weight"":5.0},""unknown"":{""hard_margin_m"":0.6,""soft_radius_m"":1.0,""risk_weight"":6.0},""default"":{""hard_margin_m"":0.45,""soft_radius_m"":0.7,""risk_weight"":3.0}}",2.988143,"[{""x"":0.15,""y"":-0.38,""z"":-0.25},{""x"":-1.44,""y"":-2.91,""z"":-0.25}]"
50,"You are an expert semantic UAV path planner. Return sparse fixed-altitude NED waypoints that minimize path length plus semantic risk while satisfying every hard collision margin.
Mission state: the UAV is holding hover at the start position. Workspace: x=[-3.00,3.00]m, y=[-3.00,3.00]m, z=-0.25 fixed. Start: (2.52,-1.67,-0.25); goal: (-0.72,-1.09,-0.25); distance=3.29m. Semantic obstacle boxes: 1 bench: x=[1.61,2.76], y=[-1.08,-0.75]. Semantic policy: bench: hard margin=0.45m, soft radius=0.70m, risk weight=3.0.
Constraints:
- first waypoint exactly equals start and final waypoint exactly equals goal
- return between 2 and 8 waypoints, all inside the workspace at the fixed z
- never enter a hard-margin region; prefer lower accumulated soft semantic risk
- return only the structured output requested by the response model","{""reasoning"":""Semantic Theta* selected a hard-safe any-angle route minimizing distance and label-conditioned risk."",""waypoints"":[{""x"":2.52,""y"":-1.67,""z"":-0.25},{""x"":0.8,""y"":-1.6,""z"":-0.25},{""x"":-0.72,""y"":-1.09,""z"":-0.25}]}","[{""role"":""user"",""content"":""You are an expert semantic UAV path planner. Return sparse fixed-altitude NED waypoints that minimize path length plus semantic risk while satisfying every hard collision margin.\nMission state: the UAV is holding hover at the start position. Workspace: x=[-3.00,3.00]m, y=[-3.00,3.00]m, z=-0.25 fixed. Start: (2.52,-1.67,-0.25); goal: (-0.72,-1.09,-0.25); distance=3.29m. Semantic obstacle boxes: 1 bench: x=[1.61,2.76], y=[-1.08,-0.75]. Semantic policy: bench: hard margin=0.45m, soft radius=0.70m, risk weight=3.0.\nConstraints:\n- first waypoint exactly equals start and final waypoint exactly equals goal\n- return between 2 and 8 waypoints, all inside the workspace at the fixed z\n- never enter a hard-margin region; prefer lower accumulated soft semantic risk\n- return only the structured output requested by the response model""},{""role"":""assistant"",""content"":""{\""reasoning\"":\""Semantic Theta* selected a hard-safe any-angle route minimizing distance and label-conditioned risk.\"",\""waypoints\"":[{\""x\"":2.52,\""y\"":-1.67,\""z\"":-0.25},{\""x\"":0.8,\""y\"":-1.6,\""z\"":-0.25},{\""x\"":-0.72,\""y\"":-1.09,\""z\"":-0.25}]}""}]","Mission state: the UAV is holding hover at the start position. Workspace: x=[-3.00,3.00]m, y=[-3.00,3.00]m, z=-0.25 fixed. Start: (2.52,-1.67,-0.25); goal: (-0.72,-1.09,-0.25); distance=3.29m. Semantic obstacle boxes: 1 bench: x=[1.61,2.76], y=[-1.08,-0.75]. Semantic policy: bench: hard margin=0.45m, soft radius=0.70m, risk weight=3.0.","{""x"":2.52,""y"":-1.67,""z"":-0.25}","{""x"":-0.72,""y"":-1.09,""z"":-0.25}","{""x"":[-3.0,3.0],""y"":[-3.0,3.0],""z"":-0.25}","[{""id"":""semantic-1"",""label"":""bench"",""shape"":""box"",""min_corner"":[1.61,-1.08,-0.6],""max_corner"":[2.76,-0.75,0.1],""size"":[1.16,0.32,0.7]}]","{""person"":{""hard_margin_m"":0.65,""soft_radius_m"":1.2,""risk_weight"":8.0},""chair"":{""hard_margin_m"":0.4,""soft_radius_m"":0.55,""risk_weight"":2.0},""backpack"":{""hard_margin_m"":0.45,""soft_radius_m"":0.65,""risk_weight"":3.0},""bottle"":{""hard_margin_m"":0.4,""soft_radius_m"":0.45,""risk_weight"":2.0},""potted_plant"":{""hard_margin_m"":0.45,""soft_radius_m"":0.7,""risk_weight"":3.0},""bench"":{""hard_margin_m"":0.45,""soft_radius_m"":0.7,""risk_weight"":3.0},""stop_sign"":{""hard_margin_m"":0.5,""soft_radius_m"":0.85,""risk_weight"":5.0},""unknown"":{""hard_margin_m"":0.6,""soft_radius_m"":1.0,""risk_weight"":6.0},""default"":{""hard_margin_m"":0.45,""soft_radius_m"":0.7,""risk_weight"":3.0}}",3.449955,"[{""x"":2.52,""y"":-1.67,""z"":-0.25},{""x"":0.8,""y"":-1.6,""z"":-0.25},{""x"":-0.72,""y"":-1.09,""z"":-0.25}]"
51,"You are an expert semantic UAV path planner. Return sparse fixed-altitude NED waypoints that minimize path length plus semantic risk while satisfying every hard collision margin.
Mission state: the UAV is holding hover at the start position. Workspace: x=[-3.00,3.00]m, y=[-3.00,3.00]m, z=-0.25 fixed. Start: (0.97,-0.96,-0.25); goal: (-1.24,0.59,-0.25); distance=2.70m. Semantic obstacle boxes: 1 bottle: x=[-2.43,-2.26], y=[1.87,2.09]. Semantic policy: bottle: hard margin=0.40m, soft radius=0.45m, risk weight=2.0.
Constraints:
- first waypoint exactly equals start and final waypoint exactly equals goal
- return between 2 and 8 waypoints, all inside the workspace at the fixed z
- never enter a hard-margin region; prefer lower accumulated soft semantic risk
- return only the structured output requested by the response model","{""reasoning"":""Semantic Theta* selected a hard-safe any-angle route minimizing distance and label-conditioned risk."",""waypoints"":[{""x"":0.97,""y"":-0.96,""z"":-0.25},{""x"":-1.24,""y"":0.59,""z"":-0.25}]}","[{""role"":""user"",""content"":""You are an expert semantic UAV path planner. Return sparse fixed-altitude NED waypoints that minimize path length plus semantic risk while satisfying every hard collision margin.\nMission state: the UAV is holding hover at the start position. Workspace: x=[-3.00,3.00]m, y=[-3.00,3.00]m, z=-0.25 fixed. Start: (0.97,-0.96,-0.25); goal: (-1.24,0.59,-0.25); distance=2.70m. Semantic obstacle boxes: 1 bottle: x=[-2.43,-2.26], y=[1.87,2.09]. Semantic policy: bottle: hard margin=0.40m, soft radius=0.45m, risk weight=2.0.\nConstraints:\n- first waypoint exactly equals start and final waypoint exactly equals goal\n- return between 2 and 8 waypoints, all inside the workspace at the fixed z\n- never enter a hard-margin region; prefer lower accumulated soft semantic risk\n- return only the structured output requested by the response model""},{""role"":""assistant"",""content"":""{\""reasoning\"":\""Semantic Theta* selected a hard-safe any-angle route minimizing distance and label-conditioned risk.\"",\""waypoints\"":[{\""x\"":0.97,\""y\"":-0.96,\""z\"":-0.25},{\""x\"":-1.24,\""y\"":0.59,\""z\"":-0.25}]}""}]","Mission state: the UAV is holding hover at the start position. Workspace: x=[-3.00,3.00]m, y=[-3.00,3.00]m, z=-0.25 fixed. Start: (0.97,-0.96,-0.25); goal: (-1.24,0.59,-0.25); distance=2.70m. Semantic obstacle boxes: 1 bottle: x=[-2.43,-2.26], y=[1.87,2.09]. Semantic policy: bottle: hard margin=0.40m, soft radius=0.45m, risk weight=2.0.","{""x"":0.97,""y"":-0.96,""z"":-0.25}","{""x"":-1.24,""y"":0.59,""z"":-0.25}","{""x"":[-3.0,3.0],""y"":[-3.0,3.0],""z"":-0.25}","[{""id"":""semantic-1"",""label"":""bottle"",""shape"":""box"",""min_corner"":[-2.43,1.87,-0.42],""max_corner"":[-2.26,2.09,-0.08],""size"":[0.17,0.22,0.35]}]","{""person"":{""hard_margin_m"":0.65,""soft_radius_m"":1.2,""risk_weight"":8.0},""chair"":{""hard_margin_m"":0.4,""soft_radius_m"":0.55,""risk_weight"":2.0},""backpack"":{""hard_margin_m"":0.45,""soft_radius_m"":0.65,""risk_weight"":3.0},""bottle"":{""hard_margin_m"":0.4,""soft_radius_m"":0.45,""risk_weight"":2.0},""potted_plant"":{""hard_margin_m"":0.45,""soft_radius_m"":0.7,""risk_weight"":3.0},""bench"":{""hard_margin_m"":0.45,""soft_radius_m"":0.7,""risk_weight"":3.0},""stop_sign"":{""hard_margin_m"":0.5,""soft_radius_m"":0.85,""risk_weight"":5.0},""unknown"":{""hard_margin_m"":0.6,""soft_radius_m"":1.0,""risk_weight"":6.0},""default"":{""hard_margin_m"":0.45,""soft_radius_m"":0.7,""risk_weight"":3.0}}",2.69937,"[{""x"":0.97,""y"":-0.96,""z"":-0.25},{""x"":-1.24,""y"":0.59,""z"":-0.25}]"
52,"You are an expert semantic UAV path planner. Return sparse fixed-altitude NED waypoints that minimize path length plus semantic risk while satisfying every hard collision margin.
Mission state: the UAV is holding hover at the start position. Workspace: x=[-3.00,3.00]m, y=[-3.00,3.00]m, z=-0.25 fixed. Start: (-3.00,-0.05,-0.25); goal: (2.38,2.15,-0.25); distance=5.81m. Semantic obstacle boxes: 1 stop_sign: x=[-0.89,-0.46], y=[-0.25,-0.03]; 2 person: x=[0.52,1.06], y=[0.64,1.04]. Semantic policy: person: hard margin=0.65m, soft radius=1.20m, risk weight=8.0; stop_sign: hard margin=0.50m, soft radius=0.85m, risk weight=5.0.
Constraints:
- first waypoint exactly equals start and final waypoint exactly equals goal
- return between 2 and 8 waypoints, all inside the workspace at the fixed z
- never enter a hard-margin region; prefer lower accumulated soft semantic risk
- return only the structured output requested by the response model","{""reasoning"":""Semantic Theta* selected a hard-safe any-angle route minimizing distance and label-conditioned risk."",""waypoints"":[{""x"":-3.0,""y"":-0.05,""z"":-0.25},{""x"":0.2,""y"":2.0,""z"":-0.25},{""x"":2.38,""y"":2.15,""z"":-0.25}]}","[{""role"":""user"",""content"":""You are an expert semantic UAV path planner. Return sparse fixed-altitude NED waypoints that minimize path length plus semantic risk while satisfying every hard collision margin.\nMission state: the UAV is holding hover at the start position. Workspace: x=[-3.00,3.00]m, y=[-3.00,3.00]m, z=-0.25 fixed. Start: (-3.00,-0.05,-0.25); goal: (2.38,2.15,-0.25); distance=5.81m. Semantic obstacle boxes: 1 stop_sign: x=[-0.89,-0.46], y=[-0.25,-0.03]; 2 person: x=[0.52,1.06], y=[0.64,1.04]. Semantic policy: person: hard margin=0.65m, soft radius=1.20m, risk weight=8.0; stop_sign: hard margin=0.50m, soft radius=0.85m, risk weight=5.0.\nConstraints:\n- first waypoint exactly equals start and final waypoint exactly equals goal\n- return between 2 and 8 waypoints, all inside the workspace at the fixed z\n- never enter a hard-margin region; prefer lower accumulated soft semantic risk\n- return only the structured output requested by the response model""},{""role"":""assistant"",""content"":""{\""reasoning\"":\""Semantic Theta* selected a hard-safe any-angle route minimizing distance and label-conditioned risk.\"",\""waypoints\"":[{\""x\"":-3.0,\""y\"":-0.05,\""z\"":-0.25},{\""x\"":0.2,\""y\"":2.0,\""z\"":-0.25},{\""x\"":2.38,\""y\"":2.15,\""z\"":-0.25}]}""}]","Mission state: the UAV is holding hover at the start position. Workspace: x=[-3.00,3.00]m, y=[-3.00,3.00]m, z=-0.25 fixed. Start: (-3.00,-0.05,-0.25); goal: (2.38,2.15,-0.25); distance=5.81m. Semantic obstacle boxes: 1 stop_sign: x=[-0.89,-0.46], y=[-0.25,-0.03]; 2 person: x=[0.52,1.06], y=[0.64,1.04]. Semantic policy: person: hard margin=0.65m, soft radius=1.20m, risk weight=8.0; stop_sign: hard margin=0.50m, soft radius=0.85m, risk weight=5.0.","{""x"":-3.0,""y"":-0.05,""z"":-0.25}","{""x"":2.38,""y"":2.15,""z"":-0.25}","{""x"":[-3.0,3.0],""y"":[-3.0,3.0],""z"":-0.25}","[{""id"":""semantic-1"",""label"":""stop_sign"",""shape"":""box"",""min_corner"":[-0.89,-0.25,-1.0],""max_corner"":[-0.46,-0.03,0.5],""size"":[0.43,0.22,1.5]},{""id"":""semantic-2"",""label"":""person"",""shape"":""box"",""min_corner"":[0.52,0.64,-1.1],""max_corner"":[1.06,1.04,0.6],""size"":[0.53,0.4,1.7]}]","{""person"":{""hard_margin_m"":0.65,""soft_radius_m"":1.2,""risk_weight"":8.0},""chair"":{""hard_margin_m"":0.4,""soft_radius_m"":0.55,""risk_weight"":2.0},""backpack"":{""hard_margin_m"":0.45,""soft_radius_m"":0.65,""risk_weight"":3.0},""bottle"":{""hard_margin_m"":0.4,""soft_radius_m"":0.45,""risk_weight"":2.0},""potted_plant"":{""hard_margin_m"":0.45,""soft_radius_m"":0.7,""risk_weight"":3.0},""bench"":{""hard_margin_m"":0.45,""soft_radius_m"":0.7,""risk_weight"":3.0},""stop_sign"":{""hard_margin_m"":0.5,""soft_radius_m"":0.85,""risk_weight"":5.0},""unknown"":{""hard_margin_m"":0.6,""soft_radius_m"":1.0,""risk_weight"":6.0},""default"":{""hard_margin_m"":0.45,""soft_radius_m"":0.7,""risk_weight"":3.0}}",6.39024,"[{""x"":-3.0,""y"":-0.05,""z"":-0.25},{""x"":0.2,""y"":2.0,""z"":-0.25},{""x"":2.38,""y"":2.15,""z"":-0.25}]"
53,"You are an expert semantic UAV path planner. Return sparse fixed-altitude NED waypoints that minimize path length plus semantic risk while satisfying every hard collision margin.
Mission state: the UAV is holding hover at the start position. Workspace: x=[-3.00,3.00]m, y=[-3.00,3.00]m, z=-0.25 fixed. Start: (0.42,-2.68,-0.25); goal: (-0.48,2.45,-0.25); distance=5.21m. Semantic obstacle boxes: 1 bottle: x=[-1.67,-1.45], y=[-1.80,-1.63]; 2 bottle: x=[-0.56,-0.36], y=[0.69,0.92]. Semantic policy: bottle: hard margin=0.40m, soft radius=0.45m, risk weight=2.0.
Constraints:
- first waypoint exactly equals start and final waypoint exactly equals goal
- return between 2 and 8 waypoints, all inside the workspace at the fixed z
- never enter a hard-margin region; prefer lower accumulated soft semantic risk
- return only the structured output requested by the response model","{""reasoning"":""Semantic Theta* selected a hard-safe any-angle route minimizing distance and label-conditioned risk."",""waypoints"":[{""x"":0.42,""y"":-2.68,""z"":-0.25},{""x"":0.2,""y"":1.2,""z"":-0.25},{""x"":-0.48,""y"":2.45,""z"":-0.25}]}","[{""role"":""user"",""content"":""You are an expert semantic UAV path planner. Return sparse fixed-altitude NED waypoints that minimize path length plus semantic risk while satisfying every hard collision margin.\nMission state: the UAV is holding hover at the start position. Workspace: x=[-3.00,3.00]m, y=[-3.00,3.00]m, z=-0.25 fixed. Start: (0.42,-2.68,-0.25); goal: (-0.48,2.45,-0.25); distance=5.21m. Semantic obstacle boxes: 1 bottle: x=[-1.67,-1.45], y=[-1.80,-1.63]; 2 bottle: x=[-0.56,-0.36], y=[0.69,0.92]. Semantic policy: bottle: hard margin=0.40m, soft radius=0.45m, risk weight=2.0.\nConstraints:\n- first waypoint exactly equals start and final waypoint exactly equals goal\n- return between 2 and 8 waypoints, all inside the workspace at the fixed z\n- never enter a hard-margin region; prefer lower accumulated soft semantic risk\n- return only the structured output requested by the response model""},{""role"":""assistant"",""content"":""{\""reasoning\"":\""Semantic Theta* selected a hard-safe any-angle route minimizing distance and label-conditioned risk.\"",\""waypoints\"":[{\""x\"":0.42,\""y\"":-2.68,\""z\"":-0.25},{\""x\"":0.2,\""y\"":1.2,\""z\"":-0.25},{\""x\"":-0.48,\""y\"":2.45,\""z\"":-0.25}]}""}]","Mission state: the UAV is holding hover at the start position. Workspace: x=[-3.00,3.00]m, y=[-3.00,3.00]m, z=-0.25 fixed. Start: (0.42,-2.68,-0.25); goal: (-0.48,2.45,-0.25); distance=5.21m. Semantic obstacle boxes: 1 bottle: x=[-1.67,-1.45], y=[-1.80,-1.63]; 2 bottle: x=[-0.56,-0.36], y=[0.69,0.92]. Semantic policy: bottle: hard margin=0.40m, soft radius=0.45m, risk weight=2.0.","{""x"":0.42,""y"":-2.68,""z"":-0.25}","{""x"":-0.48,""y"":2.45,""z"":-0.25}","{""x"":[-3.0,3.0],""y"":[-3.0,3.0],""z"":-0.25}","[{""id"":""semantic-1"",""label"":""bottle"",""shape"":""box"",""min_corner"":[-1.67,-1.8,-0.42],""max_corner"":[-1.45,-1.63,-0.08],""size"":[0.22,0.17,0.35]},{""id"":""semantic-2"",""label"":""bottle"",""shape"":""box"",""min_corner"":[-0.56,0.69,-0.42],""max_corner"":[-0.36,0.92,-0.08],""size"":[0.2,0.23,0.35]}]","{""person"":{""hard_margin_m"":0.65,""soft_radius_m"":1.2,""risk_weight"":8.0},""chair"":{""hard_margin_m"":0.4,""soft_radius_m"":0.55,""risk_weight"":2.0},""backpack"":{""hard_margin_m"":0.45,""soft_radius_m"":0.65,""risk_weight"":3.0},""bottle"":{""hard_margin_m"":0.4,""soft_radius_m"":0.45,""risk_weight"":2.0},""potted_plant"":{""hard_margin_m"":0.45,""soft_radius_m"":0.7,""risk_weight"":3.0},""bench"":{""hard_margin_m"":0.45,""soft_radius_m"":0.7,""risk_weight"":3.0},""stop_sign"":{""hard_margin_m"":0.5,""soft_radius_m"":0.85,""risk_weight"":5.0},""unknown"":{""hard_margin_m"":0.6,""soft_radius_m"":1.0,""risk_weight"":6.0},""default"":{""hard_margin_m"":0.45,""soft_radius_m"":0.7,""risk_weight"":3.0}}",5.309222,"[{""x"":0.42,""y"":-2.68,""z"":-0.25},{""x"":0.2,""y"":1.2,""z"":-0.25},{""x"":-0.48,""y"":2.45,""z"":-0.25}]"
54,"You are an expert semantic UAV path planner. Return sparse fixed-altitude NED waypoints that minimize path length plus semantic risk while satisfying every hard collision margin.
Mission state: the UAV is holding hover at the start position. Workspace: x=[-3.00,3.00]m, y=[-3.00,3.00]m, z=-0.25 fixed. Start: (-0.15,-0.90,-0.25); goal: (-1.96,-1.16,-0.25); distance=1.83m. Semantic obstacle boxes: 1 bench: x=[0.45,1.30], y=[-2.04,-1.63]; 2 stop_sign: x=[1.81,2.15], y=[-1.72,-1.48]. Semantic policy: bench: hard margin=0.45m, soft radius=0.70m, risk weight=3.0; stop_sign: hard margin=0.50m, soft radius=0.85m, risk weight=5.0.
Constraints:
- first waypoint exactly equals start and final waypoint exactly equals goal
- return between 2 and 8 waypoints, all inside the workspace at the fixed z
- never enter a hard-margin region; prefer lower accumulated soft semantic risk
- return only the structured output requested by the response model","{""reasoning"":""Semantic Theta* selected a hard-safe any-angle route minimizing distance and label-conditioned risk."",""waypoints"":[{""x"":-0.15,""y"":-0.9,""z"":-0.25},{""x"":-1.96,""y"":-1.16,""z"":-0.25}]}","[{""role"":""user"",""content"":""You are an expert semantic UAV path planner. Return sparse fixed-altitude NED waypoints that minimize path length plus semantic risk while satisfying every hard collision margin.\nMission state: the UAV is holding hover at the start position. Workspace: x=[-3.00,3.00]m, y=[-3.00,3.00]m, z=-0.25 fixed. Start: (-0.15,-0.90,-0.25); goal: (-1.96,-1.16,-0.25); distance=1.83m. Semantic obstacle boxes: 1 bench: x=[0.45,1.30], y=[-2.04,-1.63]; 2 stop_sign: x=[1.81,2.15], y=[-1.72,-1.48]. Semantic policy: bench: hard margin=0.45m, soft radius=0.70m, risk weight=3.0; stop_sign: hard margin=0.50m, soft radius=0.85m, risk weight=5.0.\nConstraints:\n- first waypoint exactly equals start and final waypoint exactly equals goal\n- return between 2 and 8 waypoints, all inside the workspace at the fixed z\n- never enter a hard-margin region; prefer lower accumulated soft semantic risk\n- return only the structured output requested by the response model""},{""role"":""assistant"",""content"":""{\""reasoning\"":\""Semantic Theta* selected a hard-safe any-angle route minimizing distance and label-conditioned risk.\"",\""waypoints\"":[{\""x\"":-0.15,\""y\"":-0.9,\""z\"":-0.25},{\""x\"":-1.96,\""y\"":-1.16,\""z\"":-0.25}]}""}]","Mission state: the UAV is holding hover at the start position. Workspace: x=[-3.00,3.00]m, y=[-3.00,3.00]m, z=-0.25 fixed. Start: (-0.15,-0.90,-0.25); goal: (-1.96,-1.16,-0.25); distance=1.83m. Semantic obstacle boxes: 1 bench: x=[0.45,1.30], y=[-2.04,-1.63]; 2 stop_sign: x=[1.81,2.15], y=[-1.72,-1.48]. Semantic policy: bench: hard margin=0.45m, soft radius=0.70m, risk weight=3.0; stop_sign: hard margin=0.50m, soft radius=0.85m, risk weight=5.0.","{""x"":-0.15,""y"":-0.9,""z"":-0.25}","{""x"":-1.96,""y"":-1.16,""z"":-0.25}","{""x"":[-3.0,3.0],""y"":[-3.0,3.0],""z"":-0.25}","[{""id"":""semantic-1"",""label"":""bench"",""shape"":""box"",""min_corner"":[0.45,-2.04,-0.6],""max_corner"":[1.3,-1.63,0.1],""size"":[0.85,0.41,0.7]},{""id"":""semantic-2"",""label"":""stop_sign"",""shape"":""box"",""min_corner"":[1.81,-1.72,-1.0],""max_corner"":[2.15,-1.48,0.5],""size"":[0.34,0.24,1.5]}]","{""person"":{""hard_margin_m"":0.65,""soft_radius_m"":1.2,""risk_weight"":8.0},""chair"":{""hard_margin_m"":0.4,""soft_radius_m"":0.55,""risk_weight"":2.0},""backpack"":{""hard_margin_m"":0.45,""soft_radius_m"":0.65,""risk_weight"":3.0},""bottle"":{""hard_margin_m"":0.4,""soft_radius_m"":0.45,""risk_weight"":2.0},""potted_plant"":{""hard_margin_m"":0.45,""soft_radius_m"":0.7,""risk_weight"":3.0},""bench"":{""hard_margin_m"":0.45,""soft_radius_m"":0.7,""risk_weight"":3.0},""stop_sign"":{""hard_margin_m"":0.5,""soft_radius_m"":0.85,""risk_weight"":5.0},""unknown"":{""hard_margin_m"":0.6,""soft_radius_m"":1.0,""risk_weight"":6.0},""default"":{""hard_margin_m"":0.45,""soft_radius_m"":0.7,""risk_weight"":3.0}}",1.828579,"[{""x"":-0.15,""y"":-0.9,""z"":-0.25},{""x"":-1.96,""y"":-1.16,""z"":-0.25}]"
55,"You are an expert semantic UAV path planner. Return sparse fixed-altitude NED waypoints that minimize path length plus semantic risk while satisfying every hard collision margin.
Mission state: the UAV is holding hover at the start position. Workspace: x=[-3.00,3.00]m, y=[-3.00,3.00]m, z=-0.25 fixed. Start: (-1.10,2.13,-0.25); goal: (2.58,-1.81,-0.25); distance=5.39m. Semantic obstacle boxes: 1 stop_sign: x=[-2.88,-2.46], y=[1.77,2.01]; 2 potted_plant: x=[-1.45,-1.12], y=[0.59,1.17]. Semantic policy: potted_plant: hard margin=0.45m, soft radius=0.70m, risk weight=3.0; stop_sign: hard margin=0.50m, soft radius=0.85m, risk weight=5.0.
Constraints:
- first waypoint exactly equals start and final waypoint exactly equals goal
- return between 2 and 8 waypoints, all inside the workspace at the fixed z
- never enter a hard-margin region; prefer lower accumulated soft semantic risk
- return only the structured output requested by the response model","{""reasoning"":""Semantic Theta* selected a hard-safe any-angle route minimizing distance and label-conditioned risk."",""waypoints"":[{""x"":-1.1,""y"":2.13,""z"":-0.25},{""x"":2.58,""y"":-1.81,""z"":-0.25}]}","[{""role"":""user"",""content"":""You are an expert semantic UAV path planner. Return sparse fixed-altitude NED waypoints that minimize path length plus semantic risk while satisfying every hard collision margin.\nMission state: the UAV is holding hover at the start position. Workspace: x=[-3.00,3.00]m, y=[-3.00,3.00]m, z=-0.25 fixed. Start: (-1.10,2.13,-0.25); goal: (2.58,-1.81,-0.25); distance=5.39m. Semantic obstacle boxes: 1 stop_sign: x=[-2.88,-2.46], y=[1.77,2.01]; 2 potted_plant: x=[-1.45,-1.12], y=[0.59,1.17]. Semantic policy: potted_plant: hard margin=0.45m, soft radius=0.70m, risk weight=3.0; stop_sign: hard margin=0.50m, soft radius=0.85m, risk weight=5.0.\nConstraints:\n- first waypoint exactly equals start and final waypoint exactly equals goal\n- return between 2 and 8 waypoints, all inside the workspace at the fixed z\n- never enter a hard-margin region; prefer lower accumulated soft semantic risk\n- return only the structured output requested by the response model""},{""role"":""assistant"",""content"":""{\""reasoning\"":\""Semantic Theta* selected a hard-safe any-angle route minimizing distance and label-conditioned risk.\"",\""waypoints\"":[{\""x\"":-1.1,\""y\"":2.13,\""z\"":-0.25},{\""x\"":2.58,\""y\"":-1.81,\""z\"":-0.25}]}""}]","Mission state: the UAV is holding hover at the start position. Workspace: x=[-3.00,3.00]m, y=[-3.00,3.00]m, z=-0.25 fixed. Start: (-1.10,2.13,-0.25); goal: (2.58,-1.81,-0.25); distance=5.39m. Semantic obstacle boxes: 1 stop_sign: x=[-2.88,-2.46], y=[1.77,2.01]; 2 potted_plant: x=[-1.45,-1.12], y=[0.59,1.17]. Semantic policy: potted_plant: hard margin=0.45m, soft radius=0.70m, risk weight=3.0; stop_sign: hard margin=0.50m, soft radius=0.85m, risk weight=5.0.","{""x"":-1.1,""y"":2.13,""z"":-0.25}","{""x"":2.58,""y"":-1.81,""z"":-0.25}","{""x"":[-3.0,3.0],""y"":[-3.0,3.0],""z"":-0.25}","[{""id"":""semantic-1"",""label"":""stop_sign"",""shape"":""box"",""min_corner"":[-2.88,1.77,-1.0],""max_corner"":[-2.46,2.01,0.5],""size"":[0.42,0.25,1.5]},{""id"":""semantic-2"",""label"":""potted_plant"",""shape"":""box"",""min_corner"":[-1.45,0.59,-0.7],""max_corner"":[-1.12,1.17,0.2],""size"":[0.33,0.58,0.9]}]","{""person"":{""hard_margin_m"":0.65,""soft_radius_m"":1.2,""risk_weight"":8.0},""chair"":{""hard_margin_m"":0.4,""soft_radius_m"":0.55,""risk_weight"":2.0},""backpack"":{""hard_margin_m"":0.45,""soft_radius_m"":0.65,""risk_weight"":3.0},""bottle"":{""hard_margin_m"":0.4,""soft_radius_m"":0.45,""risk_weight"":2.0},""potted_plant"":{""hard_margin_m"":0.45,""soft_radius_m"":0.7,""risk_weight"":3.0},""bench"":{""hard_margin_m"":0.45,""soft_radius_m"":0.7,""risk_weight"":3.0},""stop_sign"":{""hard_margin_m"":0.5,""soft_radius_m"":0.85,""risk_weight"":5.0},""unknown"":{""hard_margin_m"":0.6,""soft_radius_m"":1.0,""risk_weight"":6.0},""default"":{""hard_margin_m"":0.45,""soft_radius_m"":0.7,""risk_weight"":3.0}}",5.392489,"[{""x"":-1.1,""y"":2.13,""z"":-0.25},{""x"":2.58,""y"":-1.81,""z"":-0.25}]"
56,"You are an expert semantic UAV path planner. Return sparse fixed-altitude NED waypoints that minimize path length plus semantic risk while satisfying every hard collision margin.
Mission state: the UAV is holding hover at the start position. Workspace: x=[-3.00,3.00]m, y=[-3.00,3.00]m, z=-0.25 fixed. Start: (-1.26,1.39,-0.25); goal: (1.21,2.91,-0.25); distance=2.90m. Semantic obstacle boxes: 1 stop_sign: x=[-1.35,-1.02], y=[-1.17,-0.96]. Semantic policy: stop_sign: hard margin=0.50m, soft radius=0.85m, risk weight=5.0.
Constraints:
- first waypoint exactly equals start and final waypoint exactly equals goal
- return between 2 and 8 waypoints, all inside the workspace at the fixed z
- never enter a hard-margin region; prefer lower accumulated soft semantic risk
- return only the structured output requested by the response model","{""reasoning"":""Semantic Theta* selected a hard-safe any-angle route minimizing distance and label-conditioned risk."",""waypoints"":[{""x"":-1.26,""y"":1.39,""z"":-0.25},{""x"":1.21,""y"":2.91,""z"":-0.25}]}","[{""role"":""user"",""content"":""You are an expert semantic UAV path planner. Return sparse fixed-altitude NED waypoints that minimize path length plus semantic risk while satisfying every hard collision margin.\nMission state: the UAV is holding hover at the start position. Workspace: x=[-3.00,3.00]m, y=[-3.00,3.00]m, z=-0.25 fixed. Start: (-1.26,1.39,-0.25); goal: (1.21,2.91,-0.25); distance=2.90m. Semantic obstacle boxes: 1 stop_sign: x=[-1.35,-1.02], y=[-1.17,-0.96]. Semantic policy: stop_sign: hard margin=0.50m, soft radius=0.85m, risk weight=5.0.\nConstraints:\n- first waypoint exactly equals start and final waypoint exactly equals goal\n- return between 2 and 8 waypoints, all inside the workspace at the fixed z\n- never enter a hard-margin region; prefer lower accumulated soft semantic risk\n- return only the structured output requested by the response model""},{""role"":""assistant"",""content"":""{\""reasoning\"":\""Semantic Theta* selected a hard-safe any-angle route minimizing distance and label-conditioned risk.\"",\""waypoints\"":[{\""x\"":-1.26,\""y\"":1.39,\""z\"":-0.25},{\""x\"":1.21,\""y\"":2.91,\""z\"":-0.25}]}""}]","Mission state: the UAV is holding hover at the start position. Workspace: x=[-3.00,3.00]m, y=[-3.00,3.00]m, z=-0.25 fixed. Start: (-1.26,1.39,-0.25); goal: (1.21,2.91,-0.25); distance=2.90m. Semantic obstacle boxes: 1 stop_sign: x=[-1.35,-1.02], y=[-1.17,-0.96]. Semantic policy: stop_sign: hard margin=0.50m, soft radius=0.85m, risk weight=5.0.","{""x"":-1.26,""y"":1.39,""z"":-0.25}","{""x"":1.21,""y"":2.91,""z"":-0.25}","{""x"":[-3.0,3.0],""y"":[-3.0,3.0],""z"":-0.25}","[{""id"":""semantic-1"",""label"":""stop_sign"",""shape"":""box"",""min_corner"":[-1.35,-1.17,-1.0],""max_corner"":[-1.02,-0.96,0.5],""size"":[0.34,0.2,1.5]}]","{""person"":{""hard_margin_m"":0.65,""soft_radius_m"":1.2,""risk_weight"":8.0},""chair"":{""hard_margin_m"":0.4,""soft_radius_m"":0.55,""risk_weight"":2.0},""backpack"":{""hard_margin_m"":0.45,""soft_radius_m"":0.65,""risk_weight"":3.0},""bottle"":{""hard_margin_m"":0.4,""soft_radius_m"":0.45,""risk_weight"":2.0},""potted_plant"":{""hard_margin_m"":0.45,""soft_radius_m"":0.7,""risk_weight"":3.0},""bench"":{""hard_margin_m"":0.45,""soft_radius_m"":0.7,""risk_weight"":3.0},""stop_sign"":{""hard_margin_m"":0.5,""soft_radius_m"":0.85,""risk_weight"":5.0},""unknown"":{""hard_margin_m"":0.6,""soft_radius_m"":1.0,""risk_weight"":6.0},""default"":{""hard_margin_m"":0.45,""soft_radius_m"":0.7,""risk_weight"":3.0}}",2.900224,"[{""x"":-1.26,""y"":1.39,""z"":-0.25},{""x"":1.21,""y"":2.91,""z"":-0.25}]"
57,"You are an expert semantic UAV path planner. Return sparse fixed-altitude NED waypoints that minimize path length plus semantic risk while satisfying every hard collision margin.
Mission state: the UAV is holding hover at the start position. Workspace: x=[-3.00,3.00]m, y=[-3.00,3.00]m, z=-0.25 fixed. Start: (-2.91,1.18,-0.25); goal: (-0.23,-1.52,-0.25); distance=3.80m. Semantic obstacle boxes: 1 potted_plant: x=[-2.37,-1.86], y=[-2.63,-2.15]; 2 person: x=[1.37,1.90], y=[-0.68,-0.32]. Semantic policy: person: hard margin=0.65m, soft radius=1.20m, risk weight=8.0; potted_plant: hard margin=0.45m, soft radius=0.70m, risk weight=3.0.
Constraints:
- first waypoint exactly equals start and final waypoint exactly equals goal
- return between 2 and 8 waypoints, all inside the workspace at the fixed z
- never enter a hard-margin region; prefer lower accumulated soft semantic risk
- return only the structured output requested by the response model","{""reasoning"":""Semantic Theta* selected a hard-safe any-angle route minimizing distance and label-conditioned risk."",""waypoints"":[{""x"":-2.91,""y"":1.18,""z"":-0.25},{""x"":-0.23,""y"":-1.52,""z"":-0.25}]}","[{""role"":""user"",""content"":""You are an expert semantic UAV path planner. Return sparse fixed-altitude NED waypoints that minimize path length plus semantic risk while satisfying every hard collision margin.\nMission state: the UAV is holding hover at the start position. Workspace: x=[-3.00,3.00]m, y=[-3.00,3.00]m, z=-0.25 fixed. Start: (-2.91,1.18,-0.25); goal: (-0.23,-1.52,-0.25); distance=3.80m. Semantic obstacle boxes: 1 potted_plant: x=[-2.37,-1.86], y=[-2.63,-2.15]; 2 person: x=[1.37,1.90], y=[-0.68,-0.32]. Semantic policy: person: hard margin=0.65m, soft radius=1.20m, risk weight=8.0; potted_plant: hard margin=0.45m, soft radius=0.70m, risk weight=3.0.\nConstraints:\n- first waypoint exactly equals start and final waypoint exactly equals goal\n- return between 2 and 8 waypoints, all inside the workspace at the fixed z\n- never enter a hard-margin region; prefer lower accumulated soft semantic risk\n- return only the structured output requested by the response model""},{""role"":""assistant"",""content"":""{\""reasoning\"":\""Semantic Theta* selected a hard-safe any-angle route minimizing distance and label-conditioned risk.\"",\""waypoints\"":[{\""x\"":-2.91,\""y\"":1.18,\""z\"":-0.25},{\""x\"":-0.23,\""y\"":-1.52,\""z\"":-0.25}]}""}]","Mission state: the UAV is holding hover at the start position. Workspace: x=[-3.00,3.00]m, y=[-3.00,3.00]m, z=-0.25 fixed. Start: (-2.91,1.18,-0.25); goal: (-0.23,-1.52,-0.25); distance=3.80m. Semantic obstacle boxes: 1 potted_plant: x=[-2.37,-1.86], y=[-2.63,-2.15]; 2 person: x=[1.37,1.90], y=[-0.68,-0.32]. Semantic policy: person: hard margin=0.65m, soft radius=1.20m, risk weight=8.0; potted_plant: hard margin=0.45m, soft radius=0.70m, risk weight=3.0.","{""x"":-2.91,""y"":1.18,""z"":-0.25}","{""x"":-0.23,""y"":-1.52,""z"":-0.25}","{""x"":[-3.0,3.0],""y"":[-3.0,3.0],""z"":-0.25}","[{""id"":""semantic-1"",""label"":""potted_plant"",""shape"":""box"",""min_corner"":[-2.37,-2.63,-0.7],""max_corner"":[-1.86,-2.15,0.2],""size"":[0.51,0.47,0.9]},{""id"":""semantic-2"",""label"":""person"",""shape"":""box"",""min_corner"":[1.37,-0.68,-1.1],""max_corner"":[1.9,-0.32,0.6],""size"":[0.54,0.37,1.7]}]","{""person"":{""hard_margin_m"":0.65,""soft_radius_m"":1.2,""risk_weight"":8.0},""chair"":{""hard_margin_m"":0.4,""soft_radius_m"":0.55,""risk_weight"":2.0},""backpack"":{""hard_margin_m"":0.45,""soft_radius_m"":0.65,""risk_weight"":3.0},""bottle"":{""hard_margin_m"":0.4,""soft_radius_m"":0.45,""risk_weight"":2.0},""potted_plant"":{""hard_margin_m"":0.45,""soft_radius_m"":0.7,""risk_weight"":3.0},""bench"":{""hard_margin_m"":0.45,""soft_radius_m"":0.7,""risk_weight"":3.0},""stop_sign"":{""hard_margin_m"":0.5,""soft_radius_m"":0.85,""risk_weight"":5.0},""unknown"":{""hard_margin_m"":0.6,""soft_radius_m"":1.0,""risk_weight"":6.0},""default"":{""hard_margin_m"":0.45,""soft_radius_m"":0.7,""risk_weight"":3.0}}",3.804261,"[{""x"":-2.91,""y"":1.18,""z"":-0.25},{""x"":-0.23,""y"":-1.52,""z"":-0.25}]"
58,"You are an expert semantic UAV path planner. Return sparse fixed-altitude NED waypoints that minimize path length plus semantic risk while satisfying every hard collision margin.
Mission state: the UAV is holding hover at the start position. Workspace: x=[-3.00,3.00]m, y=[-3.00,3.00]m, z=-0.25 fixed. Start: (2.83,0.58,-0.25); goal: (0.31,-1.44,-0.25); distance=3.23m. Semantic obstacle boxes: none. Semantic policy: No semantic risk fields are active.
Constraints:
- first waypoint exactly equals start and final waypoint exactly equals goal
- return between 2 and 8 waypoints, all inside the workspace at the fixed z
- never enter a hard-margin region; prefer lower accumulated soft semantic risk
- return only the structured output requested by the response model","{""reasoning"":""Semantic Theta* selected a hard-safe any-angle route minimizing distance and label-conditioned risk."",""waypoints"":[{""x"":2.83,""y"":0.58,""z"":-0.25},{""x"":0.31,""y"":-1.44,""z"":-0.25}]}","[{""role"":""user"",""content"":""You are an expert semantic UAV path planner. Return sparse fixed-altitude NED waypoints that minimize path length plus semantic risk while satisfying every hard collision margin.\nMission state: the UAV is holding hover at the start position. Workspace: x=[-3.00,3.00]m, y=[-3.00,3.00]m, z=-0.25 fixed. Start: (2.83,0.58,-0.25); goal: (0.31,-1.44,-0.25); distance=3.23m. Semantic obstacle boxes: none. Semantic policy: No semantic risk fields are active.\nConstraints:\n- first waypoint exactly equals start and final waypoint exactly equals goal\n- return between 2 and 8 waypoints, all inside the workspace at the fixed z\n- never enter a hard-margin region; prefer lower accumulated soft semantic risk\n- return only the structured output requested by the response model""},{""role"":""assistant"",""content"":""{\""reasoning\"":\""Semantic Theta* selected a hard-safe any-angle route minimizing distance and label-conditioned risk.\"",\""waypoints\"":[{\""x\"":2.83,\""y\"":0.58,\""z\"":-0.25},{\""x\"":0.31,\""y\"":-1.44,\""z\"":-0.25}]}""}]","Mission state: the UAV is holding hover at the start position. Workspace: x=[-3.00,3.00]m, y=[-3.00,3.00]m, z=-0.25 fixed. Start: (2.83,0.58,-0.25); goal: (0.31,-1.44,-0.25); distance=3.23m. Semantic obstacle boxes: none. Semantic policy: No semantic risk fields are active.","{""x"":2.83,""y"":0.58,""z"":-0.25}","{""x"":0.31,""y"":-1.44,""z"":-0.25}","{""x"":[-3.0,3.0],""y"":[-3.0,3.0],""z"":-0.25}",[],"{""person"":{""hard_margin_m"":0.65,""soft_radius_m"":1.2,""risk_weight"":8.0},""chair"":{""hard_margin_m"":0.4,""soft_radius_m"":0.55,""risk_weight"":2.0},""backpack"":{""hard_margin_m"":0.45,""soft_radius_m"":0.65,""risk_weight"":3.0},""bottle"":{""hard_margin_m"":0.4,""soft_radius_m"":0.45,""risk_weight"":2.0},""potted_plant"":{""hard_margin_m"":0.45,""soft_radius_m"":0.7,""risk_weight"":3.0},""bench"":{""hard_margin_m"":0.45,""soft_radius_m"":0.7,""risk_weight"":3.0},""stop_sign"":{""hard_margin_m"":0.5,""soft_radius_m"":0.85,""risk_weight"":5.0},""unknown"":{""hard_margin_m"":0.6,""soft_radius_m"":1.0,""risk_weight"":6.0},""default"":{""hard_margin_m"":0.45,""soft_radius_m"":0.7,""risk_weight"":3.0}}",3.229675,"[{""x"":2.83,""y"":0.58,""z"":-0.25},{""x"":0.31,""y"":-1.44,""z"":-0.25}]"
59,"You are an expert semantic UAV path planner. Return sparse fixed-altitude NED waypoints that minimize path length plus semantic risk while satisfying every hard collision margin.
Mission state: the UAV is holding hover at the start position. Workspace: x=[-3.00,3.00]m, y=[-3.00,3.00]m, z=-0.25 fixed. Start: (0.99,-1.16,-0.25); goal: (2.79,-1.41,-0.25); distance=1.82m. Semantic obstacle boxes: none. Semantic policy: No semantic risk fields are active.
Constraints:
- first waypoint exactly equals start and final waypoint exactly equals goal
- return between 2 and 8 waypoints, all inside the workspace at the fixed z
- never enter a hard-margin region; prefer lower accumulated soft semantic risk
- return only the structured output requested by the response model","{""reasoning"":""Semantic Theta* selected a hard-safe any-angle route minimizing distance and label-conditioned risk."",""waypoints"":[{""x"":0.99,""y"":-1.16,""z"":-0.25},{""x"":2.79,""y"":-1.41,""z"":-0.25}]}","[{""role"":""user"",""content"":""You are an expert semantic UAV path planner. Return sparse fixed-altitude NED waypoints that minimize path length plus semantic risk while satisfying every hard collision margin.\nMission state: the UAV is holding hover at the start position. Workspace: x=[-3.00,3.00]m, y=[-3.00,3.00]m, z=-0.25 fixed. Start: (0.99,-1.16,-0.25); goal: (2.79,-1.41,-0.25); distance=1.82m. Semantic obstacle boxes: none. Semantic policy: No semantic risk fields are active.\nConstraints:\n- first waypoint exactly equals start and final waypoint exactly equals goal\n- return between 2 and 8 waypoints, all inside the workspace at the fixed z\n- never enter a hard-margin region; prefer lower accumulated soft semantic risk\n- return only the structured output requested by the response model""},{""role"":""assistant"",""content"":""{\""reasoning\"":\""Semantic Theta* selected a hard-safe any-angle route minimizing distance and label-conditioned risk.\"",\""waypoints\"":[{\""x\"":0.99,\""y\"":-1.16,\""z\"":-0.25},{\""x\"":2.79,\""y\"":-1.41,\""z\"":-0.25}]}""}]","Mission state: the UAV is holding hover at the start position. Workspace: x=[-3.00,3.00]m, y=[-3.00,3.00]m, z=-0.25 fixed. Start: (0.99,-1.16,-0.25); goal: (2.79,-1.41,-0.25); distance=1.82m. Semantic obstacle boxes: none. Semantic policy: No semantic risk fields are active.","{""x"":0.99,""y"":-1.16,""z"":-0.25}","{""x"":2.79,""y"":-1.41,""z"":-0.25}","{""x"":[-3.0,3.0],""y"":[-3.0,3.0],""z"":-0.25}",[],"{""person"":{""hard_margin_m"":0.65,""soft_radius_m"":1.2,""risk_weight"":8.0},""chair"":{""hard_margin_m"":0.4,""soft_radius_m"":0.55,""risk_weight"":2.0},""backpack"":{""hard_margin_m"":0.45,""soft_radius_m"":0.65,""risk_weight"":3.0},""bottle"":{""hard_margin_m"":0.4,""soft_radius_m"":0.45,""risk_weight"":2.0},""potted_plant"":{""hard_margin_m"":0.45,""soft_radius_m"":0.7,""risk_weight"":3.0},""bench"":{""hard_margin_m"":0.45,""soft_radius_m"":0.7,""risk_weight"":3.0},""stop_sign"":{""hard_margin_m"":0.5,""soft_radius_m"":0.85,""risk_weight"":5.0},""unknown"":{""hard_margin_m"":0.6,""soft_radius_m"":1.0,""risk_weight"":6.0},""default"":{""hard_margin_m"":0.45,""soft_radius_m"":0.7,""risk_weight"":3.0}}",1.817278,"[{""x"":0.99,""y"":-1.16,""z"":-0.25},{""x"":2.79,""y"":-1.41,""z"":-0.25}]"
60,"You are an expert semantic UAV path planner. Return sparse fixed-altitude NED waypoints that minimize path length plus semantic risk while satisfying every hard collision margin.
Mission state: the UAV is holding hover at the start position. Workspace: x=[-3.00,3.00]m, y=[-3.00,3.00]m, z=-0.25 fixed. Start: (2.69,1.85,-0.25); goal: (-1.28,2.69,-0.25); distance=4.06m. Semantic obstacle boxes: 1 person: x=[-2.92,-2.54], y=[-0.55,-0.12]; 2 backpack: x=[0.16,0.51], y=[0.80,1.04]; 3 bench: x=[-1.86,-0.85], y=[-0.59,-0.16]; 4 bench: x=[-2.91,-2.01], y=[0.89,1.24]. Semantic policy: backpack: hard margin=0.45m, soft radius=0.65m, risk weight=3.0; bench: hard margin=0.45m, soft radius=0.70m, risk weight=3.0; person: hard margin=0.65m, soft radius=1.20m, risk weight=8.0.
Constraints:
- first waypoint exactly equals start and final waypoint exactly equals goal
- return between 2 and 8 waypoints, all inside the workspace at the fixed z
- never enter a hard-margin region; prefer lower accumulated soft semantic risk
- return only the structured output requested by the response model","{""reasoning"":""Semantic Theta* selected a hard-safe any-angle route minimizing distance and label-conditioned risk."",""waypoints"":[{""x"":2.69,""y"":1.85,""z"":-0.25},{""x"":-1.28,""y"":2.69,""z"":-0.25}]}","[{""role"":""user"",""content"":""You are an expert semantic UAV path planner. Return sparse fixed-altitude NED waypoints that minimize path length plus semantic risk while satisfying every hard collision margin.\nMission state: the UAV is holding hover at the start position. Workspace: x=[-3.00,3.00]m, y=[-3.00,3.00]m, z=-0.25 fixed. Start: (2.69,1.85,-0.25); goal: (-1.28,2.69,-0.25); distance=4.06m. Semantic obstacle boxes: 1 person: x=[-2.92,-2.54], y=[-0.55,-0.12]; 2 backpack: x=[0.16,0.51], y=[0.80,1.04]; 3 bench: x=[-1.86,-0.85], y=[-0.59,-0.16]; 4 bench: x=[-2.91,-2.01], y=[0.89,1.24]. Semantic policy: backpack: hard margin=0.45m, soft radius=0.65m, risk weight=3.0; bench: hard margin=0.45m, soft radius=0.70m, risk weight=3.0; person: hard margin=0.65m, soft radius=1.20m, risk weight=8.0.\nConstraints:\n- first waypoint exactly equals start and final waypoint exactly equals goal\n- return between 2 and 8 waypoints, all inside the workspace at the fixed z\n- never enter a hard-margin region; prefer lower accumulated soft semantic risk\n- return only the structured output requested by the response model""},{""role"":""assistant"",""content"":""{\""reasoning\"":\""Semantic Theta* selected a hard-safe any-angle route minimizing distance and label-conditioned risk.\"",\""waypoints\"":[{\""x\"":2.69,\""y\"":1.85,\""z\"":-0.25},{\""x\"":-1.28,\""y\"":2.69,\""z\"":-0.25}]}""}]","Mission state: the UAV is holding hover at the start position. Workspace: x=[-3.00,3.00]m, y=[-3.00,3.00]m, z=-0.25 fixed. Start: (2.69,1.85,-0.25); goal: (-1.28,2.69,-0.25); distance=4.06m. Semantic obstacle boxes: 1 person: x=[-2.92,-2.54], y=[-0.55,-0.12]; 2 backpack: x=[0.16,0.51], y=[0.80,1.04]; 3 bench: x=[-1.86,-0.85], y=[-0.59,-0.16]; 4 bench: x=[-2.91,-2.01], y=[0.89,1.24]. Semantic policy: backpack: hard margin=0.45m, soft radius=0.65m, risk weight=3.0; bench: hard margin=0.45m, soft radius=0.70m, risk weight=3.0; person: hard margin=0.65m, soft radius=1.20m, risk weight=8.0.","{""x"":2.69,""y"":1.85,""z"":-0.25}","{""x"":-1.28,""y"":2.69,""z"":-0.25}","{""x"":[-3.0,3.0],""y"":[-3.0,3.0],""z"":-0.25}","[{""id"":""semantic-1"",""label"":""person"",""shape"":""box"",""min_corner"":[-2.92,-0.55,-1.1],""max_corner"":[-2.54,-0.12,0.6],""size"":[0.38,0.44,1.7]},{""id"":""semantic-2"",""label"":""backpack"",""shape"":""box"",""min_corner"":[0.16,0.8,-0.53],""max_corner"":[0.51,1.04,0.03],""size"":[0.35,0.25,0.55]},{""id"":""semantic-3"",""label"":""bench"",""shape"":""box"",""min_corner"":[-1.86,-0.59,-0.6],""max_corner"":[-0.85,-0.16,0.1],""size"":[1.02,0.43,0.7]},{""id"":""semantic-4"",""label"":""bench"",""shape"":""box"",""min_corner"":[-2.91,0.89,-0.6],""max_corner"":[-2.01,1.24,0.1],""size"":[0.9,0.34,0.7]}]","{""person"":{""hard_margin_m"":0.65,""soft_radius_m"":1.2,""risk_weight"":8.0},""chair"":{""hard_margin_m"":0.4,""soft_radius_m"":0.55,""risk_weight"":2.0},""backpack"":{""hard_margin_m"":0.45,""soft_radius_m"":0.65,""risk_weight"":3.0},""bottle"":{""hard_margin_m"":0.4,""soft_radius_m"":0.45,""risk_weight"":2.0},""potted_plant"":{""hard_margin_m"":0.45,""soft_radius_m"":0.7,""risk_weight"":3.0},""bench"":{""hard_margin_m"":0.45,""soft_radius_m"":0.7,""risk_weight"":3.0},""stop_sign"":{""hard_margin_m"":0.5,""soft_radius_m"":0.85,""risk_weight"":5.0},""unknown"":{""hard_margin_m"":0.6,""soft_radius_m"":1.0,""risk_weight"":6.0},""default"":{""hard_margin_m"":0.45,""soft_radius_m"":0.7,""risk_weight"":3.0}}",4.057894,"[{""x"":2.69,""y"":1.85,""z"":-0.25},{""x"":-1.28,""y"":2.69,""z"":-0.25}]"
61,"You are an expert semantic UAV path planner. Return sparse fixed-altitude NED waypoints that minimize path length plus semantic risk while satisfying every hard collision margin.
Mission state: the UAV is holding hover at the start position. Workspace: x=[-3.00,3.00]m, y=[-3.00,3.00]m, z=-0.25 fixed. Start: (-2.71,-0.07,-0.25); goal: (2.55,1.22,-0.25); distance=5.42m. Semantic obstacle boxes: 1 potted_plant: x=[-1.79,-1.33], y=[-1.63,-1.00]; 2 bench: x=[-1.90,-1.12], y=[-1.10,-0.78]. Semantic policy: bench: hard margin=0.45m, soft radius=0.70m, risk weight=3.0; potted_plant: hard margin=0.45m, soft radius=0.70m, risk weight=3.0.
Constraints:
- first waypoint exactly equals start and final waypoint exactly equals goal
- return between 2 and 8 waypoints, all inside the workspace at the fixed z
- never enter a hard-margin region; prefer lower accumulated soft semantic risk
- return only the structured output requested by the response model","{""reasoning"":""Semantic Theta* selected a hard-safe any-angle route minimizing distance and label-conditioned risk."",""waypoints"":[{""x"":-2.71,""y"":-0.07,""z"":-0.25},{""x"":2.55,""y"":1.22,""z"":-0.25}]}","[{""role"":""user"",""content"":""You are an expert semantic UAV path planner. Return sparse fixed-altitude NED waypoints that minimize path length plus semantic risk while satisfying every hard collision margin.\nMission state: the UAV is holding hover at the start position. Workspace: x=[-3.00,3.00]m, y=[-3.00,3.00]m, z=-0.25 fixed. Start: (-2.71,-0.07,-0.25); goal: (2.55,1.22,-0.25); distance=5.42m. Semantic obstacle boxes: 1 potted_plant: x=[-1.79,-1.33], y=[-1.63,-1.00]; 2 bench: x=[-1.90,-1.12], y=[-1.10,-0.78]. Semantic policy: bench: hard margin=0.45m, soft radius=0.70m, risk weight=3.0; potted_plant: hard margin=0.45m, soft radius=0.70m, risk weight=3.0.\nConstraints:\n- first waypoint exactly equals start and final waypoint exactly equals goal\n- return between 2 and 8 waypoints, all inside the workspace at the fixed z\n- never enter a hard-margin region; prefer lower accumulated soft semantic risk\n- return only the structured output requested by the response model""},{""role"":""assistant"",""content"":""{\""reasoning\"":\""Semantic Theta* selected a hard-safe any-angle route minimizing distance and label-conditioned risk.\"",\""waypoints\"":[{\""x\"":-2.71,\""y\"":-0.07,\""z\"":-0.25},{\""x\"":2.55,\""y\"":1.22,\""z\"":-0.25}]}""}]","Mission state: the UAV is holding hover at the start position. Workspace: x=[-3.00,3.00]m, y=[-3.00,3.00]m, z=-0.25 fixed. Start: (-2.71,-0.07,-0.25); goal: (2.55,1.22,-0.25); distance=5.42m. Semantic obstacle boxes: 1 potted_plant: x=[-1.79,-1.33], y=[-1.63,-1.00]; 2 bench: x=[-1.90,-1.12], y=[-1.10,-0.78]. Semantic policy: bench: hard margin=0.45m, soft radius=0.70m, risk weight=3.0; potted_plant: hard margin=0.45m, soft radius=0.70m, risk weight=3.0.","{""x"":-2.71,""y"":-0.07,""z"":-0.25}","{""x"":2.55,""y"":1.22,""z"":-0.25}","{""x"":[-3.0,3.0],""y"":[-3.0,3.0],""z"":-0.25}","[{""id"":""semantic-1"",""label"":""potted_plant"",""shape"":""box"",""min_corner"":[-1.79,-1.63,-0.7],""max_corner"":[-1.33,-1.0,0.2],""size"":[0.46,0.63,0.9]},{""id"":""semantic-2"",""label"":""bench"",""shape"":""box"",""min_corner"":[-1.9,-1.1,-0.6],""max_corner"":[-1.12,-0.78,0.1],""size"":[0.78,0.32,0.7]}]","{""person"":{""hard_margin_m"":0.65,""soft_radius_m"":1.2,""risk_weight"":8.0},""chair"":{""hard_margin_m"":0.4,""soft_radius_m"":0.55,""risk_weight"":2.0},""backpack"":{""hard_margin_m"":0.45,""soft_radius_m"":0.65,""risk_weight"":3.0},""bottle"":{""hard_margin_m"":0.4,""soft_radius_m"":0.45,""risk_weight"":2.0},""potted_plant"":{""hard_margin_m"":0.45,""soft_radius_m"":0.7,""risk_weight"":3.0},""bench"":{""hard_margin_m"":0.45,""soft_radius_m"":0.7,""risk_weight"":3.0},""stop_sign"":{""hard_margin_m"":0.5,""soft_radius_m"":0.85,""risk_weight"":5.0},""unknown"":{""hard_margin_m"":0.6,""soft_radius_m"":1.0,""risk_weight"":6.0},""default"":{""hard_margin_m"":0.45,""soft_radius_m"":0.7,""risk_weight"":3.0}}",5.415875,"[{""x"":-2.71,""y"":-0.07,""z"":-0.25},{""x"":2.55,""y"":1.22,""z"":-0.25}]"
62,"You are an expert semantic UAV path planner. Return sparse fixed-altitude NED waypoints that minimize path length plus semantic risk while satisfying every hard collision margin.
Mission state: the UAV is holding hover at the start position. Workspace: x=[-3.00,3.00]m, y=[-3.00,3.00]m, z=-0.25 fixed. Start: (-1.59,-1.43,-0.25); goal: (0.19,0.54,-0.25); distance=2.66m. Semantic obstacle boxes: 1 chair: x=[0.80,1.55], y=[2.04,2.78]; 2 stop_sign: x=[2.42,2.85], y=[-2.89,-2.62]. Semantic policy: chair: hard margin=0.40m, soft radius=0.55m, risk weight=2.0; stop_sign: hard margin=0.50m, soft radius=0.85m, risk weight=5.0.
Constraints:
- first waypoint exactly equals start and final waypoint exactly equals goal
- return between 2 and 8 waypoints, all inside the workspace at the fixed z
- never enter a hard-margin region; prefer lower accumulated soft semantic risk
- return only the structured output requested by the response model","{""reasoning"":""Semantic Theta* selected a hard-safe any-angle route minimizing distance and label-conditioned risk."",""waypoints"":[{""x"":-1.59,""y"":-1.43,""z"":-0.25},{""x"":0.19,""y"":0.54,""z"":-0.25}]}","[{""role"":""user"",""content"":""You are an expert semantic UAV path planner. Return sparse fixed-altitude NED waypoints that minimize path length plus semantic risk while satisfying every hard collision margin.\nMission state: the UAV is holding hover at the start position. Workspace: x=[-3.00,3.00]m, y=[-3.00,3.00]m, z=-0.25 fixed. Start: (-1.59,-1.43,-0.25); goal: (0.19,0.54,-0.25); distance=2.66m. Semantic obstacle boxes: 1 chair: x=[0.80,1.55], y=[2.04,2.78]; 2 stop_sign: x=[2.42,2.85], y=[-2.89,-2.62]. Semantic policy: chair: hard margin=0.40m, soft radius=0.55m, risk weight=2.0; stop_sign: hard margin=0.50m, soft radius=0.85m, risk weight=5.0.\nConstraints:\n- first waypoint exactly equals start and final waypoint exactly equals goal\n- return between 2 and 8 waypoints, all inside the workspace at the fixed z\n- never enter a hard-margin region; prefer lower accumulated soft semantic risk\n- return only the structured output requested by the response model""},{""role"":""assistant"",""content"":""{\""reasoning\"":\""Semantic Theta* selected a hard-safe any-angle route minimizing distance and label-conditioned risk.\"",\""waypoints\"":[{\""x\"":-1.59,\""y\"":-1.43,\""z\"":-0.25},{\""x\"":0.19,\""y\"":0.54,\""z\"":-0.25}]}""}]","Mission state: the UAV is holding hover at the start position. Workspace: x=[-3.00,3.00]m, y=[-3.00,3.00]m, z=-0.25 fixed. Start: (-1.59,-1.43,-0.25); goal: (0.19,0.54,-0.25); distance=2.66m. Semantic obstacle boxes: 1 chair: x=[0.80,1.55], y=[2.04,2.78]; 2 stop_sign: x=[2.42,2.85], y=[-2.89,-2.62]. Semantic policy: chair: hard margin=0.40m, soft radius=0.55m, risk weight=2.0; stop_sign: hard margin=0.50m, soft radius=0.85m, risk weight=5.0.","{""x"":-1.59,""y"":-1.43,""z"":-0.25}","{""x"":0.19,""y"":0.54,""z"":-0.25}","{""x"":[-3.0,3.0],""y"":[-3.0,3.0],""z"":-0.25}","[{""id"":""semantic-1"",""label"":""chair"",""shape"":""box"",""min_corner"":[0.8,2.04,-0.7],""max_corner"":[1.55,2.78,0.2],""size"":[0.75,0.74,0.9]},{""id"":""semantic-2"",""label"":""stop_sign"",""shape"":""box"",""min_corner"":[2.42,-2.89,-1.0],""max_corner"":[2.85,-2.62,0.5],""size"":[0.44,0.27,1.5]}]","{""person"":{""hard_margin_m"":0.65,""soft_radius_m"":1.2,""risk_weight"":8.0},""chair"":{""hard_margin_m"":0.4,""soft_radius_m"":0.55,""risk_weight"":2.0},""backpack"":{""hard_margin_m"":0.45,""soft_radius_m"":0.65,""risk_weight"":3.0},""bottle"":{""hard_margin_m"":0.4,""soft_radius_m"":0.45,""risk_weight"":2.0},""potted_plant"":{""hard_margin_m"":0.45,""soft_radius_m"":0.7,""risk_weight"":3.0},""bench"":{""hard_margin_m"":0.45,""soft_radius_m"":0.7,""risk_weight"":3.0},""stop_sign"":{""hard_margin_m"":0.5,""soft_radius_m"":0.85,""risk_weight"":5.0},""unknown"":{""hard_margin_m"":0.6,""soft_radius_m"":1.0,""risk_weight"":6.0},""default"":{""hard_margin_m"":0.45,""soft_radius_m"":0.7,""risk_weight"":3.0}}",2.655052,"[{""x"":-1.59,""y"":-1.43,""z"":-0.25},{""x"":0.19,""y"":0.54,""z"":-0.25}]"
63,"You are an expert semantic UAV path planner. Return sparse fixed-altitude NED waypoints that minimize path length plus semantic risk while satisfying every hard collision margin.
Mission state: the UAV is holding hover at the start position. Workspace: x=[-3.00,3.00]m, y=[-3.00,3.00]m, z=-0.25 fixed. Start: (-0.14,-0.44,-0.25); goal: (-0.14,1.79,-0.25); distance=2.23m. Semantic obstacle boxes: 1 bottle: x=[-2.20,-1.99], y=[1.87,1.99]; 2 bench: x=[1.25,2.16], y=[2.38,2.78]. Semantic policy: bench: hard margin=0.45m, soft radius=0.70m, risk weight=3.0; bottle: hard margin=0.40m, soft radius=0.45m, risk weight=2.0.
Constraints:
- first waypoint exactly equals start and final waypoint exactly equals goal
- return between 2 and 8 waypoints, all inside the workspace at the fixed z
- never enter a hard-margin region; prefer lower accumulated soft semantic risk
- return only the structured output requested by the response model","{""reasoning"":""Semantic Theta* selected a hard-safe any-angle route minimizing distance and label-conditioned risk."",""waypoints"":[{""x"":-0.14,""y"":-0.44,""z"":-0.25},{""x"":-0.14,""y"":1.79,""z"":-0.25}]}","[{""role"":""user"",""content"":""You are an expert semantic UAV path planner. Return sparse fixed-altitude NED waypoints that minimize path length plus semantic risk while satisfying every hard collision margin.\nMission state: the UAV is holding hover at the start position. Workspace: x=[-3.00,3.00]m, y=[-3.00,3.00]m, z=-0.25 fixed. Start: (-0.14,-0.44,-0.25); goal: (-0.14,1.79,-0.25); distance=2.23m. Semantic obstacle boxes: 1 bottle: x=[-2.20,-1.99], y=[1.87,1.99]; 2 bench: x=[1.25,2.16], y=[2.38,2.78]. Semantic policy: bench: hard margin=0.45m, soft radius=0.70m, risk weight=3.0; bottle: hard margin=0.40m, soft radius=0.45m, risk weight=2.0.\nConstraints:\n- first waypoint exactly equals start and final waypoint exactly equals goal\n- return between 2 and 8 waypoints, all inside the workspace at the fixed z\n- never enter a hard-margin region; prefer lower accumulated soft semantic risk\n- return only the structured output requested by the response model""},{""role"":""assistant"",""content"":""{\""reasoning\"":\""Semantic Theta* selected a hard-safe any-angle route minimizing distance and label-conditioned risk.\"",\""waypoints\"":[{\""x\"":-0.14,\""y\"":-0.44,\""z\"":-0.25},{\""x\"":-0.14,\""y\"":1.79,\""z\"":-0.25}]}""}]","Mission state: the UAV is holding hover at the start position. Workspace: x=[-3.00,3.00]m, y=[-3.00,3.00]m, z=-0.25 fixed. Start: (-0.14,-0.44,-0.25); goal: (-0.14,1.79,-0.25); distance=2.23m. Semantic obstacle boxes: 1 bottle: x=[-2.20,-1.99], y=[1.87,1.99]; 2 bench: x=[1.25,2.16], y=[2.38,2.78]. Semantic policy: bench: hard margin=0.45m, soft radius=0.70m, risk weight=3.0; bottle: hard margin=0.40m, soft radius=0.45m, risk weight=2.0.","{""x"":-0.14,""y"":-0.44,""z"":-0.25}","{""x"":-0.14,""y"":1.79,""z"":-0.25}","{""x"":[-3.0,3.0],""y"":[-3.0,3.0],""z"":-0.25}","[{""id"":""semantic-1"",""label"":""bottle"",""shape"":""box"",""min_corner"":[-2.2,1.87,-0.42],""max_corner"":[-1.99,1.99,-0.08],""size"":[0.21,0.12,0.35]},{""id"":""semantic-2"",""label"":""bench"",""shape"":""box"",""min_corner"":[1.25,2.38,-0.6],""max_corner"":[2.16,2.78,0.1],""size"":[0.92,0.41,0.7]}]","{""person"":{""hard_margin_m"":0.65,""soft_radius_m"":1.2,""risk_weight"":8.0},""chair"":{""hard_margin_m"":0.4,""soft_radius_m"":0.55,""risk_weight"":2.0},""backpack"":{""hard_margin_m"":0.45,""soft_radius_m"":0.65,""risk_weight"":3.0},""bottle"":{""hard_margin_m"":0.4,""soft_radius_m"":0.45,""risk_weight"":2.0},""potted_plant"":{""hard_margin_m"":0.45,""soft_radius_m"":0.7,""risk_weight"":3.0},""bench"":{""hard_margin_m"":0.45,""soft_radius_m"":0.7,""risk_weight"":3.0},""stop_sign"":{""hard_margin_m"":0.5,""soft_radius_m"":0.85,""risk_weight"":5.0},""unknown"":{""hard_margin_m"":0.6,""soft_radius_m"":1.0,""risk_weight"":6.0},""default"":{""hard_margin_m"":0.45,""soft_radius_m"":0.7,""risk_weight"":3.0}}",2.23,"[{""x"":-0.14,""y"":-0.44,""z"":-0.25},{""x"":-0.14,""y"":1.79,""z"":-0.25}]"
64,"You are an expert semantic UAV path planner. Return sparse fixed-altitude NED waypoints that minimize path length plus semantic risk while satisfying every hard collision margin.
Mission state: the UAV is holding hover at the start position. Workspace: x=[-3.00,3.00]m, y=[-3.00,3.00]m, z=-0.25 fixed. Start: (1.51,-1.26,-0.25); goal: (-2.66,0.73,-0.25); distance=4.62m. Semantic obstacle boxes: none. Semantic policy: No semantic risk fields are active.
Constraints:
- first waypoint exactly equals start and final waypoint exactly equals goal
- return between 2 and 8 waypoints, all inside the workspace at the fixed z
- never enter a hard-margin region; prefer lower accumulated soft semantic risk
- return only the structured output requested by the response model","{""reasoning"":""Semantic Theta* selected a hard-safe any-angle route minimizing distance and label-conditioned risk."",""waypoints"":[{""x"":1.51,""y"":-1.26,""z"":-0.25},{""x"":-2.66,""y"":0.73,""z"":-0.25}]}","[{""role"":""user"",""content"":""You are an expert semantic UAV path planner. Return sparse fixed-altitude NED waypoints that minimize path length plus semantic risk while satisfying every hard collision margin.\nMission state: the UAV is holding hover at the start position. Workspace: x=[-3.00,3.00]m, y=[-3.00,3.00]m, z=-0.25 fixed. Start: (1.51,-1.26,-0.25); goal: (-2.66,0.73,-0.25); distance=4.62m. Semantic obstacle boxes: none. Semantic policy: No semantic risk fields are active.\nConstraints:\n- first waypoint exactly equals start and final waypoint exactly equals goal\n- return between 2 and 8 waypoints, all inside the workspace at the fixed z\n- never enter a hard-margin region; prefer lower accumulated soft semantic risk\n- return only the structured output requested by the response model""},{""role"":""assistant"",""content"":""{\""reasoning\"":\""Semantic Theta* selected a hard-safe any-angle route minimizing distance and label-conditioned risk.\"",\""waypoints\"":[{\""x\"":1.51,\""y\"":-1.26,\""z\"":-0.25},{\""x\"":-2.66,\""y\"":0.73,\""z\"":-0.25}]}""}]","Mission state: the UAV is holding hover at the start position. Workspace: x=[-3.00,3.00]m, y=[-3.00,3.00]m, z=-0.25 fixed. Start: (1.51,-1.26,-0.25); goal: (-2.66,0.73,-0.25); distance=4.62m. Semantic obstacle boxes: none. Semantic policy: No semantic risk fields are active.","{""x"":1.51,""y"":-1.26,""z"":-0.25}","{""x"":-2.66,""y"":0.73,""z"":-0.25}","{""x"":[-3.0,3.0],""y"":[-3.0,3.0],""z"":-0.25}",[],"{""person"":{""hard_margin_m"":0.65,""soft_radius_m"":1.2,""risk_weight"":8.0},""chair"":{""hard_margin_m"":0.4,""soft_radius_m"":0.55,""risk_weight"":2.0},""backpack"":{""hard_margin_m"":0.45,""soft_radius_m"":0.65,""risk_weight"":3.0},""bottle"":{""hard_margin_m"":0.4,""soft_radius_m"":0.45,""risk_weight"":2.0},""potted_plant"":{""hard_margin_m"":0.45,""soft_radius_m"":0.7,""risk_weight"":3.0},""bench"":{""hard_margin_m"":0.45,""soft_radius_m"":0.7,""risk_weight"":3.0},""stop_sign"":{""hard_margin_m"":0.5,""soft_radius_m"":0.85,""risk_weight"":5.0},""unknown"":{""hard_margin_m"":0.6,""soft_radius_m"":1.0,""risk_weight"":6.0},""default"":{""hard_margin_m"":0.45,""soft_radius_m"":0.7,""risk_weight"":3.0}}",4.620498,"[{""x"":1.51,""y"":-1.26,""z"":-0.25},{""x"":-2.66,""y"":0.73,""z"":-0.25}]"
65,"You are an expert semantic UAV path planner. Return sparse fixed-altitude NED waypoints that minimize path length plus semantic risk while satisfying every hard collision margin.
Mission state: the UAV is holding hover at the start position. Workspace: x=[-3.00,3.00]m, y=[-3.00,3.00]m, z=-0.25 fixed. Start: (-1.28,-1.68,-0.25); goal: (-2.54,1.95,-0.25); distance=3.84m. Semantic obstacle boxes: none. Semantic policy: No semantic risk fields are active.
Constraints:
- first waypoint exactly equals start and final waypoint exactly equals goal
- return between 2 and 8 waypoints, all inside the workspace at the fixed z
- never enter a hard-margin region; prefer lower accumulated soft semantic risk
- return only the structured output requested by the response model","{""reasoning"":""Semantic Theta* selected a hard-safe any-angle route minimizing distance and label-conditioned risk."",""waypoints"":[{""x"":-1.28,""y"":-1.68,""z"":-0.25},{""x"":-2.54,""y"":1.95,""z"":-0.25}]}","[{""role"":""user"",""content"":""You are an expert semantic UAV path planner. Return sparse fixed-altitude NED waypoints that minimize path length plus semantic risk while satisfying every hard collision margin.\nMission state: the UAV is holding hover at the start position. Workspace: x=[-3.00,3.00]m, y=[-3.00,3.00]m, z=-0.25 fixed. Start: (-1.28,-1.68,-0.25); goal: (-2.54,1.95,-0.25); distance=3.84m. Semantic obstacle boxes: none. Semantic policy: No semantic risk fields are active.\nConstraints:\n- first waypoint exactly equals start and final waypoint exactly equals goal\n- return between 2 and 8 waypoints, all inside the workspace at the fixed z\n- never enter a hard-margin region; prefer lower accumulated soft semantic risk\n- return only the structured output requested by the response model""},{""role"":""assistant"",""content"":""{\""reasoning\"":\""Semantic Theta* selected a hard-safe any-angle route minimizing distance and label-conditioned risk.\"",\""waypoints\"":[{\""x\"":-1.28,\""y\"":-1.68,\""z\"":-0.25},{\""x\"":-2.54,\""y\"":1.95,\""z\"":-0.25}]}""}]","Mission state: the UAV is holding hover at the start position. Workspace: x=[-3.00,3.00]m, y=[-3.00,3.00]m, z=-0.25 fixed. Start: (-1.28,-1.68,-0.25); goal: (-2.54,1.95,-0.25); distance=3.84m. Semantic obstacle boxes: none. Semantic policy: No semantic risk fields are active.","{""x"":-1.28,""y"":-1.68,""z"":-0.25}","{""x"":-2.54,""y"":1.95,""z"":-0.25}","{""x"":[-3.0,3.0],""y"":[-3.0,3.0],""z"":-0.25}",[],"{""person"":{""hard_margin_m"":0.65,""soft_radius_m"":1.2,""risk_weight"":8.0},""chair"":{""hard_margin_m"":0.4,""soft_radius_m"":0.55,""risk_weight"":2.0},""backpack"":{""hard_margin_m"":0.45,""soft_radius_m"":0.65,""risk_weight"":3.0},""bottle"":{""hard_margin_m"":0.4,""soft_radius_m"":0.45,""risk_weight"":2.0},""potted_plant"":{""hard_margin_m"":0.45,""soft_radius_m"":0.7,""risk_weight"":3.0},""bench"":{""hard_margin_m"":0.45,""soft_radius_m"":0.7,""risk_weight"":3.0},""stop_sign"":{""hard_margin_m"":0.5,""soft_radius_m"":0.85,""risk_weight"":5.0},""unknown"":{""hard_margin_m"":0.6,""soft_radius_m"":1.0,""risk_weight"":6.0},""default"":{""hard_margin_m"":0.45,""soft_radius_m"":0.7,""risk_weight"":3.0}}",3.84246,"[{""x"":-1.28,""y"":-1.68,""z"":-0.25},{""x"":-2.54,""y"":1.95,""z"":-0.25}]"
66,"You are an expert semantic UAV path planner. Return sparse fixed-altitude NED waypoints that minimize path length plus semantic risk while satisfying every hard collision margin.
Mission state: the UAV is holding hover at the start position. Workspace: x=[-3.00,3.00]m, y=[-3.00,3.00]m, z=-0.25 fixed. Start: (-2.63,2.74,-0.25); goal: (2.41,-2.91,-0.25); distance=7.57m. Semantic obstacle boxes: 1 potted_plant: x=[-1.46,-0.82], y=[0.96,1.54]; 2 chair: x=[1.94,2.53], y=[-2.41,-1.94]; 3 chair: x=[-1.99,-1.26], y=[-0.92,-0.36]. Semantic policy: chair: hard margin=0.40m, soft radius=0.55m, risk weight=2.0; potted_plant: hard margin=0.45m, soft radius=0.70m, risk weight=3.0.
Constraints:
- first waypoint exactly equals start and final waypoint exactly equals goal
- return between 2 and 8 waypoints, all inside the workspace at the fixed z
- never enter a hard-margin region; prefer lower accumulated soft semantic risk
- return only the structured output requested by the response model","{""reasoning"":""Semantic Theta* selected a hard-safe any-angle route minimizing distance and label-conditioned risk."",""waypoints"":[{""x"":-2.63,""y"":2.74,""z"":-0.25},{""x"":-2.0,""y"":0.6,""z"":-0.25},{""x"":-1.8,""y"":0.4,""z"":-0.25},{""x"":-1.0,""y"":0.2,""z"":-0.25},{""x"":-0.6,""y"":-0.2,""z"":-0.25},{""x"":1.6,""y"":-3.0,""z"":-0.25},{""x"":2.41,""y"":-2.91,""z"":-0.25}]}","[{""role"":""user"",""content"":""You are an expert semantic UAV path planner. Return sparse fixed-altitude NED waypoints that minimize path length plus semantic risk while satisfying every hard collision margin.\nMission state: the UAV is holding hover at the start position. Workspace: x=[-3.00,3.00]m, y=[-3.00,3.00]m, z=-0.25 fixed. Start: (-2.63,2.74,-0.25); goal: (2.41,-2.91,-0.25); distance=7.57m. Semantic obstacle boxes: 1 potted_plant: x=[-1.46,-0.82], y=[0.96,1.54]; 2 chair: x=[1.94,2.53], y=[-2.41,-1.94]; 3 chair: x=[-1.99,-1.26], y=[-0.92,-0.36]. Semantic policy: chair: hard margin=0.40m, soft radius=0.55m, risk weight=2.0; potted_plant: hard margin=0.45m, soft radius=0.70m, risk weight=3.0.\nConstraints:\n- first waypoint exactly equals start and final waypoint exactly equals goal\n- return between 2 and 8 waypoints, all inside the workspace at the fixed z\n- never enter a hard-margin region; prefer lower accumulated soft semantic risk\n- return only the structured output requested by the response model""},{""role"":""assistant"",""content"":""{\""reasoning\"":\""Semantic Theta* selected a hard-safe any-angle route minimizing distance and label-conditioned risk.\"",\""waypoints\"":[{\""x\"":-2.63,\""y\"":2.74,\""z\"":-0.25},{\""x\"":-2.0,\""y\"":0.6,\""z\"":-0.25},{\""x\"":-1.8,\""y\"":0.4,\""z\"":-0.25},{\""x\"":-1.0,\""y\"":0.2,\""z\"":-0.25},{\""x\"":-0.6,\""y\"":-0.2,\""z\"":-0.25},{\""x\"":1.6,\""y\"":-3.0,\""z\"":-0.25},{\""x\"":2.41,\""y\"":-2.91,\""z\"":-0.25}]}""}]","Mission state: the UAV is holding hover at the start position. Workspace: x=[-3.00,3.00]m, y=[-3.00,3.00]m, z=-0.25 fixed. Start: (-2.63,2.74,-0.25); goal: (2.41,-2.91,-0.25); distance=7.57m. Semantic obstacle boxes: 1 potted_plant: x=[-1.46,-0.82], y=[0.96,1.54]; 2 chair: x=[1.94,2.53], y=[-2.41,-1.94]; 3 chair: x=[-1.99,-1.26], y=[-0.92,-0.36]. Semantic policy: chair: hard margin=0.40m, soft radius=0.55m, risk weight=2.0; potted_plant: hard margin=0.45m, soft radius=0.70m, risk weight=3.0.","{""x"":-2.63,""y"":2.74,""z"":-0.25}","{""x"":2.41,""y"":-2.91,""z"":-0.25}","{""x"":[-3.0,3.0],""y"":[-3.0,3.0],""z"":-0.25}","[{""id"":""semantic-1"",""label"":""potted_plant"",""shape"":""box"",""min_corner"":[-1.46,0.96,-0.7],""max_corner"":[-0.82,1.54,0.2],""size"":[0.63,0.58,0.9]},{""id"":""semantic-2"",""label"":""chair"",""shape"":""box"",""min_corner"":[1.94,-2.41,-0.7],""max_corner"":[2.53,-1.94,0.2],""size"":[0.59,0.47,0.9]},{""id"":""semantic-3"",""label"":""chair"",""shape"":""box"",""min_corner"":[-1.99,-0.92,-0.7],""max_corner"":[-1.26,-0.36,0.2],""size"":[0.73,0.56,0.9]}]","{""person"":{""hard_margin_m"":0.65,""soft_radius_m"":1.2,""risk_weight"":8.0},""chair"":{""hard_margin_m"":0.4,""soft_radius_m"":0.55,""risk_weight"":2.0},""backpack"":{""hard_margin_m"":0.45,""soft_radius_m"":0.65,""risk_weight"":3.0},""bottle"":{""hard_margin_m"":0.4,""soft_radius_m"":0.45,""risk_weight"":2.0},""potted_plant"":{""hard_margin_m"":0.45,""soft_radius_m"":0.7,""risk_weight"":3.0},""bench"":{""hard_margin_m"":0.45,""soft_radius_m"":0.7,""risk_weight"":3.0},""stop_sign"":{""hard_margin_m"":0.5,""soft_radius_m"":0.85,""risk_weight"":5.0},""unknown"":{""hard_margin_m"":0.6,""soft_radius_m"":1.0,""risk_weight"":6.0},""default"":{""hard_margin_m"":0.45,""soft_radius_m"":0.7,""risk_weight"":3.0}}",8.312181,"[{""x"":-2.63,""y"":2.74,""z"":-0.25},{""x"":-2.0,""y"":0.6,""z"":-0.25},{""x"":-1.8,""y"":0.4,""z"":-0.25},{""x"":-1.0,""y"":0.2,""z"":-0.25},{""x"":-0.6,""y"":-0.2,""z"":-0.25},{""x"":1.6,""y"":-3.0,""z"":-0.25},{""x"":2.41,""y"":-2.91,""z"":-0.25}]"
67,"You are an expert semantic UAV path planner. Return sparse fixed-altitude NED waypoints that minimize path length plus semantic risk while satisfying every hard collision margin.
Mission state: the UAV is holding hover at the start position. Workspace: x=[-3.00,3.00]m, y=[-3.00,3.00]m, z=-0.25 fixed. Start: (1.02,-2.78,-0.25); goal: (0.17,1.95,-0.25); distance=4.81m. Semantic obstacle boxes: 1 potted_plant: x=[1.89,2.30], y=[1.13,1.59]. Semantic policy: potted_plant: hard margin=0.45m, soft radius=0.70m, risk weight=3.0.
Constraints:
- first waypoint exactly equals start and final waypoint exactly equals goal
- return between 2 and 8 waypoints, all inside the workspace at the fixed z
- never enter a hard-margin region; prefer lower accumulated soft semantic risk
- return only the structured output requested by the response model","{""reasoning"":""Semantic Theta* selected a hard-safe any-angle route minimizing distance and label-conditioned risk."",""waypoints"":[{""x"":1.02,""y"":-2.78,""z"":-0.25},{""x"":0.17,""y"":1.95,""z"":-0.25}]}","[{""role"":""user"",""content"":""You are an expert semantic UAV path planner. Return sparse fixed-altitude NED waypoints that minimize path length plus semantic risk while satisfying every hard collision margin.\nMission state: the UAV is holding hover at the start position. Workspace: x=[-3.00,3.00]m, y=[-3.00,3.00]m, z=-0.25 fixed. Start: (1.02,-2.78,-0.25); goal: (0.17,1.95,-0.25); distance=4.81m. Semantic obstacle boxes: 1 potted_plant: x=[1.89,2.30], y=[1.13,1.59]. Semantic policy: potted_plant: hard margin=0.45m, soft radius=0.70m, risk weight=3.0.\nConstraints:\n- first waypoint exactly equals start and final waypoint exactly equals goal\n- return between 2 and 8 waypoints, all inside the workspace at the fixed z\n- never enter a hard-margin region; prefer lower accumulated soft semantic risk\n- return only the structured output requested by the response model""},{""role"":""assistant"",""content"":""{\""reasoning\"":\""Semantic Theta* selected a hard-safe any-angle route minimizing distance and label-conditioned risk.\"",\""waypoints\"":[{\""x\"":1.02,\""y\"":-2.78,\""z\"":-0.25},{\""x\"":0.17,\""y\"":1.95,\""z\"":-0.25}]}""}]","Mission state: the UAV is holding hover at the start position. Workspace: x=[-3.00,3.00]m, y=[-3.00,3.00]m, z=-0.25 fixed. Start: (1.02,-2.78,-0.25); goal: (0.17,1.95,-0.25); distance=4.81m. Semantic obstacle boxes: 1 potted_plant: x=[1.89,2.30], y=[1.13,1.59]. Semantic policy: potted_plant: hard margin=0.45m, soft radius=0.70m, risk weight=3.0.","{""x"":1.02,""y"":-2.78,""z"":-0.25}","{""x"":0.17,""y"":1.95,""z"":-0.25}","{""x"":[-3.0,3.0],""y"":[-3.0,3.0],""z"":-0.25}","[{""id"":""semantic-1"",""label"":""potted_plant"",""shape"":""box"",""min_corner"":[1.89,1.13,-0.7],""max_corner"":[2.3,1.59,0.2],""size"":[0.41,0.46,0.9]}]","{""person"":{""hard_margin_m"":0.65,""soft_radius_m"":1.2,""risk_weight"":8.0},""chair"":{""hard_margin_m"":0.4,""soft_radius_m"":0.55,""risk_weight"":2.0},""backpack"":{""hard_margin_m"":0.45,""soft_radius_m"":0.65,""risk_weight"":3.0},""bottle"":{""hard_margin_m"":0.4,""soft_radius_m"":0.45,""risk_weight"":2.0},""potted_plant"":{""hard_margin_m"":0.45,""soft_radius_m"":0.7,""risk_weight"":3.0},""bench"":{""hard_margin_m"":0.45,""soft_radius_m"":0.7,""risk_weight"":3.0},""stop_sign"":{""hard_margin_m"":0.5,""soft_radius_m"":0.85,""risk_weight"":5.0},""unknown"":{""hard_margin_m"":0.6,""soft_radius_m"":1.0,""risk_weight"":6.0},""default"":{""hard_margin_m"":0.45,""soft_radius_m"":0.7,""risk_weight"":3.0}}",4.805767,"[{""x"":1.02,""y"":-2.78,""z"":-0.25},{""x"":0.17,""y"":1.95,""z"":-0.25}]"
68,"You are an expert semantic UAV path planner. Return sparse fixed-altitude NED waypoints that minimize path length plus semantic risk while satisfying every hard collision margin.
Mission state: the UAV is holding hover at the start position. Workspace: x=[-3.00,3.00]m, y=[-3.00,3.00]m, z=-0.25 fixed. Start: (-0.23,2.22,-0.25); goal: (-1.54,-1.35,-0.25); distance=3.80m. Semantic obstacle boxes: 1 backpack: x=[0.75,1.15], y=[-1.92,-1.59]; 2 bottle: x=[-2.84,-2.62], y=[1.86,2.03]; 3 unknown: x=[0.17,0.83], y=[-1.92,-1.62]. Semantic policy: backpack: hard margin=0.45m, soft radius=0.65m, risk weight=3.0; bottle: hard margin=0.40m, soft radius=0.45m, risk weight=2.0; unknown: hard margin=0.60m, soft radius=1.00m, risk weight=6.0.
Constraints:
- first waypoint exactly equals start and final waypoint exactly equals goal
- return between 2 and 8 waypoints, all inside the workspace at the fixed z
- never enter a hard-margin region; prefer lower accumulated soft semantic risk
- return only the structured output requested by the response model","{""reasoning"":""Semantic Theta* selected a hard-safe any-angle route minimizing distance and label-conditioned risk."",""waypoints"":[{""x"":-0.23,""y"":2.22,""z"":-0.25},{""x"":-1.54,""y"":-1.35,""z"":-0.25}]}","[{""role"":""user"",""content"":""You are an expert semantic UAV path planner. Return sparse fixed-altitude NED waypoints that minimize path length plus semantic risk while satisfying every hard collision margin.\nMission state: the UAV is holding hover at the start position. Workspace: x=[-3.00,3.00]m, y=[-3.00,3.00]m, z=-0.25 fixed. Start: (-0.23,2.22,-0.25); goal: (-1.54,-1.35,-0.25); distance=3.80m. Semantic obstacle boxes: 1 backpack: x=[0.75,1.15], y=[-1.92,-1.59]; 2 bottle: x=[-2.84,-2.62], y=[1.86,2.03]; 3 unknown: x=[0.17,0.83], y=[-1.92,-1.62]. Semantic policy: backpack: hard margin=0.45m, soft radius=0.65m, risk weight=3.0; bottle: hard margin=0.40m, soft radius=0.45m, risk weight=2.0; unknown: hard margin=0.60m, soft radius=1.00m, risk weight=6.0.\nConstraints:\n- first waypoint exactly equals start and final waypoint exactly equals goal\n- return between 2 and 8 waypoints, all inside the workspace at the fixed z\n- never enter a hard-margin region; prefer lower accumulated soft semantic risk\n- return only the structured output requested by the response model""},{""role"":""assistant"",""content"":""{\""reasoning\"":\""Semantic Theta* selected a hard-safe any-angle route minimizing distance and label-conditioned risk.\"",\""waypoints\"":[{\""x\"":-0.23,\""y\"":2.22,\""z\"":-0.25},{\""x\"":-1.54,\""y\"":-1.35,\""z\"":-0.25}]}""}]","Mission state: the UAV is holding hover at the start position. Workspace: x=[-3.00,3.00]m, y=[-3.00,3.00]m, z=-0.25 fixed. Start: (-0.23,2.22,-0.25); goal: (-1.54,-1.35,-0.25); distance=3.80m. Semantic obstacle boxes: 1 backpack: x=[0.75,1.15], y=[-1.92,-1.59]; 2 bottle: x=[-2.84,-2.62], y=[1.86,2.03]; 3 unknown: x=[0.17,0.83], y=[-1.92,-1.62]. Semantic policy: backpack: hard margin=0.45m, soft radius=0.65m, risk weight=3.0; bottle: hard margin=0.40m, soft radius=0.45m, risk weight=2.0; unknown: hard margin=0.60m, soft radius=1.00m, risk weight=6.0.","{""x"":-0.23,""y"":2.22,""z"":-0.25}","{""x"":-1.54,""y"":-1.35,""z"":-0.25}","{""x"":[-3.0,3.0],""y"":[-3.0,3.0],""z"":-0.25}","[{""id"":""semantic-1"",""label"":""backpack"",""shape"":""box"",""min_corner"":[0.75,-1.92,-0.53],""max_corner"":[1.15,-1.59,0.03],""size"":[0.4,0.33,0.55]},{""id"":""semantic-2"",""label"":""bottle"",""shape"":""box"",""min_corner"":[-2.84,1.86,-0.42],""max_corner"":[-2.62,2.03,-0.08],""size"":[0.22,0.17,0.35]},{""id"":""semantic-3"",""label"":""unknown"",""shape"":""box"",""min_corner"":[0.17,-1.92,-0.75],""max_corner"":[0.83,-1.62,0.25],""size"":[0.66,0.31,1.0]}]","{""person"":{""hard_margin_m"":0.65,""soft_radius_m"":1.2,""risk_weight"":8.0},""chair"":{""hard_margin_m"":0.4,""soft_radius_m"":0.55,""risk_weight"":2.0},""backpack"":{""hard_margin_m"":0.45,""soft_radius_m"":0.65,""risk_weight"":3.0},""bottle"":{""hard_margin_m"":0.4,""soft_radius_m"":0.45,""risk_weight"":2.0},""potted_plant"":{""hard_margin_m"":0.45,""soft_radius_m"":0.7,""risk_weight"":3.0},""bench"":{""hard_margin_m"":0.45,""soft_radius_m"":0.7,""risk_weight"":3.0},""stop_sign"":{""hard_margin_m"":0.5,""soft_radius_m"":0.85,""risk_weight"":5.0},""unknown"":{""hard_margin_m"":0.6,""soft_radius_m"":1.0,""risk_weight"":6.0},""default"":{""hard_margin_m"":0.45,""soft_radius_m"":0.7,""risk_weight"":3.0}}",3.802762,"[{""x"":-0.23,""y"":2.22,""z"":-0.25},{""x"":-1.54,""y"":-1.35,""z"":-0.25}]"
69,"You are an expert semantic UAV path planner. Return sparse fixed-altitude NED waypoints that minimize path length plus semantic risk while satisfying every hard collision margin.
Mission state: the UAV is holding hover at the start position. Workspace: x=[-3.00,3.00]m, y=[-3.00,3.00]m, z=-0.25 fixed. Start: (-0.82,0.30,-0.25); goal: (1.74,0.50,-0.25); distance=2.57m. Semantic obstacle boxes: 1 bottle: x=[1.47,1.69], y=[-0.29,-0.14]; 2 stop_sign: x=[-0.56,-0.14], y=[-1.23,-0.91]; 3 stop_sign: x=[-1.48,-1.12], y=[1.57,1.84]. Semantic policy: bottle: hard margin=0.40m, soft radius=0.45m, risk weight=2.0; stop_sign: hard margin=0.50m, soft radius=0.85m, risk weight=5.0.
Constraints:
- first waypoint exactly equals start and final waypoint exactly equals goal
- return between 2 and 8 waypoints, all inside the workspace at the fixed z
- never enter a hard-margin region; prefer lower accumulated soft semantic risk
- return only the structured output requested by the response model","{""reasoning"":""Semantic Theta* selected a hard-safe any-angle route minimizing distance and label-conditioned risk."",""waypoints"":[{""x"":-0.82,""y"":0.3,""z"":-0.25},{""x"":1.74,""y"":0.5,""z"":-0.25}]}","[{""role"":""user"",""content"":""You are an expert semantic UAV path planner. Return sparse fixed-altitude NED waypoints that minimize path length plus semantic risk while satisfying every hard collision margin.\nMission state: the UAV is holding hover at the start position. Workspace: x=[-3.00,3.00]m, y=[-3.00,3.00]m, z=-0.25 fixed. Start: (-0.82,0.30,-0.25); goal: (1.74,0.50,-0.25); distance=2.57m. Semantic obstacle boxes: 1 bottle: x=[1.47,1.69], y=[-0.29,-0.14]; 2 stop_sign: x=[-0.56,-0.14], y=[-1.23,-0.91]; 3 stop_sign: x=[-1.48,-1.12], y=[1.57,1.84]. Semantic policy: bottle: hard margin=0.40m, soft radius=0.45m, risk weight=2.0; stop_sign: hard margin=0.50m, soft radius=0.85m, risk weight=5.0.\nConstraints:\n- first waypoint exactly equals start and final waypoint exactly equals goal\n- return between 2 and 8 waypoints, all inside the workspace at the fixed z\n- never enter a hard-margin region; prefer lower accumulated soft semantic risk\n- return only the structured output requested by the response model""},{""role"":""assistant"",""content"":""{\""reasoning\"":\""Semantic Theta* selected a hard-safe any-angle route minimizing distance and label-conditioned risk.\"",\""waypoints\"":[{\""x\"":-0.82,\""y\"":0.3,\""z\"":-0.25},{\""x\"":1.74,\""y\"":0.5,\""z\"":-0.25}]}""}]","Mission state: the UAV is holding hover at the start position. Workspace: x=[-3.00,3.00]m, y=[-3.00,3.00]m, z=-0.25 fixed. Start: (-0.82,0.30,-0.25); goal: (1.74,0.50,-0.25); distance=2.57m. Semantic obstacle boxes: 1 bottle: x=[1.47,1.69], y=[-0.29,-0.14]; 2 stop_sign: x=[-0.56,-0.14], y=[-1.23,-0.91]; 3 stop_sign: x=[-1.48,-1.12], y=[1.57,1.84]. Semantic policy: bottle: hard margin=0.40m, soft radius=0.45m, risk weight=2.0; stop_sign: hard margin=0.50m, soft radius=0.85m, risk weight=5.0.","{""x"":-0.82,""y"":0.3,""z"":-0.25}","{""x"":1.74,""y"":0.5,""z"":-0.25}","{""x"":[-3.0,3.0],""y"":[-3.0,3.0],""z"":-0.25}","[{""id"":""semantic-1"",""label"":""bottle"",""shape"":""box"",""min_corner"":[1.47,-0.29,-0.42],""max_corner"":[1.69,-0.14,-0.08],""size"":[0.23,0.15,0.35]},{""id"":""semantic-2"",""label"":""stop_sign"",""shape"":""box"",""min_corner"":[-0.56,-1.23,-1.0],""max_corner"":[-0.14,-0.91,0.5],""size"":[0.43,0.31,1.5]},{""id"":""semantic-3"",""label"":""stop_sign"",""shape"":""box"",""min_corner"":[-1.48,1.57,-1.0],""max_corner"":[-1.12,1.84,0.5],""size"":[0.36,0.27,1.5]}]","{""person"":{""hard_margin_m"":0.65,""soft_radius_m"":1.2,""risk_weight"":8.0},""chair"":{""hard_margin_m"":0.4,""soft_radius_m"":0.55,""risk_weight"":2.0},""backpack"":{""hard_margin_m"":0.45,""soft_radius_m"":0.65,""risk_weight"":3.0},""bottle"":{""hard_margin_m"":0.4,""soft_radius_m"":0.45,""risk_weight"":2.0},""potted_plant"":{""hard_margin_m"":0.45,""soft_radius_m"":0.7,""risk_weight"":3.0},""bench"":{""hard_margin_m"":0.45,""soft_radius_m"":0.7,""risk_weight"":3.0},""stop_sign"":{""hard_margin_m"":0.5,""soft_radius_m"":0.85,""risk_weight"":5.0},""unknown"":{""hard_margin_m"":0.6,""soft_radius_m"":1.0,""risk_weight"":6.0},""default"":{""hard_margin_m"":0.45,""soft_radius_m"":0.7,""risk_weight"":3.0}}",2.567801,"[{""x"":-0.82,""y"":0.3,""z"":-0.25},{""x"":1.74,""y"":0.5,""z"":-0.25}]"
70,"You are an expert semantic UAV path planner. Return sparse fixed-altitude NED waypoints that minimize path length plus semantic risk while satisfying every hard collision margin.
Mission state: the UAV is holding hover at the start position. Workspace: x=[-3.00,3.00]m, y=[-3.00,3.00]m, z=-0.25 fixed. Start: (-0.48,2.13,-0.25); goal: (0.96,2.44,-0.25); distance=1.47m. Semantic obstacle boxes: none. Semantic policy: No semantic risk fields are active.
Constraints:
- first waypoint exactly equals start and final waypoint exactly equals goal
- return between 2 and 8 waypoints, all inside the workspace at the fixed z
- never enter a hard-margin region; prefer lower accumulated soft semantic risk
- return only the structured output requested by the response model","{""reasoning"":""Semantic Theta* selected a hard-safe any-angle route minimizing distance and label-conditioned risk."",""waypoints"":[{""x"":-0.48,""y"":2.13,""z"":-0.25},{""x"":0.96,""y"":2.44,""z"":-0.25}]}","[{""role"":""user"",""content"":""You are an expert semantic UAV path planner. Return sparse fixed-altitude NED waypoints that minimize path length plus semantic risk while satisfying every hard collision margin.\nMission state: the UAV is holding hover at the start position. Workspace: x=[-3.00,3.00]m, y=[-3.00,3.00]m, z=-0.25 fixed. Start: (-0.48,2.13,-0.25); goal: (0.96,2.44,-0.25); distance=1.47m. Semantic obstacle boxes: none. Semantic policy: No semantic risk fields are active.\nConstraints:\n- first waypoint exactly equals start and final waypoint exactly equals goal\n- return between 2 and 8 waypoints, all inside the workspace at the fixed z\n- never enter a hard-margin region; prefer lower accumulated soft semantic risk\n- return only the structured output requested by the response model""},{""role"":""assistant"",""content"":""{\""reasoning\"":\""Semantic Theta* selected a hard-safe any-angle route minimizing distance and label-conditioned risk.\"",\""waypoints\"":[{\""x\"":-0.48,\""y\"":2.13,\""z\"":-0.25},{\""x\"":0.96,\""y\"":2.44,\""z\"":-0.25}]}""}]","Mission state: the UAV is holding hover at the start position. Workspace: x=[-3.00,3.00]m, y=[-3.00,3.00]m, z=-0.25 fixed. Start: (-0.48,2.13,-0.25); goal: (0.96,2.44,-0.25); distance=1.47m. Semantic obstacle boxes: none. Semantic policy: No semantic risk fields are active.","{""x"":-0.48,""y"":2.13,""z"":-0.25}","{""x"":0.96,""y"":2.44,""z"":-0.25}","{""x"":[-3.0,3.0],""y"":[-3.0,3.0],""z"":-0.25}",[],"{""person"":{""hard_margin_m"":0.65,""soft_radius_m"":1.2,""risk_weight"":8.0},""chair"":{""hard_margin_m"":0.4,""soft_radius_m"":0.55,""risk_weight"":2.0},""backpack"":{""hard_margin_m"":0.45,""soft_radius_m"":0.65,""risk_weight"":3.0},""bottle"":{""hard_margin_m"":0.4,""soft_radius_m"":0.45,""risk_weight"":2.0},""potted_plant"":{""hard_margin_m"":0.45,""soft_radius_m"":0.7,""risk_weight"":3.0},""bench"":{""hard_margin_m"":0.45,""soft_radius_m"":0.7,""risk_weight"":3.0},""stop_sign"":{""hard_margin_m"":0.5,""soft_radius_m"":0.85,""risk_weight"":5.0},""unknown"":{""hard_margin_m"":0.6,""soft_radius_m"":1.0,""risk_weight"":6.0},""default"":{""hard_margin_m"":0.45,""soft_radius_m"":0.7,""risk_weight"":3.0}}",1.47299,"[{""x"":-0.48,""y"":2.13,""z"":-0.25},{""x"":0.96,""y"":2.44,""z"":-0.25}]"
71,"You are an expert semantic UAV path planner. Return sparse fixed-altitude NED waypoints that minimize path length plus semantic risk while satisfying every hard collision margin.
Mission state: the UAV is holding hover at the start position. Workspace: x=[-3.00,3.00]m, y=[-3.00,3.00]m, z=-0.25 fixed. Start: (1.64,0.03,-0.25); goal: (-2.11,-0.38,-0.25); distance=3.77m. Semantic obstacle boxes: 1 backpack: x=[-0.18,0.24], y=[0.90,1.29]. Semantic policy: backpack: hard margin=0.45m, soft radius=0.65m, risk weight=3.0.
Constraints:
- first waypoint exactly equals start and final waypoint exactly equals goal
- return between 2 and 8 waypoints, all inside the workspace at the fixed z
- never enter a hard-margin region; prefer lower accumulated soft semantic risk
- return only the structured output requested by the response model","{""reasoning"":""Semantic Theta* selected a hard-safe any-angle route minimizing distance and label-conditioned risk."",""waypoints"":[{""x"":1.64,""y"":0.03,""z"":-0.25},{""x"":-2.11,""y"":-0.38,""z"":-0.25}]}","[{""role"":""user"",""content"":""You are an expert semantic UAV path planner. Return sparse fixed-altitude NED waypoints that minimize path length plus semantic risk while satisfying every hard collision margin.\nMission state: the UAV is holding hover at the start position. Workspace: x=[-3.00,3.00]m, y=[-3.00,3.00]m, z=-0.25 fixed. Start: (1.64,0.03,-0.25); goal: (-2.11,-0.38,-0.25); distance=3.77m. Semantic obstacle boxes: 1 backpack: x=[-0.18,0.24], y=[0.90,1.29]. Semantic policy: backpack: hard margin=0.45m, soft radius=0.65m, risk weight=3.0.\nConstraints:\n- first waypoint exactly equals start and final waypoint exactly equals goal\n- return between 2 and 8 waypoints, all inside the workspace at the fixed z\n- never enter a hard-margin region; prefer lower accumulated soft semantic risk\n- return only the structured output requested by the response model""},{""role"":""assistant"",""content"":""{\""reasoning\"":\""Semantic Theta* selected a hard-safe any-angle route minimizing distance and label-conditioned risk.\"",\""waypoints\"":[{\""x\"":1.64,\""y\"":0.03,\""z\"":-0.25},{\""x\"":-2.11,\""y\"":-0.38,\""z\"":-0.25}]}""}]","Mission state: the UAV is holding hover at the start position. Workspace: x=[-3.00,3.00]m, y=[-3.00,3.00]m, z=-0.25 fixed. Start: (1.64,0.03,-0.25); goal: (-2.11,-0.38,-0.25); distance=3.77m. Semantic obstacle boxes: 1 backpack: x=[-0.18,0.24], y=[0.90,1.29]. Semantic policy: backpack: hard margin=0.45m, soft radius=0.65m, risk weight=3.0.","{""x"":1.64,""y"":0.03,""z"":-0.25}","{""x"":-2.11,""y"":-0.38,""z"":-0.25}","{""x"":[-3.0,3.0],""y"":[-3.0,3.0],""z"":-0.25}","[{""id"":""semantic-1"",""label"":""backpack"",""shape"":""box"",""min_corner"":[-0.18,0.9,-0.53],""max_corner"":[0.24,1.29,0.03],""size"":[0.43,0.39,0.55]}]","{""person"":{""hard_margin_m"":0.65,""soft_radius_m"":1.2,""risk_weight"":8.0},""chair"":{""hard_margin_m"":0.4,""soft_radius_m"":0.55,""risk_weight"":2.0},""backpack"":{""hard_margin_m"":0.45,""soft_radius_m"":0.65,""risk_weight"":3.0},""bottle"":{""hard_margin_m"":0.4,""soft_radius_m"":0.45,""risk_weight"":2.0},""potted_plant"":{""hard_margin_m"":0.45,""soft_radius_m"":0.7,""risk_weight"":3.0},""bench"":{""hard_margin_m"":0.45,""soft_radius_m"":0.7,""risk_weight"":3.0},""stop_sign"":{""hard_margin_m"":0.5,""soft_radius_m"":0.85,""risk_weight"":5.0},""unknown"":{""hard_margin_m"":0.6,""soft_radius_m"":1.0,""risk_weight"":6.0},""default"":{""hard_margin_m"":0.45,""soft_radius_m"":0.7,""risk_weight"":3.0}}",3.772347,"[{""x"":1.64,""y"":0.03,""z"":-0.25},{""x"":-2.11,""y"":-0.38,""z"":-0.25}]"
72,"You are an expert semantic UAV path planner. Return sparse fixed-altitude NED waypoints that minimize path length plus semantic risk while satisfying every hard collision margin.
Mission state: the UAV is holding hover at the start position. Workspace: x=[-3.00,3.00]m, y=[-3.00,3.00]m, z=-0.25 fixed. Start: (-0.06,-0.88,-0.25); goal: (-0.76,2.18,-0.25); distance=3.14m. Semantic obstacle boxes: 1 stop_sign: x=[1.00,1.31], y=[0.60,0.89]; 2 backpack: x=[-1.38,-1.13], y=[0.73,1.13]. Semantic policy: backpack: hard margin=0.45m, soft radius=0.65m, risk weight=3.0; stop_sign: hard margin=0.50m, soft radius=0.85m, risk weight=5.0.
Constraints:
- first waypoint exactly equals start and final waypoint exactly equals goal
- return between 2 and 8 waypoints, all inside the workspace at the fixed z
- never enter a hard-margin region; prefer lower accumulated soft semantic risk
- return only the structured output requested by the response model","{""reasoning"":""Semantic Theta* selected a hard-safe any-angle route minimizing distance and label-conditioned risk."",""waypoints"":[{""x"":-0.06,""y"":-0.88,""z"":-0.25},{""x"":-0.76,""y"":2.18,""z"":-0.25}]}","[{""role"":""user"",""content"":""You are an expert semantic UAV path planner. Return sparse fixed-altitude NED waypoints that minimize path length plus semantic risk while satisfying every hard collision margin.\nMission state: the UAV is holding hover at the start position. Workspace: x=[-3.00,3.00]m, y=[-3.00,3.00]m, z=-0.25 fixed. Start: (-0.06,-0.88,-0.25); goal: (-0.76,2.18,-0.25); distance=3.14m. Semantic obstacle boxes: 1 stop_sign: x=[1.00,1.31], y=[0.60,0.89]; 2 backpack: x=[-1.38,-1.13], y=[0.73,1.13]. Semantic policy: backpack: hard margin=0.45m, soft radius=0.65m, risk weight=3.0; stop_sign: hard margin=0.50m, soft radius=0.85m, risk weight=5.0.\nConstraints:\n- first waypoint exactly equals start and final waypoint exactly equals goal\n- return between 2 and 8 waypoints, all inside the workspace at the fixed z\n- never enter a hard-margin region; prefer lower accumulated soft semantic risk\n- return only the structured output requested by the response model""},{""role"":""assistant"",""content"":""{\""reasoning\"":\""Semantic Theta* selected a hard-safe any-angle route minimizing distance and label-conditioned risk.\"",\""waypoints\"":[{\""x\"":-0.06,\""y\"":-0.88,\""z\"":-0.25},{\""x\"":-0.76,\""y\"":2.18,\""z\"":-0.25}]}""}]","Mission state: the UAV is holding hover at the start position. Workspace: x=[-3.00,3.00]m, y=[-3.00,3.00]m, z=-0.25 fixed. Start: (-0.06,-0.88,-0.25); goal: (-0.76,2.18,-0.25); distance=3.14m. Semantic obstacle boxes: 1 stop_sign: x=[1.00,1.31], y=[0.60,0.89]; 2 backpack: x=[-1.38,-1.13], y=[0.73,1.13]. Semantic policy: backpack: hard margin=0.45m, soft radius=0.65m, risk weight=3.0; stop_sign: hard margin=0.50m, soft radius=0.85m, risk weight=5.0.","{""x"":-0.06,""y"":-0.88,""z"":-0.25}","{""x"":-0.76,""y"":2.18,""z"":-0.25}","{""x"":[-3.0,3.0],""y"":[-3.0,3.0],""z"":-0.25}","[{""id"":""semantic-1"",""label"":""stop_sign"",""shape"":""box"",""min_corner"":[1.0,0.6,-1.0],""max_corner"":[1.31,0.89,0.5],""size"":[0.31,0.29,1.5]},{""id"":""semantic-2"",""label"":""backpack"",""shape"":""box"",""min_corner"":[-1.38,0.73,-0.53],""max_corner"":[-1.13,1.13,0.03],""size"":[0.25,0.4,0.55]}]","{""person"":{""hard_margin_m"":0.65,""soft_radius_m"":1.2,""risk_weight"":8.0},""chair"":{""hard_margin_m"":0.4,""soft_radius_m"":0.55,""risk_weight"":2.0},""backpack"":{""hard_margin_m"":0.45,""soft_radius_m"":0.65,""risk_weight"":3.0},""bottle"":{""hard_margin_m"":0.4,""soft_radius_m"":0.45,""risk_weight"":2.0},""potted_plant"":{""hard_margin_m"":0.45,""soft_radius_m"":0.7,""risk_weight"":3.0},""bench"":{""hard_margin_m"":0.45,""soft_radius_m"":0.7,""risk_weight"":3.0},""stop_sign"":{""hard_margin_m"":0.5,""soft_radius_m"":0.85,""risk_weight"":5.0},""unknown"":{""hard_margin_m"":0.6,""soft_radius_m"":1.0,""risk_weight"":6.0},""default"":{""hard_margin_m"":0.45,""soft_radius_m"":0.7,""risk_weight"":3.0}}",3.145141,"[{""x"":-0.06,""y"":-0.88,""z"":-0.25},{""x"":-0.76,""y"":2.18,""z"":-0.25}]"
73,"You are an expert semantic UAV path planner. Return sparse fixed-altitude NED waypoints that minimize path length plus semantic risk while satisfying every hard collision margin.
Mission state: the UAV is holding hover at the start position. Workspace: x=[-3.00,3.00]m, y=[-3.00,3.00]m, z=-0.25 fixed. Start: (-0.08,1.36,-0.25); goal: (2.06,-2.50,-0.25); distance=4.41m. Semantic obstacle boxes: 1 chair: x=[0.37,1.08], y=[-1.99,-1.49]. Semantic policy: chair: hard margin=0.40m, soft radius=0.55m, risk weight=2.0.
Constraints:
- first waypoint exactly equals start and final waypoint exactly equals goal
- return between 2 and 8 waypoints, all inside the workspace at the fixed z
- never enter a hard-margin region; prefer lower accumulated soft semantic risk
- return only the structured output requested by the response model","{""reasoning"":""Semantic Theta* selected a hard-safe any-angle route minimizing distance and label-conditioned risk."",""waypoints"":[{""x"":-0.08,""y"":1.36,""z"":-0.25},{""x"":1.6,""y"":-1.2,""z"":-0.25},{""x"":2.06,""y"":-2.5,""z"":-0.25}]}","[{""role"":""user"",""content"":""You are an expert semantic UAV path planner. Return sparse fixed-altitude NED waypoints that minimize path length plus semantic risk while satisfying every hard collision margin.\nMission state: the UAV is holding hover at the start position. Workspace: x=[-3.00,3.00]m, y=[-3.00,3.00]m, z=-0.25 fixed. Start: (-0.08,1.36,-0.25); goal: (2.06,-2.50,-0.25); distance=4.41m. Semantic obstacle boxes: 1 chair: x=[0.37,1.08], y=[-1.99,-1.49]. Semantic policy: chair: hard margin=0.40m, soft radius=0.55m, risk weight=2.0.\nConstraints:\n- first waypoint exactly equals start and final waypoint exactly equals goal\n- return between 2 and 8 waypoints, all inside the workspace at the fixed z\n- never enter a hard-margin region; prefer lower accumulated soft semantic risk\n- return only the structured output requested by the response model""},{""role"":""assistant"",""content"":""{\""reasoning\"":\""Semantic Theta* selected a hard-safe any-angle route minimizing distance and label-conditioned risk.\"",\""waypoints\"":[{\""x\"":-0.08,\""y\"":1.36,\""z\"":-0.25},{\""x\"":1.6,\""y\"":-1.2,\""z\"":-0.25},{\""x\"":2.06,\""y\"":-2.5,\""z\"":-0.25}]}""}]","Mission state: the UAV is holding hover at the start position. Workspace: x=[-3.00,3.00]m, y=[-3.00,3.00]m, z=-0.25 fixed. Start: (-0.08,1.36,-0.25); goal: (2.06,-2.50,-0.25); distance=4.41m. Semantic obstacle boxes: 1 chair: x=[0.37,1.08], y=[-1.99,-1.49]. Semantic policy: chair: hard margin=0.40m, soft radius=0.55m, risk weight=2.0.","{""x"":-0.08,""y"":1.36,""z"":-0.25}","{""x"":2.06,""y"":-2.5,""z"":-0.25}","{""x"":[-3.0,3.0],""y"":[-3.0,3.0],""z"":-0.25}","[{""id"":""semantic-1"",""label"":""chair"",""shape"":""box"",""min_corner"":[0.37,-1.99,-0.7],""max_corner"":[1.08,-1.49,0.2],""size"":[0.71,0.49,0.9]}]","{""person"":{""hard_margin_m"":0.65,""soft_radius_m"":1.2,""risk_weight"":8.0},""chair"":{""hard_margin_m"":0.4,""soft_radius_m"":0.55,""risk_weight"":2.0},""backpack"":{""hard_margin_m"":0.45,""soft_radius_m"":0.65,""risk_weight"":3.0},""bottle"":{""hard_margin_m"":0.4,""soft_radius_m"":0.45,""risk_weight"":2.0},""potted_plant"":{""hard_margin_m"":0.45,""soft_radius_m"":0.7,""risk_weight"":3.0},""bench"":{""hard_margin_m"":0.45,""soft_radius_m"":0.7,""risk_weight"":3.0},""stop_sign"":{""hard_margin_m"":0.5,""soft_radius_m"":0.85,""risk_weight"":5.0},""unknown"":{""hard_margin_m"":0.6,""soft_radius_m"":1.0,""risk_weight"":6.0},""default"":{""hard_margin_m"":0.45,""soft_radius_m"":0.7,""risk_weight"":3.0}}",4.441011,"[{""x"":-0.08,""y"":1.36,""z"":-0.25},{""x"":1.6,""y"":-1.2,""z"":-0.25},{""x"":2.06,""y"":-2.5,""z"":-0.25}]"
74,"You are an expert semantic UAV path planner. Return sparse fixed-altitude NED waypoints that minimize path length plus semantic risk while satisfying every hard collision margin.
Mission state: the UAV is holding hover at the start position. Workspace: x=[-3.00,3.00]m, y=[-3.00,3.00]m, z=-0.25 fixed. Start: (-0.36,0.02,-0.25); goal: (1.37,-0.67,-0.25); distance=1.86m. Semantic obstacle boxes: 1 backpack: x=[-2.65,-2.33], y=[-0.93,-0.67]; 2 potted_plant: x=[1.49,2.12], y=[-2.27,-1.84]; 3 unknown: x=[1.78,2.49], y=[1.37,2.15]; 4 backpack: x=[1.67,1.99], y=[-2.08,-1.88]. Semantic policy: backpack: hard margin=0.45m, soft radius=0.65m, risk weight=3.0; potted_plant: hard margin=0.45m, soft radius=0.70m, risk weight=3.0; unknown: hard margin=0.60m, soft radius=1.00m, risk weight=6.0.
Constraints:
- first waypoint exactly equals start and final waypoint exactly equals goal
- return between 2 and 8 waypoints, all inside the workspace at the fixed z
- never enter a hard-margin region; prefer lower accumulated soft semantic risk
- return only the structured output requested by the response model","{""reasoning"":""Semantic Theta* selected a hard-safe any-angle route minimizing distance and label-conditioned risk."",""waypoints"":[{""x"":-0.36,""y"":0.02,""z"":-0.25},{""x"":1.37,""y"":-0.67,""z"":-0.25}]}","[{""role"":""user"",""content"":""You are an expert semantic UAV path planner. Return sparse fixed-altitude NED waypoints that minimize path length plus semantic risk while satisfying every hard collision margin.\nMission state: the UAV is holding hover at the start position. Workspace: x=[-3.00,3.00]m, y=[-3.00,3.00]m, z=-0.25 fixed. Start: (-0.36,0.02,-0.25); goal: (1.37,-0.67,-0.25); distance=1.86m. Semantic obstacle boxes: 1 backpack: x=[-2.65,-2.33], y=[-0.93,-0.67]; 2 potted_plant: x=[1.49,2.12], y=[-2.27,-1.84]; 3 unknown: x=[1.78,2.49], y=[1.37,2.15]; 4 backpack: x=[1.67,1.99], y=[-2.08,-1.88]. Semantic policy: backpack: hard margin=0.45m, soft radius=0.65m, risk weight=3.0; potted_plant: hard margin=0.45m, soft radius=0.70m, risk weight=3.0; unknown: hard margin=0.60m, soft radius=1.00m, risk weight=6.0.\nConstraints:\n- first waypoint exactly equals start and final waypoint exactly equals goal\n- return between 2 and 8 waypoints, all inside the workspace at the fixed z\n- never enter a hard-margin region; prefer lower accumulated soft semantic risk\n- return only the structured output requested by the response model""},{""role"":""assistant"",""content"":""{\""reasoning\"":\""Semantic Theta* selected a hard-safe any-angle route minimizing distance and label-conditioned risk.\"",\""waypoints\"":[{\""x\"":-0.36,\""y\"":0.02,\""z\"":-0.25},{\""x\"":1.37,\""y\"":-0.67,\""z\"":-0.25}]}""}]","Mission state: the UAV is holding hover at the start position. Workspace: x=[-3.00,3.00]m, y=[-3.00,3.00]m, z=-0.25 fixed. Start: (-0.36,0.02,-0.25); goal: (1.37,-0.67,-0.25); distance=1.86m. Semantic obstacle boxes: 1 backpack: x=[-2.65,-2.33], y=[-0.93,-0.67]; 2 potted_plant: x=[1.49,2.12], y=[-2.27,-1.84]; 3 unknown: x=[1.78,2.49], y=[1.37,2.15]; 4 backpack: x=[1.67,1.99], y=[-2.08,-1.88]. Semantic policy: backpack: hard margin=0.45m, soft radius=0.65m, risk weight=3.0; potted_plant: hard margin=0.45m, soft radius=0.70m, risk weight=3.0; unknown: hard margin=0.60m, soft radius=1.00m, risk weight=6.0.","{""x"":-0.36,""y"":0.02,""z"":-0.25}","{""x"":1.37,""y"":-0.67,""z"":-0.25}","{""x"":[-3.0,3.0],""y"":[-3.0,3.0],""z"":-0.25}","[{""id"":""semantic-1"",""label"":""backpack"",""shape"":""box"",""min_corner"":[-2.65,-0.93,-0.53],""max_corner"":[-2.33,-0.67,0.03],""size"":[0.32,0.26,0.55]},{""id"":""semantic-2"",""label"":""potted_plant"",""shape"":""box"",""min_corner"":[1.49,-2.27,-0.7],""max_corner"":[2.12,-1.84,0.2],""size"":[0.63,0.43,0.9]},{""id"":""semantic-3"",""label"":""unknown"",""shape"":""box"",""min_corner"":[1.78,1.37,-0.75],""max_corner"":[2.49,2.15,0.25],""size"":[0.71,0.78,1.0]},{""id"":""semantic-4"",""label"":""backpack"",""shape"":""box"",""min_corner"":[1.67,-2.08,-0.53],""max_corner"":[1.99,-1.88,0.03],""size"":[0.31,0.2,0.55]}]","{""person"":{""hard_margin_m"":0.65,""soft_radius_m"":1.2,""risk_weight"":8.0},""chair"":{""hard_margin_m"":0.4,""soft_radius_m"":0.55,""risk_weight"":2.0},""backpack"":{""hard_margin_m"":0.45,""soft_radius_m"":0.65,""risk_weight"":3.0},""bottle"":{""hard_margin_m"":0.4,""soft_radius_m"":0.45,""risk_weight"":2.0},""potted_plant"":{""hard_margin_m"":0.45,""soft_radius_m"":0.7,""risk_weight"":3.0},""bench"":{""hard_margin_m"":0.45,""soft_radius_m"":0.7,""risk_weight"":3.0},""stop_sign"":{""hard_margin_m"":0.5,""soft_radius_m"":0.85,""risk_weight"":5.0},""unknown"":{""hard_margin_m"":0.6,""soft_radius_m"":1.0,""risk_weight"":6.0},""default"":{""hard_margin_m"":0.45,""soft_radius_m"":0.7,""risk_weight"":3.0}}",1.862525,"[{""x"":-0.36,""y"":0.02,""z"":-0.25},{""x"":1.37,""y"":-0.67,""z"":-0.25}]"
75,"You are an expert semantic UAV path planner. Return sparse fixed-altitude NED waypoints that minimize path length plus semantic risk while satisfying every hard collision margin.
Mission state: the UAV is holding hover at the start position. Workspace: x=[-3.00,3.00]m, y=[-3.00,3.00]m, z=-0.25 fixed. Start: (-1.07,1.70,-0.25); goal: (-1.59,0.09,-0.25); distance=1.69m. Semantic obstacle boxes: 1 chair: x=[-0.16,0.36], y=[-2.81,-2.19]; 2 bench: x=[0.39,1.24], y=[-0.21,0.17]. Semantic policy: bench: hard margin=0.45m, soft radius=0.70m, risk weight=3.0; chair: hard margin=0.40m, soft radius=0.55m, risk weight=2.0.
Constraints:
- first waypoint exactly equals start and final waypoint exactly equals goal
- return between 2 and 8 waypoints, all inside the workspace at the fixed z
- never enter a hard-margin region; prefer lower accumulated soft semantic risk
- return only the structured output requested by the response model","{""reasoning"":""Semantic Theta* selected a hard-safe any-angle route minimizing distance and label-conditioned risk."",""waypoints"":[{""x"":-1.07,""y"":1.7,""z"":-0.25},{""x"":-1.59,""y"":0.09,""z"":-0.25}]}","[{""role"":""user"",""content"":""You are an expert semantic UAV path planner. Return sparse fixed-altitude NED waypoints that minimize path length plus semantic risk while satisfying every hard collision margin.\nMission state: the UAV is holding hover at the start position. Workspace: x=[-3.00,3.00]m, y=[-3.00,3.00]m, z=-0.25 fixed. Start: (-1.07,1.70,-0.25); goal: (-1.59,0.09,-0.25); distance=1.69m. Semantic obstacle boxes: 1 chair: x=[-0.16,0.36], y=[-2.81,-2.19]; 2 bench: x=[0.39,1.24], y=[-0.21,0.17]. Semantic policy: bench: hard margin=0.45m, soft radius=0.70m, risk weight=3.0; chair: hard margin=0.40m, soft radius=0.55m, risk weight=2.0.\nConstraints:\n- first waypoint exactly equals start and final waypoint exactly equals goal\n- return between 2 and 8 waypoints, all inside the workspace at the fixed z\n- never enter a hard-margin region; prefer lower accumulated soft semantic risk\n- return only the structured output requested by the response model""},{""role"":""assistant"",""content"":""{\""reasoning\"":\""Semantic Theta* selected a hard-safe any-angle route minimizing distance and label-conditioned risk.\"",\""waypoints\"":[{\""x\"":-1.07,\""y\"":1.7,\""z\"":-0.25},{\""x\"":-1.59,\""y\"":0.09,\""z\"":-0.25}]}""}]","Mission state: the UAV is holding hover at the start position. Workspace: x=[-3.00,3.00]m, y=[-3.00,3.00]m, z=-0.25 fixed. Start: (-1.07,1.70,-0.25); goal: (-1.59,0.09,-0.25); distance=1.69m. Semantic obstacle boxes: 1 chair: x=[-0.16,0.36], y=[-2.81,-2.19]; 2 bench: x=[0.39,1.24], y=[-0.21,0.17]. Semantic policy: bench: hard margin=0.45m, soft radius=0.70m, risk weight=3.0; chair: hard margin=0.40m, soft radius=0.55m, risk weight=2.0.","{""x"":-1.07,""y"":1.7,""z"":-0.25}","{""x"":-1.59,""y"":0.09,""z"":-0.25}","{""x"":[-3.0,3.0],""y"":[-3.0,3.0],""z"":-0.25}","[{""id"":""semantic-1"",""label"":""chair"",""shape"":""box"",""min_corner"":[-0.16,-2.81,-0.7],""max_corner"":[0.36,-2.19,0.2],""size"":[0.52,0.62,0.9]},{""id"":""semantic-2"",""label"":""bench"",""shape"":""box"",""min_corner"":[0.39,-0.21,-0.6],""max_corner"":[1.24,0.17,0.1],""size"":[0.85,0.38,0.7]}]","{""person"":{""hard_margin_m"":0.65,""soft_radius_m"":1.2,""risk_weight"":8.0},""chair"":{""hard_margin_m"":0.4,""soft_radius_m"":0.55,""risk_weight"":2.0},""backpack"":{""hard_margin_m"":0.45,""soft_radius_m"":0.65,""risk_weight"":3.0},""bottle"":{""hard_margin_m"":0.4,""soft_radius_m"":0.45,""risk_weight"":2.0},""potted_plant"":{""hard_margin_m"":0.45,""soft_radius_m"":0.7,""risk_weight"":3.0},""bench"":{""hard_margin_m"":0.45,""soft_radius_m"":0.7,""risk_weight"":3.0},""stop_sign"":{""hard_margin_m"":0.5,""soft_radius_m"":0.85,""risk_weight"":5.0},""unknown"":{""hard_margin_m"":0.6,""soft_radius_m"":1.0,""risk_weight"":6.0},""default"":{""hard_margin_m"":0.45,""soft_radius_m"":0.7,""risk_weight"":3.0}}",1.691892,"[{""x"":-1.07,""y"":1.7,""z"":-0.25},{""x"":-1.59,""y"":0.09,""z"":-0.25}]"
76,"You are an expert semantic UAV path planner. Return sparse fixed-altitude NED waypoints that minimize path length plus semantic risk while satisfying every hard collision margin.
Mission state: the UAV is holding hover at the start position. Workspace: x=[-3.00,3.00]m, y=[-3.00,3.00]m, z=-0.25 fixed. Start: (1.40,-0.91,-0.25); goal: (1.95,0.11,-0.25); distance=1.16m. Semantic obstacle boxes: 1 bottle: x=[-1.54,-1.41], y=[-1.43,-1.31]; 2 chair: x=[-0.07,0.43], y=[-1.87,-1.21]; 3 potted_plant: x=[1.89,2.19], y=[-2.95,-2.39]. Semantic policy: bottle: hard margin=0.40m, soft radius=0.45m, risk weight=2.0; chair: hard margin=0.40m, soft radius=0.55m, risk weight=2.0; potted_plant: hard margin=0.45m, soft radius=0.70m, risk weight=3.0.
Constraints:
- first waypoint exactly equals start and final waypoint exactly equals goal
- return between 2 and 8 waypoints, all inside the workspace at the fixed z
- never enter a hard-margin region; prefer lower accumulated soft semantic risk
- return only the structured output requested by the response model","{""reasoning"":""Semantic Theta* selected a hard-safe any-angle route minimizing distance and label-conditioned risk."",""waypoints"":[{""x"":1.4,""y"":-0.91,""z"":-0.25},{""x"":1.95,""y"":0.11,""z"":-0.25}]}","[{""role"":""user"",""content"":""You are an expert semantic UAV path planner. Return sparse fixed-altitude NED waypoints that minimize path length plus semantic risk while satisfying every hard collision margin.\nMission state: the UAV is holding hover at the start position. Workspace: x=[-3.00,3.00]m, y=[-3.00,3.00]m, z=-0.25 fixed. Start: (1.40,-0.91,-0.25); goal: (1.95,0.11,-0.25); distance=1.16m. Semantic obstacle boxes: 1 bottle: x=[-1.54,-1.41], y=[-1.43,-1.31]; 2 chair: x=[-0.07,0.43], y=[-1.87,-1.21]; 3 potted_plant: x=[1.89,2.19], y=[-2.95,-2.39]. Semantic policy: bottle: hard margin=0.40m, soft radius=0.45m, risk weight=2.0; chair: hard margin=0.40m, soft radius=0.55m, risk weight=2.0; potted_plant: hard margin=0.45m, soft radius=0.70m, risk weight=3.0.\nConstraints:\n- first waypoint exactly equals start and final waypoint exactly equals goal\n- return between 2 and 8 waypoints, all inside the workspace at the fixed z\n- never enter a hard-margin region; prefer lower accumulated soft semantic risk\n- return only the structured output requested by the response model""},{""role"":""assistant"",""content"":""{\""reasoning\"":\""Semantic Theta* selected a hard-safe any-angle route minimizing distance and label-conditioned risk.\"",\""waypoints\"":[{\""x\"":1.4,\""y\"":-0.91,\""z\"":-0.25},{\""x\"":1.95,\""y\"":0.11,\""z\"":-0.25}]}""}]","Mission state: the UAV is holding hover at the start position. Workspace: x=[-3.00,3.00]m, y=[-3.00,3.00]m, z=-0.25 fixed. Start: (1.40,-0.91,-0.25); goal: (1.95,0.11,-0.25); distance=1.16m. Semantic obstacle boxes: 1 bottle: x=[-1.54,-1.41], y=[-1.43,-1.31]; 2 chair: x=[-0.07,0.43], y=[-1.87,-1.21]; 3 potted_plant: x=[1.89,2.19], y=[-2.95,-2.39]. Semantic policy: bottle: hard margin=0.40m, soft radius=0.45m, risk weight=2.0; chair: hard margin=0.40m, soft radius=0.55m, risk weight=2.0; potted_plant: hard margin=0.45m, soft radius=0.70m, risk weight=3.0.","{""x"":1.4,""y"":-0.91,""z"":-0.25}","{""x"":1.95,""y"":0.11,""z"":-0.25}","{""x"":[-3.0,3.0],""y"":[-3.0,3.0],""z"":-0.25}","[{""id"":""semantic-1"",""label"":""bottle"",""shape"":""box"",""min_corner"":[-1.54,-1.43,-0.42],""max_corner"":[-1.41,-1.31,-0.08],""size"":[0.13,0.12,0.35]},{""id"":""semantic-2"",""label"":""chair"",""shape"":""box"",""min_corner"":[-0.07,-1.87,-0.7],""max_corner"":[0.43,-1.21,0.2],""size"":[0.5,0.66,0.9]},{""id"":""semantic-3"",""label"":""potted_plant"",""shape"":""box"",""min_corner"":[1.89,-2.95,-0.7],""max_corner"":[2.19,-2.39,0.2],""size"":[0.31,0.56,0.9]}]","{""person"":{""hard_margin_m"":0.65,""soft_radius_m"":1.2,""risk_weight"":8.0},""chair"":{""hard_margin_m"":0.4,""soft_radius_m"":0.55,""risk_weight"":2.0},""backpack"":{""hard_margin_m"":0.45,""soft_radius_m"":0.65,""risk_weight"":3.0},""bottle"":{""hard_margin_m"":0.4,""soft_radius_m"":0.45,""risk_weight"":2.0},""potted_plant"":{""hard_margin_m"":0.45,""soft_radius_m"":0.7,""risk_weight"":3.0},""bench"":{""hard_margin_m"":0.45,""soft_radius_m"":0.7,""risk_weight"":3.0},""stop_sign"":{""hard_margin_m"":0.5,""soft_radius_m"":0.85,""risk_weight"":5.0},""unknown"":{""hard_margin_m"":0.6,""soft_radius_m"":1.0,""risk_weight"":6.0},""default"":{""hard_margin_m"":0.45,""soft_radius_m"":0.7,""risk_weight"":3.0}}",1.158836,"[{""x"":1.4,""y"":-0.91,""z"":-0.25},{""x"":1.95,""y"":0.11,""z"":-0.25}]"
77,"You are an expert semantic UAV path planner. Return sparse fixed-altitude NED waypoints that minimize path length plus semantic risk while satisfying every hard collision margin.
Mission state: the UAV is holding hover at the start position. Workspace: x=[-3.00,3.00]m, y=[-3.00,3.00]m, z=-0.25 fixed. Start: (-1.53,-1.58,-0.25); goal: (0.07,-3.00,-0.25); distance=2.14m. Semantic obstacle boxes: 1 unknown: x=[-2.88,-2.31], y=[1.08,1.59]; 2 potted_plant: x=[0.38,0.76], y=[1.51,1.88]. Semantic policy: potted_plant: hard margin=0.45m, soft radius=0.70m, risk weight=3.0; unknown: hard margin=0.60m, soft radius=1.00m, risk weight=6.0.
Constraints:
- first waypoint exactly equals start and final waypoint exactly equals goal
- return between 2 and 8 waypoints, all inside the workspace at the fixed z
- never enter a hard-margin region; prefer lower accumulated soft semantic risk
- return only the structured output requested by the response model","{""reasoning"":""Semantic Theta* selected a hard-safe any-angle route minimizing distance and label-conditioned risk."",""waypoints"":[{""x"":-1.53,""y"":-1.58,""z"":-0.25},{""x"":0.07,""y"":-3.0,""z"":-0.25}]}","[{""role"":""user"",""content"":""You are an expert semantic UAV path planner. Return sparse fixed-altitude NED waypoints that minimize path length plus semantic risk while satisfying every hard collision margin.\nMission state: the UAV is holding hover at the start position. Workspace: x=[-3.00,3.00]m, y=[-3.00,3.00]m, z=-0.25 fixed. Start: (-1.53,-1.58,-0.25); goal: (0.07,-3.00,-0.25); distance=2.14m. Semantic obstacle boxes: 1 unknown: x=[-2.88,-2.31], y=[1.08,1.59]; 2 potted_plant: x=[0.38,0.76], y=[1.51,1.88]. Semantic policy: potted_plant: hard margin=0.45m, soft radius=0.70m, risk weight=3.0; unknown: hard margin=0.60m, soft radius=1.00m, risk weight=6.0.\nConstraints:\n- first waypoint exactly equals start and final waypoint exactly equals goal\n- return between 2 and 8 waypoints, all inside the workspace at the fixed z\n- never enter a hard-margin region; prefer lower accumulated soft semantic risk\n- return only the structured output requested by the response model""},{""role"":""assistant"",""content"":""{\""reasoning\"":\""Semantic Theta* selected a hard-safe any-angle route minimizing distance and label-conditioned risk.\"",\""waypoints\"":[{\""x\"":-1.53,\""y\"":-1.58,\""z\"":-0.25},{\""x\"":0.07,\""y\"":-3.0,\""z\"":-0.25}]}""}]","Mission state: the UAV is holding hover at the start position. Workspace: x=[-3.00,3.00]m, y=[-3.00,3.00]m, z=-0.25 fixed. Start: (-1.53,-1.58,-0.25); goal: (0.07,-3.00,-0.25); distance=2.14m. Semantic obstacle boxes: 1 unknown: x=[-2.88,-2.31], y=[1.08,1.59]; 2 potted_plant: x=[0.38,0.76], y=[1.51,1.88]. Semantic policy: potted_plant: hard margin=0.45m, soft radius=0.70m, risk weight=3.0; unknown: hard margin=0.60m, soft radius=1.00m, risk weight=6.0.","{""x"":-1.53,""y"":-1.58,""z"":-0.25}","{""x"":0.07,""y"":-3.0,""z"":-0.25}","{""x"":[-3.0,3.0],""y"":[-3.0,3.0],""z"":-0.25}","[{""id"":""semantic-1"",""label"":""unknown"",""shape"":""box"",""min_corner"":[-2.88,1.08,-0.75],""max_corner"":[-2.31,1.59,0.25],""size"":[0.57,0.51,1.0]},{""id"":""semantic-2"",""label"":""potted_plant"",""shape"":""box"",""min_corner"":[0.38,1.51,-0.7],""max_corner"":[0.76,1.88,0.2],""size"":[0.38,0.37,0.9]}]","{""person"":{""hard_margin_m"":0.65,""soft_radius_m"":1.2,""risk_weight"":8.0},""chair"":{""hard_margin_m"":0.4,""soft_radius_m"":0.55,""risk_weight"":2.0},""backpack"":{""hard_margin_m"":0.45,""soft_radius_m"":0.65,""risk_weight"":3.0},""bottle"":{""hard_margin_m"":0.4,""soft_radius_m"":0.45,""risk_weight"":2.0},""potted_plant"":{""hard_margin_m"":0.45,""soft_radius_m"":0.7,""risk_weight"":3.0},""bench"":{""hard_margin_m"":0.45,""soft_radius_m"":0.7,""risk_weight"":3.0},""stop_sign"":{""hard_margin_m"":0.5,""soft_radius_m"":0.85,""risk_weight"":5.0},""unknown"":{""hard_margin_m"":0.6,""soft_radius_m"":1.0,""risk_weight"":6.0},""default"":{""hard_margin_m"":0.45,""soft_radius_m"":0.7,""risk_weight"":3.0}}",2.139252,"[{""x"":-1.53,""y"":-1.58,""z"":-0.25},{""x"":0.07,""y"":-3.0,""z"":-0.25}]"
78,"You are an expert semantic UAV path planner. Return sparse fixed-altitude NED waypoints that minimize path length plus semantic risk while satisfying every hard collision margin.
Mission state: the UAV is holding hover at the start position. Workspace: x=[-3.00,3.00]m, y=[-3.00,3.00]m, z=-0.25 fixed. Start: (0.63,1.66,-0.25); goal: (0.86,-0.16,-0.25); distance=1.83m. Semantic obstacle boxes: 1 person: x=[0.80,1.32], y=[-2.40,-1.94]. Semantic policy: person: hard margin=0.65m, soft radius=1.20m, risk weight=8.0.
Constraints:
- first waypoint exactly equals start and final waypoint exactly equals goal
- return between 2 and 8 waypoints, all inside the workspace at the fixed z
- never enter a hard-margin region; prefer lower accumulated soft semantic risk
- return only the structured output requested by the response model","{""reasoning"":""Semantic Theta* selected a hard-safe any-angle route minimizing distance and label-conditioned risk."",""waypoints"":[{""x"":0.63,""y"":1.66,""z"":-0.25},{""x"":0.86,""y"":-0.16,""z"":-0.25}]}","[{""role"":""user"",""content"":""You are an expert semantic UAV path planner. Return sparse fixed-altitude NED waypoints that minimize path length plus semantic risk while satisfying every hard collision margin.\nMission state: the UAV is holding hover at the start position. Workspace: x=[-3.00,3.00]m, y=[-3.00,3.00]m, z=-0.25 fixed. Start: (0.63,1.66,-0.25); goal: (0.86,-0.16,-0.25); distance=1.83m. Semantic obstacle boxes: 1 person: x=[0.80,1.32], y=[-2.40,-1.94]. Semantic policy: person: hard margin=0.65m, soft radius=1.20m, risk weight=8.0.\nConstraints:\n- first waypoint exactly equals start and final waypoint exactly equals goal\n- return between 2 and 8 waypoints, all inside the workspace at the fixed z\n- never enter a hard-margin region; prefer lower accumulated soft semantic risk\n- return only the structured output requested by the response model""},{""role"":""assistant"",""content"":""{\""reasoning\"":\""Semantic Theta* selected a hard-safe any-angle route minimizing distance and label-conditioned risk.\"",\""waypoints\"":[{\""x\"":0.63,\""y\"":1.66,\""z\"":-0.25},{\""x\"":0.86,\""y\"":-0.16,\""z\"":-0.25}]}""}]","Mission state: the UAV is holding hover at the start position. Workspace: x=[-3.00,3.00]m, y=[-3.00,3.00]m, z=-0.25 fixed. Start: (0.63,1.66,-0.25); goal: (0.86,-0.16,-0.25); distance=1.83m. Semantic obstacle boxes: 1 person: x=[0.80,1.32], y=[-2.40,-1.94]. Semantic policy: person: hard margin=0.65m, soft radius=1.20m, risk weight=8.0.","{""x"":0.63,""y"":1.66,""z"":-0.25}","{""x"":0.86,""y"":-0.16,""z"":-0.25}","{""x"":[-3.0,3.0],""y"":[-3.0,3.0],""z"":-0.25}","[{""id"":""semantic-1"",""label"":""person"",""shape"":""box"",""min_corner"":[0.8,-2.4,-1.1],""max_corner"":[1.32,-1.94,0.6],""size"":[0.52,0.46,1.7]}]","{""person"":{""hard_margin_m"":0.65,""soft_radius_m"":1.2,""risk_weight"":8.0},""chair"":{""hard_margin_m"":0.4,""soft_radius_m"":0.55,""risk_weight"":2.0},""backpack"":{""hard_margin_m"":0.45,""soft_radius_m"":0.65,""risk_weight"":3.0},""bottle"":{""hard_margin_m"":0.4,""soft_radius_m"":0.45,""risk_weight"":2.0},""potted_plant"":{""hard_margin_m"":0.45,""soft_radius_m"":0.7,""risk_weight"":3.0},""bench"":{""hard_margin_m"":0.45,""soft_radius_m"":0.7,""risk_weight"":3.0},""stop_sign"":{""hard_margin_m"":0.5,""soft_radius_m"":0.85,""risk_weight"":5.0},""unknown"":{""hard_margin_m"":0.6,""soft_radius_m"":1.0,""risk_weight"":6.0},""default"":{""hard_margin_m"":0.45,""soft_radius_m"":0.7,""risk_weight"":3.0}}",1.834475,"[{""x"":0.63,""y"":1.66,""z"":-0.25},{""x"":0.86,""y"":-0.16,""z"":-0.25}]"
79,"You are an expert semantic UAV path planner. Return sparse fixed-altitude NED waypoints that minimize path length plus semantic risk while satisfying every hard collision margin.
Mission state: the UAV is holding hover at the start position. Workspace: x=[-3.00,3.00]m, y=[-3.00,3.00]m, z=-0.25 fixed. Start: (2.96,-1.13,-0.25); goal: (-1.48,2.55,-0.25); distance=5.77m. Semantic obstacle boxes: 1 stop_sign: x=[0.80,1.08], y=[0.53,0.86]; 2 stop_sign: x=[0.95,1.30], y=[-1.95,-1.66]; 3 chair: x=[0.35,0.99], y=[0.26,0.78]; 4 person: x=[-0.05,0.35], y=[0.70,1.22]. Semantic policy: chair: hard margin=0.40m, soft radius=0.55m, risk weight=2.0; person: hard margin=0.65m, soft radius=1.20m, risk weight=8.0; stop_sign: hard margin=0.50m, soft radius=0.85m, risk weight=5.0.
Constraints:
- first waypoint exactly equals start and final waypoint exactly equals goal
- return between 2 and 8 waypoints, all inside the workspace at the fixed z
- never enter a hard-margin region; prefer lower accumulated soft semantic risk
- return only the structured output requested by the response model","{""reasoning"":""Semantic Theta* selected a hard-safe any-angle route minimizing distance and label-conditioned risk."",""waypoints"":[{""x"":2.96,""y"":-1.13,""z"":-0.25},{""x"":1.4,""y"":1.8,""z"":-0.25},{""x"":0.4,""y"":2.2,""z"":-0.25},{""x"":-1.48,""y"":2.55,""z"":-0.25}]}","[{""role"":""user"",""content"":""You are an expert semantic UAV path planner. Return sparse fixed-altitude NED waypoints that minimize path length plus semantic risk while satisfying every hard collision margin.\nMission state: the UAV is holding hover at the start position. Workspace: x=[-3.00,3.00]m, y=[-3.00,3.00]m, z=-0.25 fixed. Start: (2.96,-1.13,-0.25); goal: (-1.48,2.55,-0.25); distance=5.77m. Semantic obstacle boxes: 1 stop_sign: x=[0.80,1.08], y=[0.53,0.86]; 2 stop_sign: x=[0.95,1.30], y=[-1.95,-1.66]; 3 chair: x=[0.35,0.99], y=[0.26,0.78]; 4 person: x=[-0.05,0.35], y=[0.70,1.22]. Semantic policy: chair: hard margin=0.40m, soft radius=0.55m, risk weight=2.0; person: hard margin=0.65m, soft radius=1.20m, risk weight=8.0; stop_sign: hard margin=0.50m, soft radius=0.85m, risk weight=5.0.\nConstraints:\n- first waypoint exactly equals start and final waypoint exactly equals goal\n- return between 2 and 8 waypoints, all inside the workspace at the fixed z\n- never enter a hard-margin region; prefer lower accumulated soft semantic risk\n- return only the structured output requested by the response model""},{""role"":""assistant"",""content"":""{\""reasoning\"":\""Semantic Theta* selected a hard-safe any-angle route minimizing distance and label-conditioned risk.\"",\""waypoints\"":[{\""x\"":2.96,\""y\"":-1.13,\""z\"":-0.25},{\""x\"":1.4,\""y\"":1.8,\""z\"":-0.25},{\""x\"":0.4,\""y\"":2.2,\""z\"":-0.25},{\""x\"":-1.48,\""y\"":2.55,\""z\"":-0.25}]}""}]","Mission state: the UAV is holding hover at the start position. Workspace: x=[-3.00,3.00]m, y=[-3.00,3.00]m, z=-0.25 fixed. Start: (2.96,-1.13,-0.25); goal: (-1.48,2.55,-0.25); distance=5.77m. Semantic obstacle boxes: 1 stop_sign: x=[0.80,1.08], y=[0.53,0.86]; 2 stop_sign: x=[0.95,1.30], y=[-1.95,-1.66]; 3 chair: x=[0.35,0.99], y=[0.26,0.78]; 4 person: x=[-0.05,0.35], y=[0.70,1.22]. Semantic policy: chair: hard margin=0.40m, soft radius=0.55m, risk weight=2.0; person: hard margin=0.65m, soft radius=1.20m, risk weight=8.0; stop_sign: hard margin=0.50m, soft radius=0.85m, risk weight=5.0.","{""x"":2.96,""y"":-1.13,""z"":-0.25}","{""x"":-1.48,""y"":2.55,""z"":-0.25}","{""x"":[-3.0,3.0],""y"":[-3.0,3.0],""z"":-0.25}","[{""id"":""semantic-1"",""label"":""stop_sign"",""shape"":""box"",""min_corner"":[0.8,0.53,-1.0],""max_corner"":[1.08,0.86,0.5],""size"":[0.28,0.33,1.5]},{""id"":""semantic-2"",""label"":""stop_sign"",""shape"":""box"",""min_corner"":[0.95,-1.95,-1.0],""max_corner"":[1.3,-1.66,0.5],""size"":[0.35,0.28,1.5]},{""id"":""semantic-3"",""label"":""chair"",""shape"":""box"",""min_corner"":[0.35,0.26,-0.7],""max_corner"":[0.99,0.78,0.2],""size"":[0.64,0.53,0.9]},{""id"":""semantic-4"",""label"":""person"",""shape"":""box"",""min_corner"":[-0.05,0.7,-1.1],""max_corner"":[0.35,1.22,0.6],""size"":[0.4,0.52,1.7]}]","{""person"":{""hard_margin_m"":0.65,""soft_radius_m"":1.2,""risk_weight"":8.0},""chair"":{""hard_margin_m"":0.4,""soft_radius_m"":0.55,""risk_weight"":2.0},""backpack"":{""hard_margin_m"":0.45,""soft_radius_m"":0.65,""risk_weight"":3.0},""bottle"":{""hard_margin_m"":0.4,""soft_radius_m"":0.45,""risk_weight"":2.0},""potted_plant"":{""hard_margin_m"":0.45,""soft_radius_m"":0.7,""risk_weight"":3.0},""bench"":{""hard_margin_m"":0.45,""soft_radius_m"":0.7,""risk_weight"":3.0},""stop_sign"":{""hard_margin_m"":0.5,""soft_radius_m"":0.85,""risk_weight"":5.0},""unknown"":{""hard_margin_m"":0.6,""soft_radius_m"":1.0,""risk_weight"":6.0},""default"":{""hard_margin_m"":0.45,""soft_radius_m"":0.7,""risk_weight"":3.0}}",6.732507,"[{""x"":2.96,""y"":-1.13,""z"":-0.25},{""x"":1.4,""y"":1.8,""z"":-0.25},{""x"":0.4,""y"":2.2,""z"":-0.25},{""x"":-1.48,""y"":2.55,""z"":-0.25}]"
80,"You are an expert semantic UAV path planner. Return sparse fixed-altitude NED waypoints that minimize path length plus semantic risk while satisfying every hard collision margin.
Mission state: the UAV is holding hover at the start position. Workspace: x=[-3.00,3.00]m, y=[-3.00,3.00]m, z=-0.25 fixed. Start: (0.47,-1.97,-0.25); goal: (-1.50,-1.94,-0.25); distance=1.97m. Semantic obstacle boxes: none. Semantic policy: No semantic risk fields are active.
Constraints:
- first waypoint exactly equals start and final waypoint exactly equals goal
- return between 2 and 8 waypoints, all inside the workspace at the fixed z
- never enter a hard-margin region; prefer lower accumulated soft semantic risk
- return only the structured output requested by the response model","{""reasoning"":""Semantic Theta* selected a hard-safe any-angle route minimizing distance and label-conditioned risk."",""waypoints"":[{""x"":0.47,""y"":-1.97,""z"":-0.25},{""x"":-1.5,""y"":-1.94,""z"":-0.25}]}","[{""role"":""user"",""content"":""You are an expert semantic UAV path planner. Return sparse fixed-altitude NED waypoints that minimize path length plus semantic risk while satisfying every hard collision margin.\nMission state: the UAV is holding hover at the start position. Workspace: x=[-3.00,3.00]m, y=[-3.00,3.00]m, z=-0.25 fixed. Start: (0.47,-1.97,-0.25); goal: (-1.50,-1.94,-0.25); distance=1.97m. Semantic obstacle boxes: none. Semantic policy: No semantic risk fields are active.\nConstraints:\n- first waypoint exactly equals start and final waypoint exactly equals goal\n- return between 2 and 8 waypoints, all inside the workspace at the fixed z\n- never enter a hard-margin region; prefer lower accumulated soft semantic risk\n- return only the structured output requested by the response model""},{""role"":""assistant"",""content"":""{\""reasoning\"":\""Semantic Theta* selected a hard-safe any-angle route minimizing distance and label-conditioned risk.\"",\""waypoints\"":[{\""x\"":0.47,\""y\"":-1.97,\""z\"":-0.25},{\""x\"":-1.5,\""y\"":-1.94,\""z\"":-0.25}]}""}]","Mission state: the UAV is holding hover at the start position. Workspace: x=[-3.00,3.00]m, y=[-3.00,3.00]m, z=-0.25 fixed. Start: (0.47,-1.97,-0.25); goal: (-1.50,-1.94,-0.25); distance=1.97m. Semantic obstacle boxes: none. Semantic policy: No semantic risk fields are active.","{""x"":0.47,""y"":-1.97,""z"":-0.25}","{""x"":-1.5,""y"":-1.94,""z"":-0.25}","{""x"":[-3.0,3.0],""y"":[-3.0,3.0],""z"":-0.25}",[],"{""person"":{""hard_margin_m"":0.65,""soft_radius_m"":1.2,""risk_weight"":8.0},""chair"":{""hard_margin_m"":0.4,""soft_radius_m"":0.55,""risk_weight"":2.0},""backpack"":{""hard_margin_m"":0.45,""soft_radius_m"":0.65,""risk_weight"":3.0},""bottle"":{""hard_margin_m"":0.4,""soft_radius_m"":0.45,""risk_weight"":2.0},""potted_plant"":{""hard_margin_m"":0.45,""soft_radius_m"":0.7,""risk_weight"":3.0},""bench"":{""hard_margin_m"":0.45,""soft_radius_m"":0.7,""risk_weight"":3.0},""stop_sign"":{""hard_margin_m"":0.5,""soft_radius_m"":0.85,""risk_weight"":5.0},""unknown"":{""hard_margin_m"":0.6,""soft_radius_m"":1.0,""risk_weight"":6.0},""default"":{""hard_margin_m"":0.45,""soft_radius_m"":0.7,""risk_weight"":3.0}}",1.970228,"[{""x"":0.47,""y"":-1.97,""z"":-0.25},{""x"":-1.5,""y"":-1.94,""z"":-0.25}]"
81,"You are an expert semantic UAV path planner. Return sparse fixed-altitude NED waypoints that minimize path length plus semantic risk while satisfying every hard collision margin.
Mission state: the UAV is holding hover at the start position. Workspace: x=[-3.00,3.00]m, y=[-3.00,3.00]m, z=-0.25 fixed. Start: (1.93,2.08,-0.25); goal: (0.78,-0.81,-0.25); distance=3.11m. Semantic obstacle boxes: 1 stop_sign: x=[-2.92,-2.57], y=[-2.68,-2.40]; 2 bottle: x=[-0.77,-0.57], y=[2.37,2.50]. Semantic policy: bottle: hard margin=0.40m, soft radius=0.45m, risk weight=2.0; stop_sign: hard margin=0.50m, soft radius=0.85m, risk weight=5.0.
Constraints:
- first waypoint exactly equals start and final waypoint exactly equals goal
- return between 2 and 8 waypoints, all inside the workspace at the fixed z
- never enter a hard-margin region; prefer lower accumulated soft semantic risk
- return only the structured output requested by the response model","{""reasoning"":""Semantic Theta* selected a hard-safe any-angle route minimizing distance and label-conditioned risk."",""waypoints"":[{""x"":1.93,""y"":2.08,""z"":-0.25},{""x"":0.78,""y"":-0.81,""z"":-0.25}]}","[{""role"":""user"",""content"":""You are an expert semantic UAV path planner. Return sparse fixed-altitude NED waypoints that minimize path length plus semantic risk while satisfying every hard collision margin.\nMission state: the UAV is holding hover at the start position. Workspace: x=[-3.00,3.00]m, y=[-3.00,3.00]m, z=-0.25 fixed. Start: (1.93,2.08,-0.25); goal: (0.78,-0.81,-0.25); distance=3.11m. Semantic obstacle boxes: 1 stop_sign: x=[-2.92,-2.57], y=[-2.68,-2.40]; 2 bottle: x=[-0.77,-0.57], y=[2.37,2.50]. Semantic policy: bottle: hard margin=0.40m, soft radius=0.45m, risk weight=2.0; stop_sign: hard margin=0.50m, soft radius=0.85m, risk weight=5.0.\nConstraints:\n- first waypoint exactly equals start and final waypoint exactly equals goal\n- return between 2 and 8 waypoints, all inside the workspace at the fixed z\n- never enter a hard-margin region; prefer lower accumulated soft semantic risk\n- return only the structured output requested by the response model""},{""role"":""assistant"",""content"":""{\""reasoning\"":\""Semantic Theta* selected a hard-safe any-angle route minimizing distance and label-conditioned risk.\"",\""waypoints\"":[{\""x\"":1.93,\""y\"":2.08,\""z\"":-0.25},{\""x\"":0.78,\""y\"":-0.81,\""z\"":-0.25}]}""}]","Mission state: the UAV is holding hover at the start position. Workspace: x=[-3.00,3.00]m, y=[-3.00,3.00]m, z=-0.25 fixed. Start: (1.93,2.08,-0.25); goal: (0.78,-0.81,-0.25); distance=3.11m. Semantic obstacle boxes: 1 stop_sign: x=[-2.92,-2.57], y=[-2.68,-2.40]; 2 bottle: x=[-0.77,-0.57], y=[2.37,2.50]. Semantic policy: bottle: hard margin=0.40m, soft radius=0.45m, risk weight=2.0; stop_sign: hard margin=0.50m, soft radius=0.85m, risk weight=5.0.","{""x"":1.93,""y"":2.08,""z"":-0.25}","{""x"":0.78,""y"":-0.81,""z"":-0.25}","{""x"":[-3.0,3.0],""y"":[-3.0,3.0],""z"":-0.25}","[{""id"":""semantic-1"",""label"":""stop_sign"",""shape"":""box"",""min_corner"":[-2.92,-2.68,-1.0],""max_corner"":[-2.57,-2.4,0.5],""size"":[0.35,0.28,1.5]},{""id"":""semantic-2"",""label"":""bottle"",""shape"":""box"",""min_corner"":[-0.77,2.37,-0.42],""max_corner"":[-0.57,2.5,-0.08],""size"":[0.21,0.13,0.35]}]","{""person"":{""hard_margin_m"":0.65,""soft_radius_m"":1.2,""risk_weight"":8.0},""chair"":{""hard_margin_m"":0.4,""soft_radius_m"":0.55,""risk_weight"":2.0},""backpack"":{""hard_margin_m"":0.45,""soft_radius_m"":0.65,""risk_weight"":3.0},""bottle"":{""hard_margin_m"":0.4,""soft_radius_m"":0.45,""risk_weight"":2.0},""potted_plant"":{""hard_margin_m"":0.45,""soft_radius_m"":0.7,""risk_weight"":3.0},""bench"":{""hard_margin_m"":0.45,""soft_radius_m"":0.7,""risk_weight"":3.0},""stop_sign"":{""hard_margin_m"":0.5,""soft_radius_m"":0.85,""risk_weight"":5.0},""unknown"":{""hard_margin_m"":0.6,""soft_radius_m"":1.0,""risk_weight"":6.0},""default"":{""hard_margin_m"":0.45,""soft_radius_m"":0.7,""risk_weight"":3.0}}",3.110402,"[{""x"":1.93,""y"":2.08,""z"":-0.25},{""x"":0.78,""y"":-0.81,""z"":-0.25}]"
82,"You are an expert semantic UAV path planner. Return sparse fixed-altitude NED waypoints that minimize path length plus semantic risk while satisfying every hard collision margin.
Mission state: the UAV is holding hover at the start position. Workspace: x=[-3.00,3.00]m, y=[-3.00,3.00]m, z=-0.25 fixed. Start: (-0.44,0.21,-0.25); goal: (-2.76,2.93,-0.25); distance=3.58m. Semantic obstacle boxes: 1 backpack: x=[1.05,1.32], y=[1.01,1.38]; 2 backpack: x=[-2.07,-1.74], y=[-0.83,-0.43]; 3 bottle: x=[1.94,2.17], y=[-1.80,-1.56]. Semantic policy: backpack: hard margin=0.45m, soft radius=0.65m, risk weight=3.0; bottle: hard margin=0.40m, soft radius=0.45m, risk weight=2.0.
Constraints:
- first waypoint exactly equals start and final waypoint exactly equals goal
- return between 2 and 8 waypoints, all inside the workspace at the fixed z
- never enter a hard-margin region; prefer lower accumulated soft semantic risk
- return only the structured output requested by the response model","{""reasoning"":""Semantic Theta* selected a hard-safe any-angle route minimizing distance and label-conditioned risk."",""waypoints"":[{""x"":-0.44,""y"":0.21,""z"":-0.25},{""x"":-2.76,""y"":2.93,""z"":-0.25}]}","[{""role"":""user"",""content"":""You are an expert semantic UAV path planner. Return sparse fixed-altitude NED waypoints that minimize path length plus semantic risk while satisfying every hard collision margin.\nMission state: the UAV is holding hover at the start position. Workspace: x=[-3.00,3.00]m, y=[-3.00,3.00]m, z=-0.25 fixed. Start: (-0.44,0.21,-0.25); goal: (-2.76,2.93,-0.25); distance=3.58m. Semantic obstacle boxes: 1 backpack: x=[1.05,1.32], y=[1.01,1.38]; 2 backpack: x=[-2.07,-1.74], y=[-0.83,-0.43]; 3 bottle: x=[1.94,2.17], y=[-1.80,-1.56]. Semantic policy: backpack: hard margin=0.45m, soft radius=0.65m, risk weight=3.0; bottle: hard margin=0.40m, soft radius=0.45m, risk weight=2.0.\nConstraints:\n- first waypoint exactly equals start and final waypoint exactly equals goal\n- return between 2 and 8 waypoints, all inside the workspace at the fixed z\n- never enter a hard-margin region; prefer lower accumulated soft semantic risk\n- return only the structured output requested by the response model""},{""role"":""assistant"",""content"":""{\""reasoning\"":\""Semantic Theta* selected a hard-safe any-angle route minimizing distance and label-conditioned risk.\"",\""waypoints\"":[{\""x\"":-0.44,\""y\"":0.21,\""z\"":-0.25},{\""x\"":-2.76,\""y\"":2.93,\""z\"":-0.25}]}""}]","Mission state: the UAV is holding hover at the start position. Workspace: x=[-3.00,3.00]m, y=[-3.00,3.00]m, z=-0.25 fixed. Start: (-0.44,0.21,-0.25); goal: (-2.76,2.93,-0.25); distance=3.58m. Semantic obstacle boxes: 1 backpack: x=[1.05,1.32], y=[1.01,1.38]; 2 backpack: x=[-2.07,-1.74], y=[-0.83,-0.43]; 3 bottle: x=[1.94,2.17], y=[-1.80,-1.56]. Semantic policy: backpack: hard margin=0.45m, soft radius=0.65m, risk weight=3.0; bottle: hard margin=0.40m, soft radius=0.45m, risk weight=2.0.","{""x"":-0.44,""y"":0.21,""z"":-0.25}","{""x"":-2.76,""y"":2.93,""z"":-0.25}","{""x"":[-3.0,3.0],""y"":[-3.0,3.0],""z"":-0.25}","[{""id"":""semantic-1"",""label"":""backpack"",""shape"":""box"",""min_corner"":[1.05,1.01,-0.53],""max_corner"":[1.32,1.38,0.03],""size"":[0.27,0.37,0.55]},{""id"":""semantic-2"",""label"":""backpack"",""shape"":""box"",""min_corner"":[-2.07,-0.83,-0.53],""max_corner"":[-1.74,-0.43,0.03],""size"":[0.34,0.4,0.55]},{""id"":""semantic-3"",""label"":""bottle"",""shape"":""box"",""min_corner"":[1.94,-1.8,-0.42],""max_corner"":[2.17,-1.56,-0.08],""size"":[0.23,0.24,0.35]}]","{""person"":{""hard_margin_m"":0.65,""soft_radius_m"":1.2,""risk_weight"":8.0},""chair"":{""hard_margin_m"":0.4,""soft_radius_m"":0.55,""risk_weight"":2.0},""backpack"":{""hard_margin_m"":0.45,""soft_radius_m"":0.65,""risk_weight"":3.0},""bottle"":{""hard_margin_m"":0.4,""soft_radius_m"":0.45,""risk_weight"":2.0},""potted_plant"":{""hard_margin_m"":0.45,""soft_radius_m"":0.7,""risk_weight"":3.0},""bench"":{""hard_margin_m"":0.45,""soft_radius_m"":0.7,""risk_weight"":3.0},""stop_sign"":{""hard_margin_m"":0.5,""soft_radius_m"":0.85,""risk_weight"":5.0},""unknown"":{""hard_margin_m"":0.6,""soft_radius_m"":1.0,""risk_weight"":6.0},""default"":{""hard_margin_m"":0.45,""soft_radius_m"":0.7,""risk_weight"":3.0}}",3.575024,"[{""x"":-0.44,""y"":0.21,""z"":-0.25},{""x"":-2.76,""y"":2.93,""z"":-0.25}]"
83,"You are an expert semantic UAV path planner. Return sparse fixed-altitude NED waypoints that minimize path length plus semantic risk while satisfying every hard collision margin.
Mission state: the UAV is holding hover at the start position. Workspace: x=[-3.00,3.00]m, y=[-3.00,3.00]m, z=-0.25 fixed. Start: (1.99,-0.43,-0.25); goal: (1.06,0.28,-0.25); distance=1.17m. Semantic obstacle boxes: 1 backpack: x=[-0.41,-0.15], y=[2.38,2.70]; 2 backpack: x=[-2.28,-2.03], y=[2.12,2.46]. Semantic policy: backpack: hard margin=0.45m, soft radius=0.65m, risk weight=3.0.
Constraints:
- first waypoint exactly equals start and final waypoint exactly equals goal
- return between 2 and 8 waypoints, all inside the workspace at the fixed z
- never enter a hard-margin region; prefer lower accumulated soft semantic risk
- return only the structured output requested by the response model","{""reasoning"":""Semantic Theta* selected a hard-safe any-angle route minimizing distance and label-conditioned risk."",""waypoints"":[{""x"":1.99,""y"":-0.43,""z"":-0.25},{""x"":1.06,""y"":0.28,""z"":-0.25}]}","[{""role"":""user"",""content"":""You are an expert semantic UAV path planner. Return sparse fixed-altitude NED waypoints that minimize path length plus semantic risk while satisfying every hard collision margin.\nMission state: the UAV is holding hover at the start position. Workspace: x=[-3.00,3.00]m, y=[-3.00,3.00]m, z=-0.25 fixed. Start: (1.99,-0.43,-0.25); goal: (1.06,0.28,-0.25); distance=1.17m. Semantic obstacle boxes: 1 backpack: x=[-0.41,-0.15], y=[2.38,2.70]; 2 backpack: x=[-2.28,-2.03], y=[2.12,2.46]. Semantic policy: backpack: hard margin=0.45m, soft radius=0.65m, risk weight=3.0.\nConstraints:\n- first waypoint exactly equals start and final waypoint exactly equals goal\n- return between 2 and 8 waypoints, all inside the workspace at the fixed z\n- never enter a hard-margin region; prefer lower accumulated soft semantic risk\n- return only the structured output requested by the response model""},{""role"":""assistant"",""content"":""{\""reasoning\"":\""Semantic Theta* selected a hard-safe any-angle route minimizing distance and label-conditioned risk.\"",\""waypoints\"":[{\""x\"":1.99,\""y\"":-0.43,\""z\"":-0.25},{\""x\"":1.06,\""y\"":0.28,\""z\"":-0.25}]}""}]","Mission state: the UAV is holding hover at the start position. Workspace: x=[-3.00,3.00]m, y=[-3.00,3.00]m, z=-0.25 fixed. Start: (1.99,-0.43,-0.25); goal: (1.06,0.28,-0.25); distance=1.17m. Semantic obstacle boxes: 1 backpack: x=[-0.41,-0.15], y=[2.38,2.70]; 2 backpack: x=[-2.28,-2.03], y=[2.12,2.46]. Semantic policy: backpack: hard margin=0.45m, soft radius=0.65m, risk weight=3.0.","{""x"":1.99,""y"":-0.43,""z"":-0.25}","{""x"":1.06,""y"":0.28,""z"":-0.25}","{""x"":[-3.0,3.0],""y"":[-3.0,3.0],""z"":-0.25}","[{""id"":""semantic-1"",""label"":""backpack"",""shape"":""box"",""min_corner"":[-0.41,2.38,-0.53],""max_corner"":[-0.15,2.7,0.03],""size"":[0.25,0.32,0.55]},{""id"":""semantic-2"",""label"":""backpack"",""shape"":""box"",""min_corner"":[-2.28,2.12,-0.53],""max_corner"":[-2.03,2.46,0.03],""size"":[0.25,0.34,0.55]}]","{""person"":{""hard_margin_m"":0.65,""soft_radius_m"":1.2,""risk_weight"":8.0},""chair"":{""hard_margin_m"":0.4,""soft_radius_m"":0.55,""risk_weight"":2.0},""backpack"":{""hard_margin_m"":0.45,""soft_radius_m"":0.65,""risk_weight"":3.0},""bottle"":{""hard_margin_m"":0.4,""soft_radius_m"":0.45,""risk_weight"":2.0},""potted_plant"":{""hard_margin_m"":0.45,""soft_radius_m"":0.7,""risk_weight"":3.0},""bench"":{""hard_margin_m"":0.45,""soft_radius_m"":0.7,""risk_weight"":3.0},""stop_sign"":{""hard_margin_m"":0.5,""soft_radius_m"":0.85,""risk_weight"":5.0},""unknown"":{""hard_margin_m"":0.6,""soft_radius_m"":1.0,""risk_weight"":6.0},""default"":{""hard_margin_m"":0.45,""soft_radius_m"":0.7,""risk_weight"":3.0}}",1.170043,"[{""x"":1.99,""y"":-0.43,""z"":-0.25},{""x"":1.06,""y"":0.28,""z"":-0.25}]"
84,"You are an expert semantic UAV path planner. Return sparse fixed-altitude NED waypoints that minimize path length plus semantic risk while satisfying every hard collision margin.
Mission state: the UAV is holding hover at the start position. Workspace: x=[-3.00,3.00]m, y=[-3.00,3.00]m, z=-0.25 fixed. Start: (1.03,-2.74,-0.25); goal: (-2.81,-1.52,-0.25); distance=4.03m. Semantic obstacle boxes: 1 bottle: x=[-2.72,-2.47], y=[-2.68,-2.55]; 2 chair: x=[-1.69,-1.04], y=[-0.56,0.12]; 3 backpack: x=[0.19,0.58], y=[-1.34,-1.03]; 4 bottle: x=[-0.24,-0.09], y=[1.20,1.41]. Semantic policy: backpack: hard margin=0.45m, soft radius=0.65m, risk weight=3.0; bottle: hard margin=0.40m, soft radius=0.45m, risk weight=2.0; chair: hard margin=0.40m, soft radius=0.55m, risk weight=2.0.
Constraints:
- first waypoint exactly equals start and final waypoint exactly equals goal
- return between 2 and 8 waypoints, all inside the workspace at the fixed z
- never enter a hard-margin region; prefer lower accumulated soft semantic risk
- return only the structured output requested by the response model","{""reasoning"":""Semantic Theta* selected a hard-safe any-angle route minimizing distance and label-conditioned risk."",""waypoints"":[{""x"":1.03,""y"":-2.74,""z"":-0.25},{""x"":-2.81,""y"":-1.52,""z"":-0.25}]}","[{""role"":""user"",""content"":""You are an expert semantic UAV path planner. Return sparse fixed-altitude NED waypoints that minimize path length plus semantic risk while satisfying every hard collision margin.\nMission state: the UAV is holding hover at the start position. Workspace: x=[-3.00,3.00]m, y=[-3.00,3.00]m, z=-0.25 fixed. Start: (1.03,-2.74,-0.25); goal: (-2.81,-1.52,-0.25); distance=4.03m. Semantic obstacle boxes: 1 bottle: x=[-2.72,-2.47], y=[-2.68,-2.55]; 2 chair: x=[-1.69,-1.04], y=[-0.56,0.12]; 3 backpack: x=[0.19,0.58], y=[-1.34,-1.03]; 4 bottle: x=[-0.24,-0.09], y=[1.20,1.41]. Semantic policy: backpack: hard margin=0.45m, soft radius=0.65m, risk weight=3.0; bottle: hard margin=0.40m, soft radius=0.45m, risk weight=2.0; chair: hard margin=0.40m, soft radius=0.55m, risk weight=2.0.\nConstraints:\n- first waypoint exactly equals start and final waypoint exactly equals goal\n- return between 2 and 8 waypoints, all inside the workspace at the fixed z\n- never enter a hard-margin region; prefer lower accumulated soft semantic risk\n- return only the structured output requested by the response model""},{""role"":""assistant"",""content"":""{\""reasoning\"":\""Semantic Theta* selected a hard-safe any-angle route minimizing distance and label-conditioned risk.\"",\""waypoints\"":[{\""x\"":1.03,\""y\"":-2.74,\""z\"":-0.25},{\""x\"":-2.81,\""y\"":-1.52,\""z\"":-0.25}]}""}]","Mission state: the UAV is holding hover at the start position. Workspace: x=[-3.00,3.00]m, y=[-3.00,3.00]m, z=-0.25 fixed. Start: (1.03,-2.74,-0.25); goal: (-2.81,-1.52,-0.25); distance=4.03m. Semantic obstacle boxes: 1 bottle: x=[-2.72,-2.47], y=[-2.68,-2.55]; 2 chair: x=[-1.69,-1.04], y=[-0.56,0.12]; 3 backpack: x=[0.19,0.58], y=[-1.34,-1.03]; 4 bottle: x=[-0.24,-0.09], y=[1.20,1.41]. Semantic policy: backpack: hard margin=0.45m, soft radius=0.65m, risk weight=3.0; bottle: hard margin=0.40m, soft radius=0.45m, risk weight=2.0; chair: hard margin=0.40m, soft radius=0.55m, risk weight=2.0.","{""x"":1.03,""y"":-2.74,""z"":-0.25}","{""x"":-2.81,""y"":-1.52,""z"":-0.25}","{""x"":[-3.0,3.0],""y"":[-3.0,3.0],""z"":-0.25}","[{""id"":""semantic-1"",""label"":""bottle"",""shape"":""box"",""min_corner"":[-2.72,-2.68,-0.42],""max_corner"":[-2.47,-2.55,-0.08],""size"":[0.25,0.13,0.35]},{""id"":""semantic-2"",""label"":""chair"",""shape"":""box"",""min_corner"":[-1.69,-0.56,-0.7],""max_corner"":[-1.04,0.12,0.2],""size"":[0.65,0.67,0.9]},{""id"":""semantic-3"",""label"":""backpack"",""shape"":""box"",""min_corner"":[0.19,-1.34,-0.53],""max_corner"":[0.58,-1.03,0.03],""size"":[0.4,0.31,0.55]},{""id"":""semantic-4"",""label"":""bottle"",""shape"":""box"",""min_corner"":[-0.24,1.2,-0.42],""max_corner"":[-0.09,1.41,-0.08],""size"":[0.14,0.21,0.35]}]","{""person"":{""hard_margin_m"":0.65,""soft_radius_m"":1.2,""risk_weight"":8.0},""chair"":{""hard_margin_m"":0.4,""soft_radius_m"":0.55,""risk_weight"":2.0},""backpack"":{""hard_margin_m"":0.45,""soft_radius_m"":0.65,""risk_weight"":3.0},""bottle"":{""hard_margin_m"":0.4,""soft_radius_m"":0.45,""risk_weight"":2.0},""potted_plant"":{""hard_margin_m"":0.45,""soft_radius_m"":0.7,""risk_weight"":3.0},""bench"":{""hard_margin_m"":0.45,""soft_radius_m"":0.7,""risk_weight"":3.0},""stop_sign"":{""hard_margin_m"":0.5,""soft_radius_m"":0.85,""risk_weight"":5.0},""unknown"":{""hard_margin_m"":0.6,""soft_radius_m"":1.0,""risk_weight"":6.0},""default"":{""hard_margin_m"":0.45,""soft_radius_m"":0.7,""risk_weight"":3.0}}",4.029144,"[{""x"":1.03,""y"":-2.74,""z"":-0.25},{""x"":-2.81,""y"":-1.52,""z"":-0.25}]"
85,"You are an expert semantic UAV path planner. Return sparse fixed-altitude NED waypoints that minimize path length plus semantic risk while satisfying every hard collision margin.
Mission state: the UAV is holding hover at the start position. Workspace: x=[-3.00,3.00]m, y=[-3.00,3.00]m, z=-0.25 fixed. Start: (-1.15,-0.00,-0.25); goal: (-2.88,2.33,-0.25); distance=2.90m. Semantic obstacle boxes: 1 chair: x=[0.79,1.44], y=[1.14,1.55]; 2 potted_plant: x=[1.25,1.55], y=[0.90,1.52]; 3 backpack: x=[-0.03,0.32], y=[1.80,2.19]. Semantic policy: backpack: hard margin=0.45m, soft radius=0.65m, risk weight=3.0; chair: hard margin=0.40m, soft radius=0.55m, risk weight=2.0; potted_plant: hard margin=0.45m, soft radius=0.70m, risk weight=3.0.
Constraints:
- first waypoint exactly equals start and final waypoint exactly equals goal
- return between 2 and 8 waypoints, all inside the workspace at the fixed z
- never enter a hard-margin region; prefer lower accumulated soft semantic risk
- return only the structured output requested by the response model","{""reasoning"":""Semantic Theta* selected a hard-safe any-angle route minimizing distance and label-conditioned risk."",""waypoints"":[{""x"":-1.15,""y"":-0.0,""z"":-0.25},{""x"":-2.88,""y"":2.33,""z"":-0.25}]}","[{""role"":""user"",""content"":""You are an expert semantic UAV path planner. Return sparse fixed-altitude NED waypoints that minimize path length plus semantic risk while satisfying every hard collision margin.\nMission state: the UAV is holding hover at the start position. Workspace: x=[-3.00,3.00]m, y=[-3.00,3.00]m, z=-0.25 fixed. Start: (-1.15,-0.00,-0.25); goal: (-2.88,2.33,-0.25); distance=2.90m. Semantic obstacle boxes: 1 chair: x=[0.79,1.44], y=[1.14,1.55]; 2 potted_plant: x=[1.25,1.55], y=[0.90,1.52]; 3 backpack: x=[-0.03,0.32], y=[1.80,2.19]. Semantic policy: backpack: hard margin=0.45m, soft radius=0.65m, risk weight=3.0; chair: hard margin=0.40m, soft radius=0.55m, risk weight=2.0; potted_plant: hard margin=0.45m, soft radius=0.70m, risk weight=3.0.\nConstraints:\n- first waypoint exactly equals start and final waypoint exactly equals goal\n- return between 2 and 8 waypoints, all inside the workspace at the fixed z\n- never enter a hard-margin region; prefer lower accumulated soft semantic risk\n- return only the structured output requested by the response model""},{""role"":""assistant"",""content"":""{\""reasoning\"":\""Semantic Theta* selected a hard-safe any-angle route minimizing distance and label-conditioned risk.\"",\""waypoints\"":[{\""x\"":-1.15,\""y\"":-0.0,\""z\"":-0.25},{\""x\"":-2.88,\""y\"":2.33,\""z\"":-0.25}]}""}]","Mission state: the UAV is holding hover at the start position. Workspace: x=[-3.00,3.00]m, y=[-3.00,3.00]m, z=-0.25 fixed. Start: (-1.15,-0.00,-0.25); goal: (-2.88,2.33,-0.25); distance=2.90m. Semantic obstacle boxes: 1 chair: x=[0.79,1.44], y=[1.14,1.55]; 2 potted_plant: x=[1.25,1.55], y=[0.90,1.52]; 3 backpack: x=[-0.03,0.32], y=[1.80,2.19]. Semantic policy: backpack: hard margin=0.45m, soft radius=0.65m, risk weight=3.0; chair: hard margin=0.40m, soft radius=0.55m, risk weight=2.0; potted_plant: hard margin=0.45m, soft radius=0.70m, risk weight=3.0.","{""x"":-1.15,""y"":-0.0,""z"":-0.25}","{""x"":-2.88,""y"":2.33,""z"":-0.25}","{""x"":[-3.0,3.0],""y"":[-3.0,3.0],""z"":-0.25}","[{""id"":""semantic-1"",""label"":""chair"",""shape"":""box"",""min_corner"":[0.79,1.14,-0.7],""max_corner"":[1.44,1.55,0.2],""size"":[0.65,0.41,0.9]},{""id"":""semantic-2"",""label"":""potted_plant"",""shape"":""box"",""min_corner"":[1.25,0.9,-0.7],""max_corner"":[1.55,1.52,0.2],""size"":[0.3,0.62,0.9]},{""id"":""semantic-3"",""label"":""backpack"",""shape"":""box"",""min_corner"":[-0.03,1.8,-0.53],""max_corner"":[0.32,2.19,0.03],""size"":[0.35,0.39,0.55]}]","{""person"":{""hard_margin_m"":0.65,""soft_radius_m"":1.2,""risk_weight"":8.0},""chair"":{""hard_margin_m"":0.4,""soft_radius_m"":0.55,""risk_weight"":2.0},""backpack"":{""hard_margin_m"":0.45,""soft_radius_m"":0.65,""risk_weight"":3.0},""bottle"":{""hard_margin_m"":0.4,""soft_radius_m"":0.45,""risk_weight"":2.0},""potted_plant"":{""hard_margin_m"":0.45,""soft_radius_m"":0.7,""risk_weight"":3.0},""bench"":{""hard_margin_m"":0.45,""soft_radius_m"":0.7,""risk_weight"":3.0},""stop_sign"":{""hard_margin_m"":0.5,""soft_radius_m"":0.85,""risk_weight"":5.0},""unknown"":{""hard_margin_m"":0.6,""soft_radius_m"":1.0,""risk_weight"":6.0},""default"":{""hard_margin_m"":0.45,""soft_radius_m"":0.7,""risk_weight"":3.0}}",2.902034,"[{""x"":-1.15,""y"":-0.0,""z"":-0.25},{""x"":-2.88,""y"":2.33,""z"":-0.25}]"
86,"You are an expert semantic UAV path planner. Return sparse fixed-altitude NED waypoints that minimize path length plus semantic risk while satisfying every hard collision margin.
Mission state: the UAV is holding hover at the start position. Workspace: x=[-3.00,3.00]m, y=[-3.00,3.00]m, z=-0.25 fixed. Start: (0.52,0.46,-0.25); goal: (0.86,2.03,-0.25); distance=1.61m. Semantic obstacle boxes: 1 stop_sign: x=[-2.62,-2.37], y=[-1.11,-0.79]; 2 stop_sign: x=[-2.72,-2.44], y=[2.62,2.91]; 3 backpack: x=[1.59,1.91], y=[-0.66,-0.36]. Semantic policy: backpack: hard margin=0.45m, soft radius=0.65m, risk weight=3.0; stop_sign: hard margin=0.50m, soft radius=0.85m, risk weight=5.0.
Constraints:
- first waypoint exactly equals start and final waypoint exactly equals goal
- return between 2 and 8 waypoints, all inside the workspace at the fixed z
- never enter a hard-margin region; prefer lower accumulated soft semantic risk
- return only the structured output requested by the response model","{""reasoning"":""Semantic Theta* selected a hard-safe any-angle route minimizing distance and label-conditioned risk."",""waypoints"":[{""x"":0.52,""y"":0.46,""z"":-0.25},{""x"":0.86,""y"":2.03,""z"":-0.25}]}","[{""role"":""user"",""content"":""You are an expert semantic UAV path planner. Return sparse fixed-altitude NED waypoints that minimize path length plus semantic risk while satisfying every hard collision margin.\nMission state: the UAV is holding hover at the start position. Workspace: x=[-3.00,3.00]m, y=[-3.00,3.00]m, z=-0.25 fixed. Start: (0.52,0.46,-0.25); goal: (0.86,2.03,-0.25); distance=1.61m. Semantic obstacle boxes: 1 stop_sign: x=[-2.62,-2.37], y=[-1.11,-0.79]; 2 stop_sign: x=[-2.72,-2.44], y=[2.62,2.91]; 3 backpack: x=[1.59,1.91], y=[-0.66,-0.36]. Semantic policy: backpack: hard margin=0.45m, soft radius=0.65m, risk weight=3.0; stop_sign: hard margin=0.50m, soft radius=0.85m, risk weight=5.0.\nConstraints:\n- first waypoint exactly equals start and final waypoint exactly equals goal\n- return between 2 and 8 waypoints, all inside the workspace at the fixed z\n- never enter a hard-margin region; prefer lower accumulated soft semantic risk\n- return only the structured output requested by the response model""},{""role"":""assistant"",""content"":""{\""reasoning\"":\""Semantic Theta* selected a hard-safe any-angle route minimizing distance and label-conditioned risk.\"",\""waypoints\"":[{\""x\"":0.52,\""y\"":0.46,\""z\"":-0.25},{\""x\"":0.86,\""y\"":2.03,\""z\"":-0.25}]}""}]","Mission state: the UAV is holding hover at the start position. Workspace: x=[-3.00,3.00]m, y=[-3.00,3.00]m, z=-0.25 fixed. Start: (0.52,0.46,-0.25); goal: (0.86,2.03,-0.25); distance=1.61m. Semantic obstacle boxes: 1 stop_sign: x=[-2.62,-2.37], y=[-1.11,-0.79]; 2 stop_sign: x=[-2.72,-2.44], y=[2.62,2.91]; 3 backpack: x=[1.59,1.91], y=[-0.66,-0.36]. Semantic policy: backpack: hard margin=0.45m, soft radius=0.65m, risk weight=3.0; stop_sign: hard margin=0.50m, soft radius=0.85m, risk weight=5.0.","{""x"":0.52,""y"":0.46,""z"":-0.25}","{""x"":0.86,""y"":2.03,""z"":-0.25}","{""x"":[-3.0,3.0],""y"":[-3.0,3.0],""z"":-0.25}","[{""id"":""semantic-1"",""label"":""stop_sign"",""shape"":""box"",""min_corner"":[-2.62,-1.11,-1.0],""max_corner"":[-2.37,-0.79,0.5],""size"":[0.26,0.33,1.5]},{""id"":""semantic-2"",""label"":""stop_sign"",""shape"":""box"",""min_corner"":[-2.72,2.62,-1.0],""max_corner"":[-2.44,2.91,0.5],""size"":[0.28,0.29,1.5]},{""id"":""semantic-3"",""label"":""backpack"",""shape"":""box"",""min_corner"":[1.59,-0.66,-0.53],""max_corner"":[1.91,-0.36,0.03],""size"":[0.32,0.29,0.55]}]","{""person"":{""hard_margin_m"":0.65,""soft_radius_m"":1.2,""risk_weight"":8.0},""chair"":{""hard_margin_m"":0.4,""soft_radius_m"":0.55,""risk_weight"":2.0},""backpack"":{""hard_margin_m"":0.45,""soft_radius_m"":0.65,""risk_weight"":3.0},""bottle"":{""hard_margin_m"":0.4,""soft_radius_m"":0.45,""risk_weight"":2.0},""potted_plant"":{""hard_margin_m"":0.45,""soft_radius_m"":0.7,""risk_weight"":3.0},""bench"":{""hard_margin_m"":0.45,""soft_radius_m"":0.7,""risk_weight"":3.0},""stop_sign"":{""hard_margin_m"":0.5,""soft_radius_m"":0.85,""risk_weight"":5.0},""unknown"":{""hard_margin_m"":0.6,""soft_radius_m"":1.0,""risk_weight"":6.0},""default"":{""hard_margin_m"":0.45,""soft_radius_m"":0.7,""risk_weight"":3.0}}",1.606393,"[{""x"":0.52,""y"":0.46,""z"":-0.25},{""x"":0.86,""y"":2.03,""z"":-0.25}]"
87,"You are an expert semantic UAV path planner. Return sparse fixed-altitude NED waypoints that minimize path length plus semantic risk while satisfying every hard collision margin.
Mission state: the UAV is holding hover at the start position. Workspace: x=[-3.00,3.00]m, y=[-3.00,3.00]m, z=-0.25 fixed. Start: (-0.59,-2.39,-0.25); goal: (1.71,-2.41,-0.25); distance=2.30m. Semantic obstacle boxes: 1 person: x=[-1.59,-1.21], y=[0.70,1.19]; 2 chair: x=[-2.05,-1.36], y=[-2.83,-2.20]; 3 stop_sign: x=[-2.12,-1.83], y=[2.50,2.74]. Semantic policy: chair: hard margin=0.40m, soft radius=0.55m, risk weight=2.0; person: hard margin=0.65m, soft radius=1.20m, risk weight=8.0; stop_sign: hard margin=0.50m, soft radius=0.85m, risk weight=5.0.
Constraints:
- first waypoint exactly equals start and final waypoint exactly equals goal
- return between 2 and 8 waypoints, all inside the workspace at the fixed z
- never enter a hard-margin region; prefer lower accumulated soft semantic risk
- return only the structured output requested by the response model","{""reasoning"":""Semantic Theta* selected a hard-safe any-angle route minimizing distance and label-conditioned risk."",""waypoints"":[{""x"":-0.59,""y"":-2.39,""z"":-0.25},{""x"":1.71,""y"":-2.41,""z"":-0.25}]}","[{""role"":""user"",""content"":""You are an expert semantic UAV path planner. Return sparse fixed-altitude NED waypoints that minimize path length plus semantic risk while satisfying every hard collision margin.\nMission state: the UAV is holding hover at the start position. Workspace: x=[-3.00,3.00]m, y=[-3.00,3.00]m, z=-0.25 fixed. Start: (-0.59,-2.39,-0.25); goal: (1.71,-2.41,-0.25); distance=2.30m. Semantic obstacle boxes: 1 person: x=[-1.59,-1.21], y=[0.70,1.19]; 2 chair: x=[-2.05,-1.36], y=[-2.83,-2.20]; 3 stop_sign: x=[-2.12,-1.83], y=[2.50,2.74]. Semantic policy: chair: hard margin=0.40m, soft radius=0.55m, risk weight=2.0; person: hard margin=0.65m, soft radius=1.20m, risk weight=8.0; stop_sign: hard margin=0.50m, soft radius=0.85m, risk weight=5.0.\nConstraints:\n- first waypoint exactly equals start and final waypoint exactly equals goal\n- return between 2 and 8 waypoints, all inside the workspace at the fixed z\n- never enter a hard-margin region; prefer lower accumulated soft semantic risk\n- return only the structured output requested by the response model""},{""role"":""assistant"",""content"":""{\""reasoning\"":\""Semantic Theta* selected a hard-safe any-angle route minimizing distance and label-conditioned risk.\"",\""waypoints\"":[{\""x\"":-0.59,\""y\"":-2.39,\""z\"":-0.25},{\""x\"":1.71,\""y\"":-2.41,\""z\"":-0.25}]}""}]","Mission state: the UAV is holding hover at the start position. Workspace: x=[-3.00,3.00]m, y=[-3.00,3.00]m, z=-0.25 fixed. Start: (-0.59,-2.39,-0.25); goal: (1.71,-2.41,-0.25); distance=2.30m. Semantic obstacle boxes: 1 person: x=[-1.59,-1.21], y=[0.70,1.19]; 2 chair: x=[-2.05,-1.36], y=[-2.83,-2.20]; 3 stop_sign: x=[-2.12,-1.83], y=[2.50,2.74]. Semantic policy: chair: hard margin=0.40m, soft radius=0.55m, risk weight=2.0; person: hard margin=0.65m, soft radius=1.20m, risk weight=8.0; stop_sign: hard margin=0.50m, soft radius=0.85m, risk weight=5.0.","{""x"":-0.59,""y"":-2.39,""z"":-0.25}","{""x"":1.71,""y"":-2.41,""z"":-0.25}","{""x"":[-3.0,3.0],""y"":[-3.0,3.0],""z"":-0.25}","[{""id"":""semantic-1"",""label"":""person"",""shape"":""box"",""min_corner"":[-1.59,0.7,-1.1],""max_corner"":[-1.21,1.19,0.6],""size"":[0.37,0.48,1.7]},{""id"":""semantic-2"",""label"":""chair"",""shape"":""box"",""min_corner"":[-2.05,-2.83,-0.7],""max_corner"":[-1.36,-2.2,0.2],""size"":[0.69,0.63,0.9]},{""id"":""semantic-3"",""label"":""stop_sign"",""shape"":""box"",""min_corner"":[-2.12,2.5,-1.0],""max_corner"":[-1.83,2.74,0.5],""size"":[0.28,0.24,1.5]}]","{""person"":{""hard_margin_m"":0.65,""soft_radius_m"":1.2,""risk_weight"":8.0},""chair"":{""hard_margin_m"":0.4,""soft_radius_m"":0.55,""risk_weight"":2.0},""backpack"":{""hard_margin_m"":0.45,""soft_radius_m"":0.65,""risk_weight"":3.0},""bottle"":{""hard_margin_m"":0.4,""soft_radius_m"":0.45,""risk_weight"":2.0},""potted_plant"":{""hard_margin_m"":0.45,""soft_radius_m"":0.7,""risk_weight"":3.0},""bench"":{""hard_margin_m"":0.45,""soft_radius_m"":0.7,""risk_weight"":3.0},""stop_sign"":{""hard_margin_m"":0.5,""soft_radius_m"":0.85,""risk_weight"":5.0},""unknown"":{""hard_margin_m"":0.6,""soft_radius_m"":1.0,""risk_weight"":6.0},""default"":{""hard_margin_m"":0.45,""soft_radius_m"":0.7,""risk_weight"":3.0}}",2.300087,"[{""x"":-0.59,""y"":-2.39,""z"":-0.25},{""x"":1.71,""y"":-2.41,""z"":-0.25}]"
88,"You are an expert semantic UAV path planner. Return sparse fixed-altitude NED waypoints that minimize path length plus semantic risk while satisfying every hard collision margin.
Mission state: the UAV is holding hover at the start position. Workspace: x=[-3.00,3.00]m, y=[-3.00,3.00]m, z=-0.25 fixed. Start: (0.33,-0.31,-0.25); goal: (0.33,-1.95,-0.25); distance=1.64m. Semantic obstacle boxes: 1 backpack: x=[-2.81,-2.45], y=[-1.49,-1.12]; 2 potted_plant: x=[2.12,2.68], y=[-2.71,-2.08]. Semantic policy: backpack: hard margin=0.45m, soft radius=0.65m, risk weight=3.0; potted_plant: hard margin=0.45m, soft radius=0.70m, risk weight=3.0.
Constraints:
- first waypoint exactly equals start and final waypoint exactly equals goal
- return between 2 and 8 waypoints, all inside the workspace at the fixed z
- never enter a hard-margin region; prefer lower accumulated soft semantic risk
- return only the structured output requested by the response model","{""reasoning"":""Semantic Theta* selected a hard-safe any-angle route minimizing distance and label-conditioned risk."",""waypoints"":[{""x"":0.33,""y"":-0.31,""z"":-0.25},{""x"":0.33,""y"":-1.95,""z"":-0.25}]}","[{""role"":""user"",""content"":""You are an expert semantic UAV path planner. Return sparse fixed-altitude NED waypoints that minimize path length plus semantic risk while satisfying every hard collision margin.\nMission state: the UAV is holding hover at the start position. Workspace: x=[-3.00,3.00]m, y=[-3.00,3.00]m, z=-0.25 fixed. Start: (0.33,-0.31,-0.25); goal: (0.33,-1.95,-0.25); distance=1.64m. Semantic obstacle boxes: 1 backpack: x=[-2.81,-2.45], y=[-1.49,-1.12]; 2 potted_plant: x=[2.12,2.68], y=[-2.71,-2.08]. Semantic policy: backpack: hard margin=0.45m, soft radius=0.65m, risk weight=3.0; potted_plant: hard margin=0.45m, soft radius=0.70m, risk weight=3.0.\nConstraints:\n- first waypoint exactly equals start and final waypoint exactly equals goal\n- return between 2 and 8 waypoints, all inside the workspace at the fixed z\n- never enter a hard-margin region; prefer lower accumulated soft semantic risk\n- return only the structured output requested by the response model""},{""role"":""assistant"",""content"":""{\""reasoning\"":\""Semantic Theta* selected a hard-safe any-angle route minimizing distance and label-conditioned risk.\"",\""waypoints\"":[{\""x\"":0.33,\""y\"":-0.31,\""z\"":-0.25},{\""x\"":0.33,\""y\"":-1.95,\""z\"":-0.25}]}""}]","Mission state: the UAV is holding hover at the start position. Workspace: x=[-3.00,3.00]m, y=[-3.00,3.00]m, z=-0.25 fixed. Start: (0.33,-0.31,-0.25); goal: (0.33,-1.95,-0.25); distance=1.64m. Semantic obstacle boxes: 1 backpack: x=[-2.81,-2.45], y=[-1.49,-1.12]; 2 potted_plant: x=[2.12,2.68], y=[-2.71,-2.08]. Semantic policy: backpack: hard margin=0.45m, soft radius=0.65m, risk weight=3.0; potted_plant: hard margin=0.45m, soft radius=0.70m, risk weight=3.0.","{""x"":0.33,""y"":-0.31,""z"":-0.25}","{""x"":0.33,""y"":-1.95,""z"":-0.25}","{""x"":[-3.0,3.0],""y"":[-3.0,3.0],""z"":-0.25}","[{""id"":""semantic-1"",""label"":""backpack"",""shape"":""box"",""min_corner"":[-2.81,-1.49,-0.53],""max_corner"":[-2.45,-1.12,0.03],""size"":[0.36,0.37,0.55]},{""id"":""semantic-2"",""label"":""potted_plant"",""shape"":""box"",""min_corner"":[2.12,-2.71,-0.7],""max_corner"":[2.68,-2.08,0.2],""size"":[0.56,0.63,0.9]}]","{""person"":{""hard_margin_m"":0.65,""soft_radius_m"":1.2,""risk_weight"":8.0},""chair"":{""hard_margin_m"":0.4,""soft_radius_m"":0.55,""risk_weight"":2.0},""backpack"":{""hard_margin_m"":0.45,""soft_radius_m"":0.65,""risk_weight"":3.0},""bottle"":{""hard_margin_m"":0.4,""soft_radius_m"":0.45,""risk_weight"":2.0},""potted_plant"":{""hard_margin_m"":0.45,""soft_radius_m"":0.7,""risk_weight"":3.0},""bench"":{""hard_margin_m"":0.45,""soft_radius_m"":0.7,""risk_weight"":3.0},""stop_sign"":{""hard_margin_m"":0.5,""soft_radius_m"":0.85,""risk_weight"":5.0},""unknown"":{""hard_margin_m"":0.6,""soft_radius_m"":1.0,""risk_weight"":6.0},""default"":{""hard_margin_m"":0.45,""soft_radius_m"":0.7,""risk_weight"":3.0}}",1.64,"[{""x"":0.33,""y"":-0.31,""z"":-0.25},{""x"":0.33,""y"":-1.95,""z"":-0.25}]"
89,"You are an expert semantic UAV path planner. Return sparse fixed-altitude NED waypoints that minimize path length plus semantic risk while satisfying every hard collision margin.
Mission state: the UAV is holding hover at the start position. Workspace: x=[-3.00,3.00]m, y=[-3.00,3.00]m, z=-0.25 fixed. Start: (-1.53,-1.35,-0.25); goal: (1.49,-2.37,-0.25); distance=3.19m. Semantic obstacle boxes: 1 potted_plant: x=[0.34,0.81], y=[0.94,1.34]; 2 potted_plant: x=[0.84,1.37], y=[1.01,1.41]; 3 bottle: x=[-1.81,-1.67], y=[-2.52,-2.31]. Semantic policy: bottle: hard margin=0.40m, soft radius=0.45m, risk weight=2.0; potted_plant: hard margin=0.45m, soft radius=0.70m, risk weight=3.0.
Constraints:
- first waypoint exactly equals start and final waypoint exactly equals goal
- return between 2 and 8 waypoints, all inside the workspace at the fixed z
- never enter a hard-margin region; prefer lower accumulated soft semantic risk
- return only the structured output requested by the response model","{""reasoning"":""Semantic Theta* selected a hard-safe any-angle route minimizing distance and label-conditioned risk."",""waypoints"":[{""x"":-1.53,""y"":-1.35,""z"":-0.25},{""x"":1.49,""y"":-2.37,""z"":-0.25}]}","[{""role"":""user"",""content"":""You are an expert semantic UAV path planner. Return sparse fixed-altitude NED waypoints that minimize path length plus semantic risk while satisfying every hard collision margin.\nMission state: the UAV is holding hover at the start position. Workspace: x=[-3.00,3.00]m, y=[-3.00,3.00]m, z=-0.25 fixed. Start: (-1.53,-1.35,-0.25); goal: (1.49,-2.37,-0.25); distance=3.19m. Semantic obstacle boxes: 1 potted_plant: x=[0.34,0.81], y=[0.94,1.34]; 2 potted_plant: x=[0.84,1.37], y=[1.01,1.41]; 3 bottle: x=[-1.81,-1.67], y=[-2.52,-2.31]. Semantic policy: bottle: hard margin=0.40m, soft radius=0.45m, risk weight=2.0; potted_plant: hard margin=0.45m, soft radius=0.70m, risk weight=3.0.\nConstraints:\n- first waypoint exactly equals start and final waypoint exactly equals goal\n- return between 2 and 8 waypoints, all inside the workspace at the fixed z\n- never enter a hard-margin region; prefer lower accumulated soft semantic risk\n- return only the structured output requested by the response model""},{""role"":""assistant"",""content"":""{\""reasoning\"":\""Semantic Theta* selected a hard-safe any-angle route minimizing distance and label-conditioned risk.\"",\""waypoints\"":[{\""x\"":-1.53,\""y\"":-1.35,\""z\"":-0.25},{\""x\"":1.49,\""y\"":-2.37,\""z\"":-0.25}]}""}]","Mission state: the UAV is holding hover at the start position. Workspace: x=[-3.00,3.00]m, y=[-3.00,3.00]m, z=-0.25 fixed. Start: (-1.53,-1.35,-0.25); goal: (1.49,-2.37,-0.25); distance=3.19m. Semantic obstacle boxes: 1 potted_plant: x=[0.34,0.81], y=[0.94,1.34]; 2 potted_plant: x=[0.84,1.37], y=[1.01,1.41]; 3 bottle: x=[-1.81,-1.67], y=[-2.52,-2.31]. Semantic policy: bottle: hard margin=0.40m, soft radius=0.45m, risk weight=2.0; potted_plant: hard margin=0.45m, soft radius=0.70m, risk weight=3.0.","{""x"":-1.53,""y"":-1.35,""z"":-0.25}","{""x"":1.49,""y"":-2.37,""z"":-0.25}","{""x"":[-3.0,3.0],""y"":[-3.0,3.0],""z"":-0.25}","[{""id"":""semantic-1"",""label"":""potted_plant"",""shape"":""box"",""min_corner"":[0.34,0.94,-0.7],""max_corner"":[0.81,1.34,0.2],""size"":[0.47,0.4,0.9]},{""id"":""semantic-2"",""label"":""potted_plant"",""shape"":""box"",""min_corner"":[0.84,1.01,-0.7],""max_corner"":[1.37,1.41,0.2],""size"":[0.53,0.4,0.9]},{""id"":""semantic-3"",""label"":""bottle"",""shape"":""box"",""min_corner"":[-1.81,-2.52,-0.42],""max_corner"":[-1.67,-2.31,-0.08],""size"":[0.14,0.21,0.35]}]","{""person"":{""hard_margin_m"":0.65,""soft_radius_m"":1.2,""risk_weight"":8.0},""chair"":{""hard_margin_m"":0.4,""soft_radius_m"":0.55,""risk_weight"":2.0},""backpack"":{""hard_margin_m"":0.45,""soft_radius_m"":0.65,""risk_weight"":3.0},""bottle"":{""hard_margin_m"":0.4,""soft_radius_m"":0.45,""risk_weight"":2.0},""potted_plant"":{""hard_margin_m"":0.45,""soft_radius_m"":0.7,""risk_weight"":3.0},""bench"":{""hard_margin_m"":0.45,""soft_radius_m"":0.7,""risk_weight"":3.0},""stop_sign"":{""hard_margin_m"":0.5,""soft_radius_m"":0.85,""risk_weight"":5.0},""unknown"":{""hard_margin_m"":0.6,""soft_radius_m"":1.0,""risk_weight"":6.0},""default"":{""hard_margin_m"":0.45,""soft_radius_m"":0.7,""risk_weight"":3.0}}",3.187601,"[{""x"":-1.53,""y"":-1.35,""z"":-0.25},{""x"":1.49,""y"":-2.37,""z"":-0.25}]"
90,"You are an expert semantic UAV path planner. Return sparse fixed-altitude NED waypoints that minimize path length plus semantic risk while satisfying every hard collision margin.
Mission state: the UAV is holding hover at the start position. Workspace: x=[-3.00,3.00]m, y=[-3.00,3.00]m, z=-0.25 fixed. Start: (1.31,-2.88,-0.25); goal: (2.00,2.76,-0.25); distance=5.68m. Semantic obstacle boxes: 1 backpack: x=[-2.98,-2.61], y=[-0.31,0.00]. Semantic policy: backpack: hard margin=0.45m, soft radius=0.65m, risk weight=3.0.
Constraints:
- first waypoint exactly equals start and final waypoint exactly equals goal
- return between 2 and 8 waypoints, all inside the workspace at the fixed z
- never enter a hard-margin region; prefer lower accumulated soft semantic risk
- return only the structured output requested by the response model","{""reasoning"":""Semantic Theta* selected a hard-safe any-angle route minimizing distance and label-conditioned risk."",""waypoints"":[{""x"":1.31,""y"":-2.88,""z"":-0.25},{""x"":2.0,""y"":2.76,""z"":-0.25}]}","[{""role"":""user"",""content"":""You are an expert semantic UAV path planner. Return sparse fixed-altitude NED waypoints that minimize path length plus semantic risk while satisfying every hard collision margin.\nMission state: the UAV is holding hover at the start position. Workspace: x=[-3.00,3.00]m, y=[-3.00,3.00]m, z=-0.25 fixed. Start: (1.31,-2.88,-0.25); goal: (2.00,2.76,-0.25); distance=5.68m. Semantic obstacle boxes: 1 backpack: x=[-2.98,-2.61], y=[-0.31,0.00]. Semantic policy: backpack: hard margin=0.45m, soft radius=0.65m, risk weight=3.0.\nConstraints:\n- first waypoint exactly equals start and final waypoint exactly equals goal\n- return between 2 and 8 waypoints, all inside the workspace at the fixed z\n- never enter a hard-margin region; prefer lower accumulated soft semantic risk\n- return only the structured output requested by the response model""},{""role"":""assistant"",""content"":""{\""reasoning\"":\""Semantic Theta* selected a hard-safe any-angle route minimizing distance and label-conditioned risk.\"",\""waypoints\"":[{\""x\"":1.31,\""y\"":-2.88,\""z\"":-0.25},{\""x\"":2.0,\""y\"":2.76,\""z\"":-0.25}]}""}]","Mission state: the UAV is holding hover at the start position. Workspace: x=[-3.00,3.00]m, y=[-3.00,3.00]m, z=-0.25 fixed. Start: (1.31,-2.88,-0.25); goal: (2.00,2.76,-0.25); distance=5.68m. Semantic obstacle boxes: 1 backpack: x=[-2.98,-2.61], y=[-0.31,0.00]. Semantic policy: backpack: hard margin=0.45m, soft radius=0.65m, risk weight=3.0.","{""x"":1.31,""y"":-2.88,""z"":-0.25}","{""x"":2.0,""y"":2.76,""z"":-0.25}","{""x"":[-3.0,3.0],""y"":[-3.0,3.0],""z"":-0.25}","[{""id"":""semantic-1"",""label"":""backpack"",""shape"":""box"",""min_corner"":[-2.98,-0.31,-0.53],""max_corner"":[-2.61,0.0,0.03],""size"":[0.37,0.31,0.55]}]","{""person"":{""hard_margin_m"":0.65,""soft_radius_m"":1.2,""risk_weight"":8.0},""chair"":{""hard_margin_m"":0.4,""soft_radius_m"":0.55,""risk_weight"":2.0},""backpack"":{""hard_margin_m"":0.45,""soft_radius_m"":0.65,""risk_weight"":3.0},""bottle"":{""hard_margin_m"":0.4,""soft_radius_m"":0.45,""risk_weight"":2.0},""potted_plant"":{""hard_margin_m"":0.45,""soft_radius_m"":0.7,""risk_weight"":3.0},""bench"":{""hard_margin_m"":0.45,""soft_radius_m"":0.7,""risk_weight"":3.0},""stop_sign"":{""hard_margin_m"":0.5,""soft_radius_m"":0.85,""risk_weight"":5.0},""unknown"":{""hard_margin_m"":0.6,""soft_radius_m"":1.0,""risk_weight"":6.0},""default"":{""hard_margin_m"":0.45,""soft_radius_m"":0.7,""risk_weight"":3.0}}",5.682051,"[{""x"":1.31,""y"":-2.88,""z"":-0.25},{""x"":2.0,""y"":2.76,""z"":-0.25}]"
91,"You are an expert semantic UAV path planner. Return sparse fixed-altitude NED waypoints that minimize path length plus semantic risk while satisfying every hard collision margin.
Mission state: the UAV is holding hover at the start position. Workspace: x=[-3.00,3.00]m, y=[-3.00,3.00]m, z=-0.25 fixed. Start: (0.30,-2.32,-0.25); goal: (2.39,1.46,-0.25); distance=4.32m. Semantic obstacle boxes: none. Semantic policy: No semantic risk fields are active.
Constraints:
- first waypoint exactly equals start and final waypoint exactly equals goal
- return between 2 and 8 waypoints, all inside the workspace at the fixed z
- never enter a hard-margin region; prefer lower accumulated soft semantic risk
- return only the structured output requested by the response model","{""reasoning"":""Semantic Theta* selected a hard-safe any-angle route minimizing distance and label-conditioned risk."",""waypoints"":[{""x"":0.3,""y"":-2.32,""z"":-0.25},{""x"":2.39,""y"":1.46,""z"":-0.25}]}","[{""role"":""user"",""content"":""You are an expert semantic UAV path planner. Return sparse fixed-altitude NED waypoints that minimize path length plus semantic risk while satisfying every hard collision margin.\nMission state: the UAV is holding hover at the start position. Workspace: x=[-3.00,3.00]m, y=[-3.00,3.00]m, z=-0.25 fixed. Start: (0.30,-2.32,-0.25); goal: (2.39,1.46,-0.25); distance=4.32m. Semantic obstacle boxes: none. Semantic policy: No semantic risk fields are active.\nConstraints:\n- first waypoint exactly equals start and final waypoint exactly equals goal\n- return between 2 and 8 waypoints, all inside the workspace at the fixed z\n- never enter a hard-margin region; prefer lower accumulated soft semantic risk\n- return only the structured output requested by the response model""},{""role"":""assistant"",""content"":""{\""reasoning\"":\""Semantic Theta* selected a hard-safe any-angle route minimizing distance and label-conditioned risk.\"",\""waypoints\"":[{\""x\"":0.3,\""y\"":-2.32,\""z\"":-0.25},{\""x\"":2.39,\""y\"":1.46,\""z\"":-0.25}]}""}]","Mission state: the UAV is holding hover at the start position. Workspace: x=[-3.00,3.00]m, y=[-3.00,3.00]m, z=-0.25 fixed. Start: (0.30,-2.32,-0.25); goal: (2.39,1.46,-0.25); distance=4.32m. Semantic obstacle boxes: none. Semantic policy: No semantic risk fields are active.","{""x"":0.3,""y"":-2.32,""z"":-0.25}","{""x"":2.39,""y"":1.46,""z"":-0.25}","{""x"":[-3.0,3.0],""y"":[-3.0,3.0],""z"":-0.25}",[],"{""person"":{""hard_margin_m"":0.65,""soft_radius_m"":1.2,""risk_weight"":8.0},""chair"":{""hard_margin_m"":0.4,""soft_radius_m"":0.55,""risk_weight"":2.0},""backpack"":{""hard_margin_m"":0.45,""soft_radius_m"":0.65,""risk_weight"":3.0},""bottle"":{""hard_margin_m"":0.4,""soft_radius_m"":0.45,""risk_weight"":2.0},""potted_plant"":{""hard_margin_m"":0.45,""soft_radius_m"":0.7,""risk_weight"":3.0},""bench"":{""hard_margin_m"":0.45,""soft_radius_m"":0.7,""risk_weight"":3.0},""stop_sign"":{""hard_margin_m"":0.5,""soft_radius_m"":0.85,""risk_weight"":5.0},""unknown"":{""hard_margin_m"":0.6,""soft_radius_m"":1.0,""risk_weight"":6.0},""default"":{""hard_margin_m"":0.45,""soft_radius_m"":0.7,""risk_weight"":3.0}}",4.319317,"[{""x"":0.3,""y"":-2.32,""z"":-0.25},{""x"":2.39,""y"":1.46,""z"":-0.25}]"
92,"You are an expert semantic UAV path planner. Return sparse fixed-altitude NED waypoints that minimize path length plus semantic risk while satisfying every hard collision margin.
Mission state: the UAV is holding hover at the start position. Workspace: x=[-3.00,3.00]m, y=[-3.00,3.00]m, z=-0.25 fixed. Start: (1.13,-2.96,-0.25); goal: (0.42,0.73,-0.25); distance=3.76m. Semantic obstacle boxes: 1 backpack: x=[-2.62,-2.37], y=[-1.60,-1.23]; 2 bench: x=[1.68,2.61], y=[1.10,1.42]; 3 person: x=[2.34,2.75], y=[0.10,0.54]. Semantic policy: backpack: hard margin=0.45m, soft radius=0.65m, risk weight=3.0; bench: hard margin=0.45m, soft radius=0.70m, risk weight=3.0; person: hard margin=0.65m, soft radius=1.20m, risk weight=8.0.
Constraints:
- first waypoint exactly equals start and final waypoint exactly equals goal
- return between 2 and 8 waypoints, all inside the workspace at the fixed z
- never enter a hard-margin region; prefer lower accumulated soft semantic risk
- return only the structured output requested by the response model","{""reasoning"":""Semantic Theta* selected a hard-safe any-angle route minimizing distance and label-conditioned risk."",""waypoints"":[{""x"":1.13,""y"":-2.96,""z"":-0.25},{""x"":0.42,""y"":0.73,""z"":-0.25}]}","[{""role"":""user"",""content"":""You are an expert semantic UAV path planner. Return sparse fixed-altitude NED waypoints that minimize path length plus semantic risk while satisfying every hard collision margin.\nMission state: the UAV is holding hover at the start position. Workspace: x=[-3.00,3.00]m, y=[-3.00,3.00]m, z=-0.25 fixed. Start: (1.13,-2.96,-0.25); goal: (0.42,0.73,-0.25); distance=3.76m. Semantic obstacle boxes: 1 backpack: x=[-2.62,-2.37], y=[-1.60,-1.23]; 2 bench: x=[1.68,2.61], y=[1.10,1.42]; 3 person: x=[2.34,2.75], y=[0.10,0.54]. Semantic policy: backpack: hard margin=0.45m, soft radius=0.65m, risk weight=3.0; bench: hard margin=0.45m, soft radius=0.70m, risk weight=3.0; person: hard margin=0.65m, soft radius=1.20m, risk weight=8.0.\nConstraints:\n- first waypoint exactly equals start and final waypoint exactly equals goal\n- return between 2 and 8 waypoints, all inside the workspace at the fixed z\n- never enter a hard-margin region; prefer lower accumulated soft semantic risk\n- return only the structured output requested by the response model""},{""role"":""assistant"",""content"":""{\""reasoning\"":\""Semantic Theta* selected a hard-safe any-angle route minimizing distance and label-conditioned risk.\"",\""waypoints\"":[{\""x\"":1.13,\""y\"":-2.96,\""z\"":-0.25},{\""x\"":0.42,\""y\"":0.73,\""z\"":-0.25}]}""}]","Mission state: the UAV is holding hover at the start position. Workspace: x=[-3.00,3.00]m, y=[-3.00,3.00]m, z=-0.25 fixed. Start: (1.13,-2.96,-0.25); goal: (0.42,0.73,-0.25); distance=3.76m. Semantic obstacle boxes: 1 backpack: x=[-2.62,-2.37], y=[-1.60,-1.23]; 2 bench: x=[1.68,2.61], y=[1.10,1.42]; 3 person: x=[2.34,2.75], y=[0.10,0.54]. Semantic policy: backpack: hard margin=0.45m, soft radius=0.65m, risk weight=3.0; bench: hard margin=0.45m, soft radius=0.70m, risk weight=3.0; person: hard margin=0.65m, soft radius=1.20m, risk weight=8.0.","{""x"":1.13,""y"":-2.96,""z"":-0.25}","{""x"":0.42,""y"":0.73,""z"":-0.25}","{""x"":[-3.0,3.0],""y"":[-3.0,3.0],""z"":-0.25}","[{""id"":""semantic-1"",""label"":""backpack"",""shape"":""box"",""min_corner"":[-2.62,-1.6,-0.53],""max_corner"":[-2.37,-1.23,0.03],""size"":[0.26,0.37,0.55]},{""id"":""semantic-2"",""label"":""bench"",""shape"":""box"",""min_corner"":[1.68,1.1,-0.6],""max_corner"":[2.61,1.42,0.1],""size"":[0.93,0.32,0.7]},{""id"":""semantic-3"",""label"":""person"",""shape"":""box"",""min_corner"":[2.34,0.1,-1.1],""max_corner"":[2.75,0.54,0.6],""size"":[0.41,0.44,1.7]}]","{""person"":{""hard_margin_m"":0.65,""soft_radius_m"":1.2,""risk_weight"":8.0},""chair"":{""hard_margin_m"":0.4,""soft_radius_m"":0.55,""risk_weight"":2.0},""backpack"":{""hard_margin_m"":0.45,""soft_radius_m"":0.65,""risk_weight"":3.0},""bottle"":{""hard_margin_m"":0.4,""soft_radius_m"":0.45,""risk_weight"":2.0},""potted_plant"":{""hard_margin_m"":0.45,""soft_radius_m"":0.7,""risk_weight"":3.0},""bench"":{""hard_margin_m"":0.45,""soft_radius_m"":0.7,""risk_weight"":3.0},""stop_sign"":{""hard_margin_m"":0.5,""soft_radius_m"":0.85,""risk_weight"":5.0},""unknown"":{""hard_margin_m"":0.6,""soft_radius_m"":1.0,""risk_weight"":6.0},""default"":{""hard_margin_m"":0.45,""soft_radius_m"":0.7,""risk_weight"":3.0}}",3.757685,"[{""x"":1.13,""y"":-2.96,""z"":-0.25},{""x"":0.42,""y"":0.73,""z"":-0.25}]"
93,"You are an expert semantic UAV path planner. Return sparse fixed-altitude NED waypoints that minimize path length plus semantic risk while satisfying every hard collision margin.
Mission state: the UAV is holding hover at the start position. Workspace: x=[-3.00,3.00]m, y=[-3.00,3.00]m, z=-0.25 fixed. Start: (-0.67,1.83,-0.25); goal: (-1.89,0.90,-0.25); distance=1.53m. Semantic obstacle boxes: 1 bottle: x=[-0.10,0.03], y=[-1.18,-0.94]. Semantic policy: bottle: hard margin=0.40m, soft radius=0.45m, risk weight=2.0.
Constraints:
- first waypoint exactly equals start and final waypoint exactly equals goal
- return between 2 and 8 waypoints, all inside the workspace at the fixed z
- never enter a hard-margin region; prefer lower accumulated soft semantic risk
- return only the structured output requested by the response model","{""reasoning"":""Semantic Theta* selected a hard-safe any-angle route minimizing distance and label-conditioned risk."",""waypoints"":[{""x"":-0.67,""y"":1.83,""z"":-0.25},{""x"":-1.89,""y"":0.9,""z"":-0.25}]}","[{""role"":""user"",""content"":""You are an expert semantic UAV path planner. Return sparse fixed-altitude NED waypoints that minimize path length plus semantic risk while satisfying every hard collision margin.\nMission state: the UAV is holding hover at the start position. Workspace: x=[-3.00,3.00]m, y=[-3.00,3.00]m, z=-0.25 fixed. Start: (-0.67,1.83,-0.25); goal: (-1.89,0.90,-0.25); distance=1.53m. Semantic obstacle boxes: 1 bottle: x=[-0.10,0.03], y=[-1.18,-0.94]. Semantic policy: bottle: hard margin=0.40m, soft radius=0.45m, risk weight=2.0.\nConstraints:\n- first waypoint exactly equals start and final waypoint exactly equals goal\n- return between 2 and 8 waypoints, all inside the workspace at the fixed z\n- never enter a hard-margin region; prefer lower accumulated soft semantic risk\n- return only the structured output requested by the response model""},{""role"":""assistant"",""content"":""{\""reasoning\"":\""Semantic Theta* selected a hard-safe any-angle route minimizing distance and label-conditioned risk.\"",\""waypoints\"":[{\""x\"":-0.67,\""y\"":1.83,\""z\"":-0.25},{\""x\"":-1.89,\""y\"":0.9,\""z\"":-0.25}]}""}]","Mission state: the UAV is holding hover at the start position. Workspace: x=[-3.00,3.00]m, y=[-3.00,3.00]m, z=-0.25 fixed. Start: (-0.67,1.83,-0.25); goal: (-1.89,0.90,-0.25); distance=1.53m. Semantic obstacle boxes: 1 bottle: x=[-0.10,0.03], y=[-1.18,-0.94]. Semantic policy: bottle: hard margin=0.40m, soft radius=0.45m, risk weight=2.0.","{""x"":-0.67,""y"":1.83,""z"":-0.25}","{""x"":-1.89,""y"":0.9,""z"":-0.25}","{""x"":[-3.0,3.0],""y"":[-3.0,3.0],""z"":-0.25}","[{""id"":""semantic-1"",""label"":""bottle"",""shape"":""box"",""min_corner"":[-0.1,-1.18,-0.42],""max_corner"":[0.03,-0.94,-0.08],""size"":[0.12,0.24,0.35]}]","{""person"":{""hard_margin_m"":0.65,""soft_radius_m"":1.2,""risk_weight"":8.0},""chair"":{""hard_margin_m"":0.4,""soft_radius_m"":0.55,""risk_weight"":2.0},""backpack"":{""hard_margin_m"":0.45,""soft_radius_m"":0.65,""risk_weight"":3.0},""bottle"":{""hard_margin_m"":0.4,""soft_radius_m"":0.45,""risk_weight"":2.0},""potted_plant"":{""hard_margin_m"":0.45,""soft_radius_m"":0.7,""risk_weight"":3.0},""bench"":{""hard_margin_m"":0.45,""soft_radius_m"":0.7,""risk_weight"":3.0},""stop_sign"":{""hard_margin_m"":0.5,""soft_radius_m"":0.85,""risk_weight"":5.0},""unknown"":{""hard_margin_m"":0.6,""soft_radius_m"":1.0,""risk_weight"":6.0},""default"":{""hard_margin_m"":0.45,""soft_radius_m"":0.7,""risk_weight"":3.0}}",1.534047,"[{""x"":-0.67,""y"":1.83,""z"":-0.25},{""x"":-1.89,""y"":0.9,""z"":-0.25}]"
94,"You are an expert semantic UAV path planner. Return sparse fixed-altitude NED waypoints that minimize path length plus semantic risk while satisfying every hard collision margin.
Mission state: the UAV is holding hover at the start position. Workspace: x=[-3.00,3.00]m, y=[-3.00,3.00]m, z=-0.25 fixed. Start: (1.68,0.93,-0.25); goal: (2.45,2.19,-0.25); distance=1.48m. Semantic obstacle boxes: 1 backpack: x=[-2.50,-2.16], y=[1.22,1.43]; 2 potted_plant: x=[1.60,1.92], y=[-2.40,-1.99]. Semantic policy: backpack: hard margin=0.45m, soft radius=0.65m, risk weight=3.0; potted_plant: hard margin=0.45m, soft radius=0.70m, risk weight=3.0.
Constraints:
- first waypoint exactly equals start and final waypoint exactly equals goal
- return between 2 and 8 waypoints, all inside the workspace at the fixed z
- never enter a hard-margin region; prefer lower accumulated soft semantic risk
- return only the structured output requested by the response model","{""reasoning"":""Semantic Theta* selected a hard-safe any-angle route minimizing distance and label-conditioned risk."",""waypoints"":[{""x"":1.68,""y"":0.93,""z"":-0.25},{""x"":2.45,""y"":2.19,""z"":-0.25}]}","[{""role"":""user"",""content"":""You are an expert semantic UAV path planner. Return sparse fixed-altitude NED waypoints that minimize path length plus semantic risk while satisfying every hard collision margin.\nMission state: the UAV is holding hover at the start position. Workspace: x=[-3.00,3.00]m, y=[-3.00,3.00]m, z=-0.25 fixed. Start: (1.68,0.93,-0.25); goal: (2.45,2.19,-0.25); distance=1.48m. Semantic obstacle boxes: 1 backpack: x=[-2.50,-2.16], y=[1.22,1.43]; 2 potted_plant: x=[1.60,1.92], y=[-2.40,-1.99]. Semantic policy: backpack: hard margin=0.45m, soft radius=0.65m, risk weight=3.0; potted_plant: hard margin=0.45m, soft radius=0.70m, risk weight=3.0.\nConstraints:\n- first waypoint exactly equals start and final waypoint exactly equals goal\n- return between 2 and 8 waypoints, all inside the workspace at the fixed z\n- never enter a hard-margin region; prefer lower accumulated soft semantic risk\n- return only the structured output requested by the response model""},{""role"":""assistant"",""content"":""{\""reasoning\"":\""Semantic Theta* selected a hard-safe any-angle route minimizing distance and label-conditioned risk.\"",\""waypoints\"":[{\""x\"":1.68,\""y\"":0.93,\""z\"":-0.25},{\""x\"":2.45,\""y\"":2.19,\""z\"":-0.25}]}""}]","Mission state: the UAV is holding hover at the start position. Workspace: x=[-3.00,3.00]m, y=[-3.00,3.00]m, z=-0.25 fixed. Start: (1.68,0.93,-0.25); goal: (2.45,2.19,-0.25); distance=1.48m. Semantic obstacle boxes: 1 backpack: x=[-2.50,-2.16], y=[1.22,1.43]; 2 potted_plant: x=[1.60,1.92], y=[-2.40,-1.99]. Semantic policy: backpack: hard margin=0.45m, soft radius=0.65m, risk weight=3.0; potted_plant: hard margin=0.45m, soft radius=0.70m, risk weight=3.0.","{""x"":1.68,""y"":0.93,""z"":-0.25}","{""x"":2.45,""y"":2.19,""z"":-0.25}","{""x"":[-3.0,3.0],""y"":[-3.0,3.0],""z"":-0.25}","[{""id"":""semantic-1"",""label"":""backpack"",""shape"":""box"",""min_corner"":[-2.5,1.22,-0.53],""max_corner"":[-2.16,1.43,0.03],""size"":[0.34,0.21,0.55]},{""id"":""semantic-2"",""label"":""potted_plant"",""shape"":""box"",""min_corner"":[1.6,-2.4,-0.7],""max_corner"":[1.92,-1.99,0.2],""size"":[0.32,0.42,0.9]}]","{""person"":{""hard_margin_m"":0.65,""soft_radius_m"":1.2,""risk_weight"":8.0},""chair"":{""hard_margin_m"":0.4,""soft_radius_m"":0.55,""risk_weight"":2.0},""backpack"":{""hard_margin_m"":0.45,""soft_radius_m"":0.65,""risk_weight"":3.0},""bottle"":{""hard_margin_m"":0.4,""soft_radius_m"":0.45,""risk_weight"":2.0},""potted_plant"":{""hard_margin_m"":0.45,""soft_radius_m"":0.7,""risk_weight"":3.0},""bench"":{""hard_margin_m"":0.45,""soft_radius_m"":0.7,""risk_weight"":3.0},""stop_sign"":{""hard_margin_m"":0.5,""soft_radius_m"":0.85,""risk_weight"":5.0},""unknown"":{""hard_margin_m"":0.6,""soft_radius_m"":1.0,""risk_weight"":6.0},""default"":{""hard_margin_m"":0.45,""soft_radius_m"":0.7,""risk_weight"":3.0}}",1.476652,"[{""x"":1.68,""y"":0.93,""z"":-0.25},{""x"":2.45,""y"":2.19,""z"":-0.25}]"
95,"You are an expert semantic UAV path planner. Return sparse fixed-altitude NED waypoints that minimize path length plus semantic risk while satisfying every hard collision margin.
Mission state: the UAV is holding hover at the start position. Workspace: x=[-3.00,3.00]m, y=[-3.00,3.00]m, z=-0.25 fixed. Start: (1.97,1.74,-0.25); goal: (-1.93,-2.15,-0.25); distance=5.51m. Semantic obstacle boxes: none. Semantic policy: No semantic risk fields are active.
Constraints:
- first waypoint exactly equals start and final waypoint exactly equals goal
- return between 2 and 8 waypoints, all inside the workspace at the fixed z
- never enter a hard-margin region; prefer lower accumulated soft semantic risk
- return only the structured output requested by the response model","{""reasoning"":""Semantic Theta* selected a hard-safe any-angle route minimizing distance and label-conditioned risk."",""waypoints"":[{""x"":1.97,""y"":1.74,""z"":-0.25},{""x"":-1.93,""y"":-2.15,""z"":-0.25}]}","[{""role"":""user"",""content"":""You are an expert semantic UAV path planner. Return sparse fixed-altitude NED waypoints that minimize path length plus semantic risk while satisfying every hard collision margin.\nMission state: the UAV is holding hover at the start position. Workspace: x=[-3.00,3.00]m, y=[-3.00,3.00]m, z=-0.25 fixed. Start: (1.97,1.74,-0.25); goal: (-1.93,-2.15,-0.25); distance=5.51m. Semantic obstacle boxes: none. Semantic policy: No semantic risk fields are active.\nConstraints:\n- first waypoint exactly equals start and final waypoint exactly equals goal\n- return between 2 and 8 waypoints, all inside the workspace at the fixed z\n- never enter a hard-margin region; prefer lower accumulated soft semantic risk\n- return only the structured output requested by the response model""},{""role"":""assistant"",""content"":""{\""reasoning\"":\""Semantic Theta* selected a hard-safe any-angle route minimizing distance and label-conditioned risk.\"",\""waypoints\"":[{\""x\"":1.97,\""y\"":1.74,\""z\"":-0.25},{\""x\"":-1.93,\""y\"":-2.15,\""z\"":-0.25}]}""}]","Mission state: the UAV is holding hover at the start position. Workspace: x=[-3.00,3.00]m, y=[-3.00,3.00]m, z=-0.25 fixed. Start: (1.97,1.74,-0.25); goal: (-1.93,-2.15,-0.25); distance=5.51m. Semantic obstacle boxes: none. Semantic policy: No semantic risk fields are active.","{""x"":1.97,""y"":1.74,""z"":-0.25}","{""x"":-1.93,""y"":-2.15,""z"":-0.25}","{""x"":[-3.0,3.0],""y"":[-3.0,3.0],""z"":-0.25}",[],"{""person"":{""hard_margin_m"":0.65,""soft_radius_m"":1.2,""risk_weight"":8.0},""chair"":{""hard_margin_m"":0.4,""soft_radius_m"":0.55,""risk_weight"":2.0},""backpack"":{""hard_margin_m"":0.45,""soft_radius_m"":0.65,""risk_weight"":3.0},""bottle"":{""hard_margin_m"":0.4,""soft_radius_m"":0.45,""risk_weight"":2.0},""potted_plant"":{""hard_margin_m"":0.45,""soft_radius_m"":0.7,""risk_weight"":3.0},""bench"":{""hard_margin_m"":0.45,""soft_radius_m"":0.7,""risk_weight"":3.0},""stop_sign"":{""hard_margin_m"":0.5,""soft_radius_m"":0.85,""risk_weight"":5.0},""unknown"":{""hard_margin_m"":0.6,""soft_radius_m"":1.0,""risk_weight"":6.0},""default"":{""hard_margin_m"":0.45,""soft_radius_m"":0.7,""risk_weight"":3.0}}",5.508366,"[{""x"":1.97,""y"":1.74,""z"":-0.25},{""x"":-1.93,""y"":-2.15,""z"":-0.25}]"
96,"You are an expert semantic UAV path planner. Return sparse fixed-altitude NED waypoints that minimize path length plus semantic risk while satisfying every hard collision margin.
Mission state: the UAV is holding hover at the start position. Workspace: x=[-3.00,3.00]m, y=[-3.00,3.00]m, z=-0.25 fixed. Start: (-2.75,2.13,-0.25); goal: (1.76,1.50,-0.25); distance=4.55m. Semantic obstacle boxes: none. Semantic policy: No semantic risk fields are active.
Constraints:
- first waypoint exactly equals start and final waypoint exactly equals goal
- return between 2 and 8 waypoints, all inside the workspace at the fixed z
- never enter a hard-margin region; prefer lower accumulated soft semantic risk
- return only the structured output requested by the response model","{""reasoning"":""Semantic Theta* selected a hard-safe any-angle route minimizing distance and label-conditioned risk."",""waypoints"":[{""x"":-2.75,""y"":2.13,""z"":-0.25},{""x"":1.76,""y"":1.5,""z"":-0.25}]}","[{""role"":""user"",""content"":""You are an expert semantic UAV path planner. Return sparse fixed-altitude NED waypoints that minimize path length plus semantic risk while satisfying every hard collision margin.\nMission state: the UAV is holding hover at the start position. Workspace: x=[-3.00,3.00]m, y=[-3.00,3.00]m, z=-0.25 fixed. Start: (-2.75,2.13,-0.25); goal: (1.76,1.50,-0.25); distance=4.55m. Semantic obstacle boxes: none. Semantic policy: No semantic risk fields are active.\nConstraints:\n- first waypoint exactly equals start and final waypoint exactly equals goal\n- return between 2 and 8 waypoints, all inside the workspace at the fixed z\n- never enter a hard-margin region; prefer lower accumulated soft semantic risk\n- return only the structured output requested by the response model""},{""role"":""assistant"",""content"":""{\""reasoning\"":\""Semantic Theta* selected a hard-safe any-angle route minimizing distance and label-conditioned risk.\"",\""waypoints\"":[{\""x\"":-2.75,\""y\"":2.13,\""z\"":-0.25},{\""x\"":1.76,\""y\"":1.5,\""z\"":-0.25}]}""}]","Mission state: the UAV is holding hover at the start position. Workspace: x=[-3.00,3.00]m, y=[-3.00,3.00]m, z=-0.25 fixed. Start: (-2.75,2.13,-0.25); goal: (1.76,1.50,-0.25); distance=4.55m. Semantic obstacle boxes: none. Semantic policy: No semantic risk fields are active.","{""x"":-2.75,""y"":2.13,""z"":-0.25}","{""x"":1.76,""y"":1.5,""z"":-0.25}","{""x"":[-3.0,3.0],""y"":[-3.0,3.0],""z"":-0.25}",[],"{""person"":{""hard_margin_m"":0.65,""soft_radius_m"":1.2,""risk_weight"":8.0},""chair"":{""hard_margin_m"":0.4,""soft_radius_m"":0.55,""risk_weight"":2.0},""backpack"":{""hard_margin_m"":0.45,""soft_radius_m"":0.65,""risk_weight"":3.0},""bottle"":{""hard_margin_m"":0.4,""soft_radius_m"":0.45,""risk_weight"":2.0},""potted_plant"":{""hard_margin_m"":0.45,""soft_radius_m"":0.7,""risk_weight"":3.0},""bench"":{""hard_margin_m"":0.45,""soft_radius_m"":0.7,""risk_weight"":3.0},""stop_sign"":{""hard_margin_m"":0.5,""soft_radius_m"":0.85,""risk_weight"":5.0},""unknown"":{""hard_margin_m"":0.6,""soft_radius_m"":1.0,""risk_weight"":6.0},""default"":{""hard_margin_m"":0.45,""soft_radius_m"":0.7,""risk_weight"":3.0}}",4.55379,"[{""x"":-2.75,""y"":2.13,""z"":-0.25},{""x"":1.76,""y"":1.5,""z"":-0.25}]"
97,"You are an expert semantic UAV path planner. Return sparse fixed-altitude NED waypoints that minimize path length plus semantic risk while satisfying every hard collision margin.
Mission state: the UAV is holding hover at the start position. Workspace: x=[-3.00,3.00]m, y=[-3.00,3.00]m, z=-0.25 fixed. Start: (-2.68,-2.08,-0.25); goal: (2.72,-0.68,-0.25); distance=5.58m. Semantic obstacle boxes: 1 person: x=[0.61,0.97], y=[-1.31,-0.81]; 2 bench: x=[1.19,2.23], y=[-1.86,-1.34]. Semantic policy: bench: hard margin=0.45m, soft radius=0.70m, risk weight=3.0; person: hard margin=0.65m, soft radius=1.20m, risk weight=8.0.
Constraints:
- first waypoint exactly equals start and final waypoint exactly equals goal
- return between 2 and 8 waypoints, all inside the workspace at the fixed z
- never enter a hard-margin region; prefer lower accumulated soft semantic risk
- return only the structured output requested by the response model","{""reasoning"":""Semantic Theta* selected a hard-safe any-angle route minimizing distance and label-conditioned risk."",""waypoints"":[{""x"":-2.68,""y"":-2.08,""z"":-0.25},{""x"":2.0,""y"":-2.6,""z"":-0.25},{""x"":2.6,""y"":-2.4,""z"":-0.25},{""x"":2.8,""y"":-2.2,""z"":-0.25},{""x"":2.72,""y"":-0.68,""z"":-0.25}]}","[{""role"":""user"",""content"":""You are an expert semantic UAV path planner. Return sparse fixed-altitude NED waypoints that minimize path length plus semantic risk while satisfying every hard collision margin.\nMission state: the UAV is holding hover at the start position. Workspace: x=[-3.00,3.00]m, y=[-3.00,3.00]m, z=-0.25 fixed. Start: (-2.68,-2.08,-0.25); goal: (2.72,-0.68,-0.25); distance=5.58m. Semantic obstacle boxes: 1 person: x=[0.61,0.97], y=[-1.31,-0.81]; 2 bench: x=[1.19,2.23], y=[-1.86,-1.34]. Semantic policy: bench: hard margin=0.45m, soft radius=0.70m, risk weight=3.0; person: hard margin=0.65m, soft radius=1.20m, risk weight=8.0.\nConstraints:\n- first waypoint exactly equals start and final waypoint exactly equals goal\n- return between 2 and 8 waypoints, all inside the workspace at the fixed z\n- never enter a hard-margin region; prefer lower accumulated soft semantic risk\n- return only the structured output requested by the response model""},{""role"":""assistant"",""content"":""{\""reasoning\"":\""Semantic Theta* selected a hard-safe any-angle route minimizing distance and label-conditioned risk.\"",\""waypoints\"":[{\""x\"":-2.68,\""y\"":-2.08,\""z\"":-0.25},{\""x\"":2.0,\""y\"":-2.6,\""z\"":-0.25},{\""x\"":2.6,\""y\"":-2.4,\""z\"":-0.25},{\""x\"":2.8,\""y\"":-2.2,\""z\"":-0.25},{\""x\"":2.72,\""y\"":-0.68,\""z\"":-0.25}]}""}]","Mission state: the UAV is holding hover at the start position. Workspace: x=[-3.00,3.00]m, y=[-3.00,3.00]m, z=-0.25 fixed. Start: (-2.68,-2.08,-0.25); goal: (2.72,-0.68,-0.25); distance=5.58m. Semantic obstacle boxes: 1 person: x=[0.61,0.97], y=[-1.31,-0.81]; 2 bench: x=[1.19,2.23], y=[-1.86,-1.34]. Semantic policy: bench: hard margin=0.45m, soft radius=0.70m, risk weight=3.0; person: hard margin=0.65m, soft radius=1.20m, risk weight=8.0.","{""x"":-2.68,""y"":-2.08,""z"":-0.25}","{""x"":2.72,""y"":-0.68,""z"":-0.25}","{""x"":[-3.0,3.0],""y"":[-3.0,3.0],""z"":-0.25}","[{""id"":""semantic-1"",""label"":""person"",""shape"":""box"",""min_corner"":[0.61,-1.31,-1.1],""max_corner"":[0.97,-0.81,0.6],""size"":[0.36,0.5,1.7]},{""id"":""semantic-2"",""label"":""bench"",""shape"":""box"",""min_corner"":[1.19,-1.86,-0.6],""max_corner"":[2.23,-1.34,0.1],""size"":[1.04,0.52,0.7]}]","{""person"":{""hard_margin_m"":0.65,""soft_radius_m"":1.2,""risk_weight"":8.0},""chair"":{""hard_margin_m"":0.4,""soft_radius_m"":0.55,""risk_weight"":2.0},""backpack"":{""hard_margin_m"":0.45,""soft_radius_m"":0.65,""risk_weight"":3.0},""bottle"":{""hard_margin_m"":0.4,""soft_radius_m"":0.45,""risk_weight"":2.0},""potted_plant"":{""hard_margin_m"":0.45,""soft_radius_m"":0.7,""risk_weight"":3.0},""bench"":{""hard_margin_m"":0.45,""soft_radius_m"":0.7,""risk_weight"":3.0},""stop_sign"":{""hard_margin_m"":0.5,""soft_radius_m"":0.85,""risk_weight"":5.0},""unknown"":{""hard_margin_m"":0.6,""soft_radius_m"":1.0,""risk_weight"":6.0},""default"":{""hard_margin_m"":0.45,""soft_radius_m"":0.7,""risk_weight"":3.0}}",7.339819,"[{""x"":-2.68,""y"":-2.08,""z"":-0.25},{""x"":2.0,""y"":-2.6,""z"":-0.25},{""x"":2.6,""y"":-2.4,""z"":-0.25},{""x"":2.8,""y"":-2.2,""z"":-0.25},{""x"":2.72,""y"":-0.68,""z"":-0.25}]"
98,"You are an expert semantic UAV path planner. Return sparse fixed-altitude NED waypoints that minimize path length plus semantic risk while satisfying every hard collision margin.
Mission state: the UAV is holding hover at the start position. Workspace: x=[-3.00,3.00]m, y=[-3.00,3.00]m, z=-0.25 fixed. Start: (-1.21,-0.76,-0.25); goal: (-1.65,1.42,-0.25); distance=2.22m. Semantic obstacle boxes: none. Semantic policy: No semantic risk fields are active.
Constraints:
- first waypoint exactly equals start and final waypoint exactly equals goal
- return between 2 and 8 waypoints, all inside the workspace at the fixed z
- never enter a hard-margin region; prefer lower accumulated soft semantic risk
- return only the structured output requested by the response model","{""reasoning"":""Semantic Theta* selected a hard-safe any-angle route minimizing distance and label-conditioned risk."",""waypoints"":[{""x"":-1.21,""y"":-0.76,""z"":-0.25},{""x"":-1.65,""y"":1.42,""z"":-0.25}]}","[{""role"":""user"",""content"":""You are an expert semantic UAV path planner. Return sparse fixed-altitude NED waypoints that minimize path length plus semantic risk while satisfying every hard collision margin.\nMission state: the UAV is holding hover at the start position. Workspace: x=[-3.00,3.00]m, y=[-3.00,3.00]m, z=-0.25 fixed. Start: (-1.21,-0.76,-0.25); goal: (-1.65,1.42,-0.25); distance=2.22m. Semantic obstacle boxes: none. Semantic policy: No semantic risk fields are active.\nConstraints:\n- first waypoint exactly equals start and final waypoint exactly equals goal\n- return between 2 and 8 waypoints, all inside the workspace at the fixed z\n- never enter a hard-margin region; prefer lower accumulated soft semantic risk\n- return only the structured output requested by the response model""},{""role"":""assistant"",""content"":""{\""reasoning\"":\""Semantic Theta* selected a hard-safe any-angle route minimizing distance and label-conditioned risk.\"",\""waypoints\"":[{\""x\"":-1.21,\""y\"":-0.76,\""z\"":-0.25},{\""x\"":-1.65,\""y\"":1.42,\""z\"":-0.25}]}""}]","Mission state: the UAV is holding hover at the start position. Workspace: x=[-3.00,3.00]m, y=[-3.00,3.00]m, z=-0.25 fixed. Start: (-1.21,-0.76,-0.25); goal: (-1.65,1.42,-0.25); distance=2.22m. Semantic obstacle boxes: none. Semantic policy: No semantic risk fields are active.","{""x"":-1.21,""y"":-0.76,""z"":-0.25}","{""x"":-1.65,""y"":1.42,""z"":-0.25}","{""x"":[-3.0,3.0],""y"":[-3.0,3.0],""z"":-0.25}",[],"{""person"":{""hard_margin_m"":0.65,""soft_radius_m"":1.2,""risk_weight"":8.0},""chair"":{""hard_margin_m"":0.4,""soft_radius_m"":0.55,""risk_weight"":2.0},""backpack"":{""hard_margin_m"":0.45,""soft_radius_m"":0.65,""risk_weight"":3.0},""bottle"":{""hard_margin_m"":0.4,""soft_radius_m"":0.45,""risk_weight"":2.0},""potted_plant"":{""hard_margin_m"":0.45,""soft_radius_m"":0.7,""risk_weight"":3.0},""bench"":{""hard_margin_m"":0.45,""soft_radius_m"":0.7,""risk_weight"":3.0},""stop_sign"":{""hard_margin_m"":0.5,""soft_radius_m"":0.85,""risk_weight"":5.0},""unknown"":{""hard_margin_m"":0.6,""soft_radius_m"":1.0,""risk_weight"":6.0},""default"":{""hard_margin_m"":0.45,""soft_radius_m"":0.7,""risk_weight"":3.0}}",2.22396,"[{""x"":-1.21,""y"":-0.76,""z"":-0.25},{""x"":-1.65,""y"":1.42,""z"":-0.25}]"
99,"You are an expert semantic UAV path planner. Return sparse fixed-altitude NED waypoints that minimize path length plus semantic risk while satisfying every hard collision margin.
Mission state: the UAV is holding hover at the start position. Workspace: x=[-3.00,3.00]m, y=[-3.00,3.00]m, z=-0.25 fixed. Start: (0.12,-1.40,-0.25); goal: (-2.40,0.20,-0.25); distance=2.99m. Semantic obstacle boxes: 1 unknown: x=[0.29,0.74], y=[0.35,0.82]; 2 chair: x=[0.61,1.29], y=[2.18,2.65]; 3 chair: x=[2.24,2.95], y=[0.67,1.17]; 4 bottle: x=[-0.50,-0.38], y=[1.85,2.03]. Semantic policy: bottle: hard margin=0.40m, soft radius=0.45m, risk weight=2.0; chair: hard margin=0.40m, soft radius=0.55m, risk weight=2.0; unknown: hard margin=0.60m, soft radius=1.00m, risk weight=6.0.
Constraints:
- first waypoint exactly equals start and final waypoint exactly equals goal
- return between 2 and 8 waypoints, all inside the workspace at the fixed z
- never enter a hard-margin region; prefer lower accumulated soft semantic risk
- return only the structured output requested by the response model","{""reasoning"":""Semantic Theta* selected a hard-safe any-angle route minimizing distance and label-conditioned risk."",""waypoints"":[{""x"":0.12,""y"":-1.4,""z"":-0.25},{""x"":-2.4,""y"":0.2,""z"":-0.25}]}","[{""role"":""user"",""content"":""You are an expert semantic UAV path planner. Return sparse fixed-altitude NED waypoints that minimize path length plus semantic risk while satisfying every hard collision margin.\nMission state: the UAV is holding hover at the start position. Workspace: x=[-3.00,3.00]m, y=[-3.00,3.00]m, z=-0.25 fixed. Start: (0.12,-1.40,-0.25); goal: (-2.40,0.20,-0.25); distance=2.99m. Semantic obstacle boxes: 1 unknown: x=[0.29,0.74], y=[0.35,0.82]; 2 chair: x=[0.61,1.29], y=[2.18,2.65]; 3 chair: x=[2.24,2.95], y=[0.67,1.17]; 4 bottle: x=[-0.50,-0.38], y=[1.85,2.03]. Semantic policy: bottle: hard margin=0.40m, soft radius=0.45m, risk weight=2.0; chair: hard margin=0.40m, soft radius=0.55m, risk weight=2.0; unknown: hard margin=0.60m, soft radius=1.00m, risk weight=6.0.\nConstraints:\n- first waypoint exactly equals start and final waypoint exactly equals goal\n- return between 2 and 8 waypoints, all inside the workspace at the fixed z\n- never enter a hard-margin region; prefer lower accumulated soft semantic risk\n- return only the structured output requested by the response model""},{""role"":""assistant"",""content"":""{\""reasoning\"":\""Semantic Theta* selected a hard-safe any-angle route minimizing distance and label-conditioned risk.\"",\""waypoints\"":[{\""x\"":0.12,\""y\"":-1.4,\""z\"":-0.25},{\""x\"":-2.4,\""y\"":0.2,\""z\"":-0.25}]}""}]","Mission state: the UAV is holding hover at the start position. Workspace: x=[-3.00,3.00]m, y=[-3.00,3.00]m, z=-0.25 fixed. Start: (0.12,-1.40,-0.25); goal: (-2.40,0.20,-0.25); distance=2.99m. Semantic obstacle boxes: 1 unknown: x=[0.29,0.74], y=[0.35,0.82]; 2 chair: x=[0.61,1.29], y=[2.18,2.65]; 3 chair: x=[2.24,2.95], y=[0.67,1.17]; 4 bottle: x=[-0.50,-0.38], y=[1.85,2.03]. Semantic policy: bottle: hard margin=0.40m, soft radius=0.45m, risk weight=2.0; chair: hard margin=0.40m, soft radius=0.55m, risk weight=2.0; unknown: hard margin=0.60m, soft radius=1.00m, risk weight=6.0.","{""x"":0.12,""y"":-1.4,""z"":-0.25}","{""x"":-2.4,""y"":0.2,""z"":-0.25}","{""x"":[-3.0,3.0],""y"":[-3.0,3.0],""z"":-0.25}","[{""id"":""semantic-1"",""label"":""unknown"",""shape"":""box"",""min_corner"":[0.29,0.35,-0.75],""max_corner"":[0.74,0.82,0.25],""size"":[0.45,0.48,1.0]},{""id"":""semantic-2"",""label"":""chair"",""shape"":""box"",""min_corner"":[0.61,2.18,-0.7],""max_corner"":[1.29,2.65,0.2],""size"":[0.69,0.46,0.9]},{""id"":""semantic-3"",""label"":""chair"",""shape"":""box"",""min_corner"":[2.24,0.67,-0.7],""max_corner"":[2.95,1.17,0.2],""size"":[0.71,0.5,0.9]},{""id"":""semantic-4"",""label"":""bottle"",""shape"":""box"",""min_corner"":[-0.5,1.85,-0.42],""max_corner"":[-0.38,2.03,-0.08],""size"":[0.12,0.17,0.35]}]","{""person"":{""hard_margin_m"":0.65,""soft_radius_m"":1.2,""risk_weight"":8.0},""chair"":{""hard_margin_m"":0.4,""soft_radius_m"":0.55,""risk_weight"":2.0},""backpack"":{""hard_margin_m"":0.45,""soft_radius_m"":0.65,""risk_weight"":3.0},""bottle"":{""hard_margin_m"":0.4,""soft_radius_m"":0.45,""risk_weight"":2.0},""potted_plant"":{""hard_margin_m"":0.45,""soft_radius_m"":0.7,""risk_weight"":3.0},""bench"":{""hard_margin_m"":0.45,""soft_radius_m"":0.7,""risk_weight"":3.0},""stop_sign"":{""hard_margin_m"":0.5,""soft_radius_m"":0.85,""risk_weight"":5.0},""unknown"":{""hard_margin_m"":0.6,""soft_radius_m"":1.0,""risk_weight"":6.0},""default"":{""hard_margin_m"":0.45,""soft_radius_m"":0.7,""risk_weight"":3.0}}",2.985029,"[{""x"":0.12,""y"":-1.4,""z"":-0.25},{""x"":-2.4,""y"":0.2,""z"":-0.25}]"
